SOLPED;SOLPED_POS;SOLPED_POS_ESTADO;SOLPED_ESTADO_LIB;SOLPED_FEC_CREACION;SOLPED_FEC_LIBERACION;ALCANCE_NRO;ALCANCE_VERSION;ALCANCE_ESTADO;ALCANCE_FECHA_CREACION;ALCANCE_USUAR_APROB_1ERA;ALCANCE_FECHA_APROB_1ERA;ALCANCE_USUAR_APROB_2DA;ALCANCE_FECHA_APROB_2DA;ALCANCE_RECHAZO_USUARIO;ALCANCE_RECHAZO_FECHA;INFORME_NRO;INFORME_VERSION;INFORME_ESTADO;INFORME_FECHA_CREACION;INFORME_USUAR_APROB;INFORME_FECHA_APROB;INFORME_USUAR_RECHAZO;INFORME_FECHA_RECHAZO;PROVEEDOR;RAZON_SOCIAL;CENTRO;ODM_CLASE;ODM;ODM_ESTADO;ODM_ESQUEMA;ODM_FECHA_LIB;OPERACION_ODM;PEDIDO;PEDIDO_POS;PEDIDO_POS_ESTADO;PEDIDO_FECHA_CREACION;PEDIDO_USUAR_CREACION;PEDIDO_ESTADO_LIBERA;PEDIDO_FECHA_LIBERA_1ER;PEDIDO_FECHA_LIBERA_FIN;SUPERVISOR;COMPRADOR;COMPRADOR_NOMBRES;TIPO_COMPRA;TIPO_COMPRA_DESC;VB_GERENCIA_FECHA;HES;HES_USUAR_CREACION;HES_FECHA_CREACION;ACTA_ENTREGA_LIBERACION_01;ACTA_ENTREGA_LIBERACION_02;DocFacturaLog;Ejercicio;NroFacturaProveedor;FechaFactura;FechaContabilizacion;DocContableFI;DocPago;FechaPago;FEC_ALCANCE_APROB_FINAL;FEC_FACTURA_CONV;FEC_PAGO_CONV;DIAS_LIB_SOLPED_A_APROB_ALCANCE;DIAS_APROB_ALCANCE_A_APROB_INFORME;DIAS_APROB_INFORME_A_CREA_PEDIDO;DIAS_CREA_PEDIDO_A_LIB_FINAL_PEDIDO;DIAS_LIB_PEDIDO_A_HES;DIAS_HES_A_FACTURA;DIAS_FACTURA_A_PAGO;DIAS_TOTAL_SOLPED_A_PAGO;DIAS_CREA_PEDIDO_A_PAGO
3000000005;10;;Liberado;2026-01-03 00:00:00;2026-01-03 00:00:00;15;1;RECHAZADO;2026-01-09 00:00:00;;;;;CVELASQUEZ;2026-01-29 00:00:00;54;1;APROBADO;2026-01-27 00:00:00;WFELIPE;2026-02-06 00:00:00;;;20605437894;HYDRAULICA TECNICA MARINA S.A.C.;FL06;YA01;40012597;;;;10;7000001778;20;;2026-04-27 00:00:00;LMENDOZAH;Liberado;2026-04-30 00:00:00;2026-05-05 00:00:00;CESAR AUGUSTO VELASQUEZ;G14;GERALDINE SANCHEZ;1;Emergencia I (en operación);;13490;GGALLO;2026-06-04 00:00:00;2026-01-19 00:00:00;2026-01-21 00:00:00;5105612817;2026;01-E001-00001650;20260608;20260608;3100025087;1000026731;20260626;;2026-06-08 00:00:00;2026-06-26 00:00:00;Pendiente;Pendiente;80;8;30;4;18;174;60
3000000006;10;;Liberado;2026-01-03 00:00:00;2026-01-03 00:00:00;560;1;APROBADO;2026-02-25 00:00:00;CDELACRUZ;2026-02-26 00:00:00;DFARRO;2026-03-10 00:00:00;;;380;1;APROBADO;2026-02-25 00:00:00;CDELACRUZ;2026-02-26 00:00:00;;;20601469635;SERJES CORPORATION S.A.C.;FL16;YA01;40012599;;;;10;7000001118;10;;2026-03-25 00:00:00;LOSORIO;Liberado;2026-03-25 00:00:00;2026-03-27 00:00:00;CARLOS BERARDO DE LA CRUZ;G02;ISAAC ARCE;1;Emergencia I (en operación);;5394;GRONCAL;2026-03-30 00:00:00;2026-02-19 00:00:00;2026-02-20 00:00:00;5105606501;2026;01-E001-00000454;20260331;20260331;3100011977;1000013332;20260401;2026-03-10 00:00:00;2026-03-31 00:00:00;2026-04-01 00:00:00;66;-12;27;2;3;1;1;88;7
3000000014;10;;Liberado;2026-01-05 00:00:00;2026-01-05 00:00:00;66;1;ENVIADO;2026-01-19 00:00:00;;;;;;;18;1;RECHAZADO;2026-01-19 00:00:00;;;WYOMONA;46042;20602892108;JORLE INDUSTRIAL S.A.C.;FL11;YA01;40012656;;;;10;7000000169;10;;2026-01-30 00:00:00;ABAMONDE;Liberado;2026-01-30 00:00:00;2026-02-02 00:00:00;WILHELM YOMONA;G14;GERALDINE SANCHEZ;1;Emergencia I (en operación);;1950;GGALLO;2026-02-03 00:00:00;2026-01-16 00:00:00;2026-01-16 00:00:00;5105602287;2026;01-F002-00004065;20260206;20260217;3100004163;1000008153;20260227;;2026-02-06 00:00:00;2026-02-27 00:00:00;Pendiente;Pendiente;Pendiente;3;1;3;21;53;28
3000000014;10;;Liberado;2026-01-05 00:00:00;2026-01-05 00:00:00;66;2;APROBADO;2026-01-20 00:00:00;WYOMONA;2026-01-24 00:00:00;DFARRO;2026-01-27 00:00:00;;;18;1;RECHAZADO;2026-01-19 00:00:00;;;WYOMONA;46042;20602892108;JORLE INDUSTRIAL S.A.C.;FL11;YA01;40012656;;;;10;7000000169;10;;2026-01-30 00:00:00;ABAMONDE;Liberado;2026-01-30 00:00:00;2026-02-02 00:00:00;WILHELM YOMONA;G14;GERALDINE SANCHEZ;1;Emergencia I (en operación);;1950;GGALLO;2026-02-03 00:00:00;2026-01-16 00:00:00;2026-01-16 00:00:00;5105602287;2026;01-F002-00004065;20260206;20260217;3100004163;1000008153;20260227;2026-01-27 00:00:00;2026-02-06 00:00:00;2026-02-27 00:00:00;22;Pendiente;Pendiente;3;1;3;21;53;28
3000000015;10;;Liberado;2026-01-05 00:00:00;2026-01-05 00:00:00;75;1;APROBADO;2026-01-20 00:00:00;WMELCHOR;2026-01-29 00:00:00;DFARRO;2026-02-05 00:00:00;;;#N/A;#N/A;#N/A;#N/A;#N/A;#N/A;#N/A;#N/A;20445773485;EMPRESA DE SERVICIOS GUERRERO;FL25;YA01;40012752;;;;10;7000000489;10;;2026-02-17 00:00:00;LOSORIO;Liberado;2026-02-18 00:00:00;2026-02-18 00:00:00;WILMER NELSON MELCHOR;G10;GIORDANNO ALTAMIRA;1;Emergencia I (en operación);;2869;GGALLO;2026-02-19 00:00:00;2026-01-20 00:00:00;2026-01-21 00:00:00;5105604024;2026;01-FV01-00000034;20260223;20260310;3100007546;1000010579;20260314;2026-02-05 00:00:00;2026-02-23 00:00:00;2026-03-14 00:00:00;31;Pendiente;Pendiente;1;1;4;19;68;25
3000000025;10;;Sin liberar;2026-01-06 00:00:00;2026-01-06 00:00:00;31;1;APROBADO;2026-01-13 00:00:00;RBLONDET;2026-01-14 00:00:00;RBLONDET;2026-01-14 00:00:00;;;658;1;APROBADO;2026-03-18 00:00:00;JLIZARBE;2026-03-20 00:00:00;;;20602847790;CONSERMEC E.I.R.L.;AG08;YA02;40012881;;;;10;7000000075;10;;2026-01-22 00:00:00;LOSORIO;Liberado;2026-01-26 00:00:00;2026-01-27 00:00:00;;G02;ISAAC ARCE;1;Emergencia I (en operación);;4605;INTEGRA_AP;2026-03-20 00:00:00;;;5105605659;2026;01-E001-00000513;20260320;20260325;3100010702;1000012577;20260327;2026-01-14 00:00:00;2026-03-20 00:00:00;2026-03-27 00:00:00;8;65;-57;5;52;0;7;80;64
3000000026;10;;Liberado;2026-01-06 00:00:00;2026-01-06 00:00:00;554;1;APROBADO;2026-02-25 00:00:00;WYOMONA;2026-02-25 00:00:00;DFARRO;2026-02-26 00:00:00;;;20;1;APROBADO;2026-01-21 00:00:00;WFELIPE;2026-02-06 00:00:00;;;20445526127;SERVICIOS INDUSTRIALES HALAVISI S.A;FL18;YA01;40012666;;;;10;7000000840;30;;2026-03-09 00:00:00;LOSORIO;Liberado;2026-03-10 00:00:00;2026-03-11 00:00:00;WILHELM YOMONA;G12;RENZO CÁCERES;1;Emergencia I (en operación);;3909;GRONCAL;2026-03-12 00:00:00;2026-02-11 00:00:00;2026-02-11 00:00:00;5105605141;2026;01-E001-00001939;20260312;20260319;3100009610;1000022569;20260531;2026-02-26 00:00:00;2026-03-12 00:00:00;2026-05-31 00:00:00;51;-20;31;2;1;0;80;145;83
3000000029;10;;Liberado;2026-01-06 00:00:00;2026-01-06 00:00:00;127;1;APROBADO;2026-01-23 00:00:00;CVELASQUEZ;2026-02-05 00:00:00;DFARRO;2026-02-05 00:00:00;;;139;1;APROBADO;2026-02-02 00:00:00;CVELASQUEZ;2026-02-05 00:00:00;;;20445526127;SERVICIOS INDUSTRIALES HALAVISI S.A;FL23;YA01;40012921;;;;20;7000000512;10;;2026-02-18 00:00:00;LOSORIO;Liberado;2026-02-19 00:00:00;2026-02-21 00:00:00;CESAR AUGUSTO VELASQUEZ;G14;GERALDINE SANCHEZ;1;Emergencia I (en operación);;3903;GRONCAL;2026-03-12 00:00:00;2026-01-26 00:00:00;2026-01-28 00:00:00;5105605140;2026;01-E001-00001938;20260312;20260319;3100009608;1000022569;20260531;2026-02-05 00:00:00;2026-03-12 00:00:00;2026-05-31 00:00:00;30;0;13;3;19;0;80;145;102
3000000054;10;;Liberado;2026-01-07 00:00:00;2026-01-07 00:00:00;252;1;APROBADO;2026-01-30 00:00:00;CDELACRUZ;2026-01-31 00:00:00;DFARRO;2026-02-05 00:00:00;;;102;1;APROBADO;2026-01-30 00:00:00;CDELACRUZ;2026-01-31 00:00:00;;;20607753459;RPP TEC S.A.C.;FL24;YA01;40013003;;;;10;7000000373;50;;2026-02-10 00:00:00;ABAMONDE;Liberado;2026-02-11 00:00:00;2026-02-12 00:00:00;CARLOS BERARDO DE LA CRUZ;G14;GERALDINE SANCHEZ;1;Emergencia I (en operación);;3515;GGALLO;2026-03-04 00:00:00;2026-01-29 00:00:00;2026-01-29 00:00:00;5105604716;2026;01-E001-00000351;20260306;20260317;3100008826;1000011446;20260322;2026-02-05 00:00:00;2026-03-06 00:00:00;2026-03-22 00:00:00;29;-5;10;2;20;2;16;74;40
3000000058;10;;Liberado;2026-01-07 00:00:00;2026-01-07 00:00:00;558;1;APROBADO;2026-02-25 00:00:00;WMELCHOR;2026-02-25 00:00:00;DFARRO;2026-02-26 00:00:00;;;376;1;APROBADO;2026-02-25 00:00:00;WYOMONA;2026-02-25 00:00:00;;;20601469635;SERJES CORPORATION S.A.C.;FL25;YA01;40012746;;;;10;7000000822;10;;2026-03-06 00:00:00;LOSORIO;Liberado;2026-03-09 00:00:00;2026-03-10 00:00:00;WILMER NELSON MELCHOR;G02;ISAAC ARCE;1;Emergencia I (en operación);;3940;GRONCAL;2026-03-12 00:00:00;2026-01-23 00:00:00;2026-01-23 00:00:00;5105604984;2026;01-E001-00000452;20260313;20260318;3100009358;1000011452;20260322;2026-02-26 00:00:00;2026-03-13 00:00:00;2026-03-22 00:00:00;50;-1;9;4;2;1;9;74;16
3000000075;10;;Liberado;2026-01-08 00:00:00;2026-01-08 00:00:00;384;1;APROBADO;2026-02-10 00:00:00;JSALINAS;2026-02-10 00:00:00;DFARRO;2026-02-25 00:00:00;;;312;1;APROBADO;2026-02-18 00:00:00;JSALINAS;2026-02-19 00:00:00;;;20457230118;REFRINS SERVICE S.R.L.;FL24;YA01;40013039;;;;10;7000000865;10;;2026-03-11 00:00:00;LOSORIO;Liberado;2026-03-11 00:00:00;2026-03-12 00:00:00;CARLOS BERARDO DE LA CRUZ;G01;JOSÉ BAZÁN;1;Emergencia I (en operación);;4073;GRONCAL;2026-03-13 00:00:00;2026-02-06 00:00:00;2026-02-09 00:00:00;5105605417;2026;01-E001-00001604;20260318;20260323;3100010013;1000012615;20260327;2026-02-25 00:00:00;2026-03-18 00:00:00;2026-03-27 00:00:00;48;-6;20;1;1;5;9;78;16
3000000121;10;;Liberado;2026-01-08 00:00:00;2026-01-08 00:00:00;1721;1;APROBADO;2026-05-12 00:00:00;CDELACRUZ;2026-05-13 00:00:00;DFARRO;2026-05-19 00:00:00;;;2211;1;APROBADO;2026-05-13 00:00:00;CDELACRUZ;2026-05-13 00:00:00;;;20602226400;M TEMOCHE S.A.C.;FL16;YA01;40013069;;;;10;7000002537;10;;2026-06-05 00:00:00;LMENDOZAH;Liberado;2026-06-05 00:00:00;2026-06-09 00:00:00;CARLOS BERARDO DE LA CRUZ;G02;ISAAC ARCE;1;Emergencia I (en operación);;13691;INTEGRA_AP;2026-06-09 00:00:00;2026-04-22 00:00:00;2026-04-24 00:00:00;5105613147;2026;01-E001-00000873;20260612;20260615;3100025680;1000026047;20260619;2026-05-19 00:00:00;2026-06-12 00:00:00;2026-06-19 00:00:00;131;-6;23;4;0;3;7;162;14
3000000124;10;;Liberado;2026-01-09 00:00:00;2026-01-09 00:00:00;48;1;APROBADO;2026-01-15 00:00:00;WRODRIGUEZS;2026-01-17 00:00:00;WRODRIGUEZS;2026-01-17 00:00:00;;;198;1;APROBADO;2026-02-05 00:00:00;JGONZALESD;2026-03-23 00:00:00;;;20541755234;FACTORIA ALVARADO S.A.C.;AG04;YA01;40013021;;;;30;7000000157;10;;2026-01-29 00:00:00;LOSORIO;Liberado;2026-01-30 00:00:00;2026-02-02 00:00:00;KLEBER GUSTAVO SILVA;G12;RENZO CÁCERES;1;Emergencia I (en operación);;3092;INTEGRA_AP;2026-02-24 00:00:00;;;5105604429;2026;01-E001-00001815;20260226;20260312;3100008309;1000011426;20260322;2026-01-17 00:00:00;2026-02-26 00:00:00;2026-03-22 00:00:00;8;65;-53;4;22;2;24;72;52
3000000129;10;;Liberado;2026-01-09 00:00:00;2026-01-09 00:00:00;67;1;APROBADO;2026-01-19 00:00:00;AALMEYDA;2026-01-19 00:00:00;AALMEYDA;2026-01-19 00:00:00;;;190;1;APROBADO;2026-02-03 00:00:00;VCARBALLIDO;2026-02-10 00:00:00;;;20455363277;CONFIABILIDAD SOCIEDAD ANONIMA CERR;AG06;YA01;40011245;;;;10;7000000111;10;;2026-01-27 00:00:00;ABAMONDE;Liberado;2026-01-29 00:00:00;2026-01-30 00:00:00;JORGE ARMANDO MOYA;G02;ISAAC ARCE;1;Emergencia I (en operación);;2348;INTEGRA_AP;2026-02-10 00:00:00;;;5105603467;2026;01-E001-00001152;20260212;20260305;3100006507;1000009275;20260306;2026-01-19 00:00:00;2026-02-12 00:00:00;2026-03-06 00:00:00;10;22;-14;3;11;2;22;56;38
3000000130;10;;Liberado;2026-01-09 00:00:00;2026-01-09 00:00:00;68;1;APROBADO;2026-01-19 00:00:00;AALMEYDA;2026-01-19 00:00:00;AALMEYDA;2026-01-19 00:00:00;;;208;1;APROBADO;2026-02-06 00:00:00;JHUANCA;2026-02-10 00:00:00;;;20609690136;AREZA CONTRATISTAS S.A.C.;AG06;YA03;40011258;;;;10;7000000123;10;;2026-01-28 00:00:00;ABAMONDE;Liberado;2026-01-29 00:00:00;2026-01-30 00:00:00;JORGE ARMANDO MOYA;G02;ISAAC ARCE;1;Emergencia I (en operación);;2343;INTEGRA_AP;2026-02-10 00:00:00;;;5105602677;2026;01-E001-00000177;20260210;20260224;3100004742;1000008184;20260227;2026-01-19 00:00:00;2026-02-10 00:00:00;2026-02-27 00:00:00;10;22;-13;2;11;0;17;49;30
3000000136;10;;Liberado;2026-01-09 00:00:00;2026-01-09 00:00:00;76;1;APROBADO;2026-01-20 00:00:00;AALMEYDA;2026-01-20 00:00:00;AALMEYDA;2026-01-20 00:00:00;;;429;1;APROBADO;2026-03-04 00:00:00;JVILLA;2026-03-12 00:00:00;;;20520794469;AMB INGENIERIA Y PROYECTOS SAC;AG06;YA01;40012558;;;;10;7000000107;10;;2026-01-27 00:00:00;ABAMONDE;Liberado;2026-01-28 00:00:00;2026-01-29 00:00:00;JORGE ARMANDO MOYA;G14;GERALDINE SANCHEZ;1;Emergencia I (en operación);;3886;INTEGRA_AP;2026-03-12 00:00:00;;;5105606274;2026;01-FFB1-00000855;20260318;20260330;3100011632;1000014805;20260410;2026-01-20 00:00:00;2026-03-18 00:00:00;2026-04-10 00:00:00;11;51;-44;2;42;6;23;91;73
3000000138;10;;Sin liberar;2026-01-09 00:00:00;2026-01-09 00:00:00;148;1;APROBADO;2026-01-25 00:00:00;RBLONDET;2026-01-26 00:00:00;RBLONDET;2026-01-26 00:00:00;;;971;1;APROBADO;2026-04-07 00:00:00;JLIZARBE;2026-04-07 00:00:00;;;20602847790;CONSERMEC E.I.R.L.;AG08;YA01;40013135;;;;10;7000001293;10;;2026-04-01 00:00:00;IARCE;Liberado;2026-04-01 00:00:00;2026-04-05 00:00:00;;G02;ISAAC ARCE;1;Emergencia I (en operación);;5804;JLIZARBE;2026-04-07 00:00:00;;;5105607785;2026;01-E001-00000526;20260410;20260414;3100014502;1000017867;20260429;2026-01-26 00:00:00;2026-04-10 00:00:00;2026-04-29 00:00:00;17;71;-6;4;2;3;19;110;28
3000000140;10;;Liberado;2026-01-09 00:00:00;2026-01-09 00:00:00;37;1;RECHAZADO;2026-01-13 00:00:00;;;;;WRODRIGUEZS;2026-01-14 00:00:00;112;1;APROBADO;2026-01-31 00:00:00;MVELASQUEZ;2026-02-17 00:00:00;;;20526110758;FABRICACIONES Y MONTAJES DARSOT S.R;AG04;YA01;40013126;;;;10;7000000104;30;;2026-01-27 00:00:00;ABAMONDE;Liberado;2026-01-29 00:00:00;2026-01-30 00:00:00;JORGE BACILIO CHAVEZ;G02;ISAAC ARCE;1;Emergencia I (en operación);;2768;INTEGRA_AP;2026-02-17 00:00:00;;;5105605632;2026;01-E001-00001267;20260323;20260325;3100010572;1000012617;20260327;;2026-03-23 00:00:00;2026-03-27 00:00:00;Pendiente;Pendiente;-21;3;18;34;4;77;59
3000000140;10;;Liberado;2026-01-09 00:00:00;2026-01-09 00:00:00;37;2;APROBADO;2026-01-15 00:00:00;WRODRIGUEZS;2026-01-17 00:00:00;WRODRIGUEZS;2026-01-17 00:00:00;;;112;1;APROBADO;2026-01-31 00:00:00;MVELASQUEZ;2026-02-17 00:00:00;;;20526110758;FABRICACIONES Y MONTAJES DARSOT S.R;AG04;YA01;40013126;;;;10;7000000104;30;;2026-01-27 00:00:00;ABAMONDE;Liberado;2026-01-29 00:00:00;2026-01-30 00:00:00;JORGE BACILIO CHAVEZ;G02;ISAAC ARCE;1;Emergencia I (en operación);;2768;INTEGRA_AP;2026-02-17 00:00:00;;;5105605632;2026;01-E001-00001267;20260323;20260325;3100010572;1000012617;20260327;2026-01-17 00:00:00;2026-03-23 00:00:00;2026-03-27 00:00:00;8;31;-21;3;18;34;4;77;59
3000000145;10;;Liberado;2026-01-09 00:00:00;2026-01-09 00:00:00;155;1;APROBADO;2026-01-25 00:00:00;CDELACRUZ;2026-01-31 00:00:00;DFARRO;2026-02-05 00:00:00;;;35;1;APROBADO;2026-01-25 00:00:00;CDELACRUZ;2026-01-31 00:00:00;;;20445409911;REPARACIONES Y SERVICIOS NAVALES CH;FL04;YA01;40012675;;;;10;7000000372;10;;2026-02-10 00:00:00;ABAMONDE;Liberado;2026-02-10 00:00:00;2026-02-12 00:00:00;CARLOS BERARDO DE LA CRUZ;G14;GERALDINE SANCHEZ;1;Emergencia I (en operación);;2850;GGALLO;2026-02-19 00:00:00;2026-01-22 00:00:00;2026-01-24 00:00:00;5105603075;2026;01-E001-00001404;20260226;20260228;3100005798;1000011127;20260318;2026-02-05 00:00:00;2026-02-26 00:00:00;2026-03-18 00:00:00;27;-5;10;2;7;7;20;68;36
3000000152;10;;Liberado;2026-01-09 00:00:00;2026-01-09 00:00:00;311;1;APROBADO;2026-02-03 00:00:00;WMELCHOR;2026-02-04 00:00:00;DFARRO;2026-02-05 00:00:00;;;189;1;APROBADO;2026-02-03 00:00:00;WMELCHOR;2026-02-04 00:00:00;;;20541732960;SERVICIOS NAVALES PAREDES E.I.R.L.;FL21;YA01;40013145;;;;20;7000000378;10;;2026-02-10 00:00:00;ABAMONDE;Liberado;2026-02-11 00:00:00;2026-02-11 00:00:00;WILMER NELSON MELCHOR;G02;ISAAC ARCE;1;Emergencia I (en operación);;2870;GGALLO;2026-02-19 00:00:00;2026-01-28 00:00:00;2026-01-29 00:00:00;5105604863;2026;01-E001-00000620;20260304;20260317;3100009144;1000011453;20260322;2026-02-05 00:00:00;2026-03-04 00:00:00;2026-03-22 00:00:00;27;-1;6;1;8;13;18;72;40
3000000154;10;;Liberado;2026-01-10 00:00:00;2026-01-10 00:00:00;129;1;APROBADO;2026-01-23 00:00:00;WMELCHOR;2026-02-03 00:00:00;DFARRO;2026-02-05 00:00:00;;;143;1;APROBADO;2026-02-02 00:00:00;CDELACRUZ;2026-02-04 00:00:00;;;20445526127;SERVICIOS INDUSTRIALES HALAVISI S.A;FL22;YA01;40013119;;;;10;7000000387;30;;2026-02-10 00:00:00;LOSORIO;Liberado;2026-02-11 00:00:00;2026-02-12 00:00:00;WILMER NELSON MELCHOR;G12;RENZO CÁCERES;1;Emergencia I (en operación);;2852;GGALLO;2026-02-19 00:00:00;2026-01-21 00:00:00;2026-01-21 00:00:00;5105602769;2026;01-E001-00001921;20260218;20260226;3100005033;1000010119;20260311;2026-02-05 00:00:00;2026-02-18 00:00:00;2026-03-11 00:00:00;26;-1;6;2;7;-1;21;60;29
3000000155;10;;Liberado;2026-01-10 00:00:00;2026-01-10 00:00:00;478;1;APROBADO;2026-02-18 00:00:00;JSALINAS;2026-02-19 00:00:00;DFARRO;2026-02-25 00:00:00;;;312;1;APROBADO;2026-02-18 00:00:00;JSALINAS;2026-02-19 00:00:00;;;20457230118;REFRINS SERVICE S.R.L.;FL24;YA01;40013185;;;;10;7000000865;20;;2026-03-11 00:00:00;LOSORIO;Liberado;2026-03-11 00:00:00;2026-03-12 00:00:00;CARLOS BERARDO DE LA CRUZ;G01;JOSÉ BAZÁN;1;Emergencia I (en operación);;4073;GRONCAL;2026-03-13 00:00:00;2026-02-06 00:00:00;2026-02-09 00:00:00;5105605417;2026;01-E001-00001604;20260318;20260323;3100010013;1000012615;20260327;2026-02-25 00:00:00;2026-03-18 00:00:00;2026-03-27 00:00:00;46;-6;20;1;1;5;9;76;16
3000000158;10;;Liberado;2026-01-10 00:00:00;2026-01-10 00:00:00;703;1;APROBADO;2026-03-05 00:00:00;WYOMONA;2026-03-05 00:00:00;DFARRO;2026-03-10 00:00:00;;;461;1;APROBADO;2026-03-05 00:00:00;WYOMONA;2026-03-05 00:00:00;;;20514598224;ROBINSON MARINE ELECTRONICS S.R.L.;FL09;YA01;40013155;;;;10;7000001132;10;;2026-03-25 00:00:00;LOSORIO;Liberado;2026-03-25 00:00:00;2026-03-26 00:00:00;WILHELM YOMONA;G10;GIORDANNO ALTAMIRA;1;Emergencia I (en operación);;5269;GRONCAL;2026-03-30 00:00:00;2026-02-22 00:00:00;2026-02-23 00:00:00;5105607966;2026;01-F001-00003219;20260408;20260415;3100014891;1000020647;20260515;2026-03-10 00:00:00;2026-04-08 00:00:00;2026-05-15 00:00:00;59;-5;20;1;4;9;37;125;51
3000000159;10;;Liberado;2026-01-10 00:00:00;2026-01-10 00:00:00;145;1;APROBADO;2026-01-24 00:00:00;RBLONDET;2026-01-26 00:00:00;RBLONDET;2026-01-26 00:00:00;;;366;1;APROBADO;2026-02-25 00:00:00;MASTRE;2026-03-04 00:00:00;;;20481872341;J & M TECNOLOGIA FRIGORIFICA S.A.C.;AG08;YA01;40011314;;;;10;7000000680;10;;2026-02-27 00:00:00;LOSORIO;Liberado;2026-03-02 00:00:00;2026-03-02 00:00:00;MARCO ANTONIO ASTRE;G08;MADELINE FALCÓN;1;Emergencia I (en operación);;3542;INTEGRA_AP;2026-03-04 00:00:00;;;5105606287;2026;01-F001-00001413;20260318;20260330;3100011645;1000013283;20260405;2026-01-26 00:00:00;2026-03-18 00:00:00;2026-04-05 00:00:00;16;37;-5;3;2;14;18;85;37
3000000160;10;;Liberado;2026-01-10 00:00:00;2026-01-10 00:00:00;26;1;APROBADO;2026-01-12 00:00:00;RBLONDET;2026-01-14 00:00:00;RBLONDET;2026-01-14 00:00:00;;;577;1;APROBADO;2026-03-11 00:00:00;JLIZARBE;2026-03-12 00:00:00;;;20533194916;SERVICIOS GENERALES WOLF E.I.R.L.;AG08;YA01;40013192;;;;10;7000000765;60;;2026-03-04 00:00:00;LOSORIO;Liberado;2026-03-04 00:00:00;2026-03-05 00:00:00;JESUS ANGEL LIZARBE;G02;ISAAC ARCE;1;Emergencia I (en operación);;3880;INTEGRA_AP;2026-03-12 00:00:00;;;5105605578;2026;01-E001-00000906;20260312;20260324;3100010275;1000012323;20260329;2026-01-14 00:00:00;2026-03-12 00:00:00;2026-03-29 00:00:00;4;57;-8;1;7;0;17;78;25
3000000163;10;;Liberado;2026-01-10 00:00:00;2026-01-10 00:00:00;336;1;APROBADO;2026-02-06 00:00:00;CDELACRUZ;2026-02-10 00:00:00;DFARRO;2026-02-26 00:00:00;;;273;1;APROBADO;2026-02-13 00:00:00;WYOMONA;2026-02-17 00:00:00;;;20602892108;JORLE INDUSTRIAL S.A.C.;FL04;YA01;40013199;;;;10;7000000922;30;;2026-03-13 00:00:00;LOSORIO;Liberado;2026-03-16 00:00:00;2026-03-16 00:00:00;CARLOS BERARDO DE LA CRUZ;G14;GERALDINE SANCHEZ;1;Emergencia I (en operación);;4394;GRONCAL;2026-03-17 00:00:00;2026-01-22 00:00:00;2026-01-24 00:00:00;5105605489;2026;01-F002-00004197;20260319;20260324;3100010186;1000015974;20260420;2026-02-26 00:00:00;2026-03-19 00:00:00;2026-04-20 00:00:00;47;-9;24;3;1;2;32;100;38
3000000170;10;;Liberado;2026-01-10 00:00:00;2026-01-10 00:00:00;174;1;RECHAZADO;2026-01-26 00:00:00;;;;;WYOMONA;2026-02-06 00:00:00;207;1;RECHAZADO;2026-02-05 00:00:00;;;WYOMONA;46059;20541755234;FACTORIA ALVARADO S.A.C.;FL18;YA01;40013223;;;;20;7000000904;10;;2026-03-12 00:00:00;LOSORIO;Liberado;2026-03-13 00:00:00;2026-03-14 00:00:00;WILHELM YOMONA;G02;ISAAC ARCE;1;Emergencia I (en operación);;4384;GRONCAL;2026-03-17 00:00:00;2026-01-27 00:00:00;2026-01-27 00:00:00;5105606277;2026;01-E001-00001823;20260318;20260330;3100011635;1000014789;20260410;;2026-03-18 00:00:00;2026-04-10 00:00:00;Pendiente;Pendiente;Pendiente;2;3;1;23;90;29
3000000170;10;;Liberado;2026-01-10 00:00:00;2026-01-10 00:00:00;174;2;APROBADO;2026-02-06 00:00:00;WYOMONA;2026-02-11 00:00:00;DFARRO;2026-02-25 00:00:00;;;207;1;RECHAZADO;2026-02-05 00:00:00;;;WYOMONA;46059;20541755234;FACTORIA ALVARADO S.A.C.;FL18;YA01;40013223;;;;20;7000000904;10;;2026-03-12 00:00:00;LOSORIO;Liberado;2026-03-13 00:00:00;2026-03-14 00:00:00;WILHELM YOMONA;G02;ISAAC ARCE;1;Emergencia I (en operación);;4384;GRONCAL;2026-03-17 00:00:00;2026-01-27 00:00:00;2026-01-27 00:00:00;5105606277;2026;01-E001-00001823;20260318;20260330;3100011635;1000014789;20260410;2026-02-25 00:00:00;2026-03-18 00:00:00;2026-04-10 00:00:00;46;Pendiente;Pendiente;2;3;1;23;90;29
3000000181;10;;Liberado;2026-01-10 00:00:00;2026-01-10 00:00:00;947;1;APROBADO;2026-03-20 00:00:00;JCUSTODIO;2026-03-30 00:00:00;WMELCHOR;2026-03-30 00:00:00;;;2208;1;APROBADO;2026-05-13 00:00:00;WMELCHOR;2026-05-16 00:00:00;;;20602226400;M TEMOCHE S.A.C.;FL13;YA02;40013207;;;;30;7000001279;30;;2026-04-01 00:00:00;LOSORIO;Liberado;2026-04-01 00:00:00;2026-04-06 00:00:00;WILMER NELSON MELCHOR;G02;ISAAC ARCE;14;Emergencia III (Veda);;6144;GRONCAL;2026-04-11 00:00:00;2026-04-19 00:00:00;2026-04-22 00:00:00;5105611659;2026;01-E001-00000858;20260522;20260526;3100022868;1000022535;20260529;2026-03-30 00:00:00;2026-05-22 00:00:00;2026-05-29 00:00:00;79;47;-45;5;5;41;7;139;58
3000000183;10;;Liberado;2026-01-10 00:00:00;2026-01-10 00:00:00;946;1;APROBADO;2026-03-20 00:00:00;JCUSTODIO;2026-03-30 00:00:00;WMELCHOR;2026-03-30 00:00:00;;;2208;1;APROBADO;2026-05-13 00:00:00;WMELCHOR;2026-05-16 00:00:00;;;20602226400;M TEMOCHE S.A.C.;FL13;YA02;40013209;;;;30;7000001279;40;;2026-04-01 00:00:00;LOSORIO;Liberado;2026-04-01 00:00:00;2026-04-06 00:00:00;WILMER NELSON MELCHOR;G02;ISAAC ARCE;14;Emergencia III (Veda);;6144;GRONCAL;2026-04-11 00:00:00;2026-04-19 00:00:00;2026-04-22 00:00:00;5105611659;2026;01-E001-00000858;20260522;20260526;3100022868;1000022535;20260529;2026-03-30 00:00:00;2026-05-22 00:00:00;2026-05-29 00:00:00;79;47;-45;5;5;41;7;139;58
3000000185;10;;Liberado;2026-01-11 00:00:00;2026-01-11 00:00:00;1267;1;APROBADO;2026-04-14 00:00:00;WRODRIGUEZS;2026-04-20 00:00:00;WRODRIGUEZS;2026-04-20 00:00:00;;;1962;1;APROBADO;2026-05-04 00:00:00;MVELASQUEZ;2026-05-04 00:00:00;;;20511762431;INGENIERIA, FABRICACION Y MONTAJE;AG04;YA01;40013230;;;;10;7000001898;20;;2026-04-30 00:00:00;LMENDOZAH;Liberado;2026-05-01 00:00:00;2026-05-04 00:00:00;JOE LUIS GONZALES;G02;ISAAC ARCE;1;Emergencia I (en operación);;11469;INTEGRA_AP;2026-05-05 00:00:00;;;5105610114;2026;01-E001-00000879;20260505;20260507;3100019054;1000019810;20260513;2026-04-20 00:00:00;2026-05-05 00:00:00;2026-05-13 00:00:00;99;14;-4;4;1;0;8;122;13
3000000217;10;;Liberado;2026-01-11 00:00:00;2026-01-11 00:00:00;379;1;APROBADO;2026-02-10 00:00:00;LSANCHEZB;2026-02-20 00:00:00;JSALINAS;2026-03-11 00:00:00;;;1079;1;APROBADO;2026-04-13 00:00:00;JSALINAS;2026-04-13 00:00:00;;;20100415543;INGENIERIA DE SISTEMAS DE FLUIDOS S;FL11;YA04;50000095;;;;10;7000000461;10;;2026-02-16 00:00:00;IARCE;Liberado;2026-02-16 00:00:00;2026-02-16 00:00:00;JUAN CARLOS SALINAS;G01;JOSÉ BAZÁN;14;Emergencia III (Veda);;6262;INTEGRA_AP;2026-04-13 00:00:00;2026-03-11 00:00:00;2026-03-12 00:00:00;5105608036;2026;01-F001-00001796;20260416;20260416;3100014966;1000015688;20260416;2026-03-11 00:00:00;2026-04-16 00:00:00;2026-04-16 00:00:00;59;33;-56;0;56;3;0;95;59
3000000258;10;;Liberado;2026-01-11 00:00:00;2026-01-11 00:00:00;113;1;APROBADO;2026-01-22 00:00:00;WRODRIGUEZS;2026-01-23 00:00:00;WRODRIGUEZS;2026-01-23 00:00:00;;;23;1;APROBADO;2026-01-22 00:00:00;KSILVA;2026-03-02 00:00:00;;;20282601487;TALLER MECANICA ELECTRODO E.I.R.L.;AG04;YA01;40013258;;;;10;7000000163;10;;2026-01-29 00:00:00;ABAMONDE;Liberado;2026-01-29 00:00:00;2026-01-30 00:00:00;KLEBER GUSTAVO SILVA;G02;ISAAC ARCE;1;Emergencia I (en operación);;3406;INTEGRA_AP;2026-03-03 00:00:00;;;5105604637;2026;01-E001-00000941;20260309;20260316;3100008646;1000011526;20260322;2026-01-23 00:00:00;2026-03-09 00:00:00;2026-03-22 00:00:00;12;38;-32;1;32;6;13;70;52
3000000259;10;;Liberado;2026-01-11 00:00:00;2026-01-11 00:00:00;46;1;APROBADO;2026-01-14 00:00:00;RBLONDET;2026-01-15 00:00:00;RBLONDET;2026-01-15 00:00:00;;;416;1;APROBADO;2026-03-02 00:00:00;MASTRE;2026-03-04 00:00:00;;;20601957354;SERVICIOS DE INGENIERIA ELECTROMECA;AG08;YA01;40013272;;;;10;7000001317;10;;2026-04-05 00:00:00;IARCE;Liberado;2026-04-05 00:00:00;2026-04-06 00:00:00;JESUS ANGEL LIZARBE;G08;MADELINE FALCÓN;1;Emergencia I (en operación);;13230;JLIZARBE;2026-05-27 00:00:00;;;5105612312;2026;01-E001-00000394;20260528;20260530;3100023840;1000023795;20260605;2026-01-15 00:00:00;2026-05-28 00:00:00;2026-06-05 00:00:00;4;48;32;1;51;1;8;145;61
3000000261;10;;Liberado;2026-01-11 00:00:00;2026-01-11 00:00:00;1560;1;APROBADO;2026-04-30 00:00:00;WFELIPE;2026-05-23 00:00:00;DFARRO;2026-05-30 00:00:00;;;2553;1;APROBADO;2026-05-23 00:00:00;JSALINAS;2026-05-26 00:00:00;;;20457230118;REFRINS SERVICE S.R.L.;FL08;YA01;40012683;;;;10;7000002649;10;;2026-06-12 00:00:00;LMENDOZAH;Liberado;2026-06-12 00:00:00;2026-06-15 00:00:00;WALTER SULLIVAN FELIPE;G01;JOSÉ BAZÁN;1;Emergencia I (en operación);;14032;INTEGRA_AP;2026-06-16 00:00:00;2026-04-29 00:00:00;2026-04-30 00:00:00;5105613651;2026;01-E001-00001679;20260622;20260623;3100026778;1000027650;20260703;2026-05-30 00:00:00;2026-06-22 00:00:00;2026-07-03 00:00:00;139;-4;17;3;1;6;11;173;21
3000000262;10;;Liberado;2026-01-11 00:00:00;2026-01-11 00:00:00;302;1;APROBADO;2026-02-03 00:00:00;CVELASQUEZ;2026-02-05 00:00:00;DFARRO;2026-02-05 00:00:00;;;182;1;APROBADO;2026-02-03 00:00:00;CVELASQUEZ;2026-02-05 00:00:00;;;20551745989;J.O. ALEXIN E.I.R.L.;FL06;YA01;40012677;;;;10;7000000356;20;;2026-02-09 00:00:00;ABAMONDE;Liberado;2026-02-10 00:00:00;2026-02-11 00:00:00;CESAR AUGUSTO VELASQUEZ;G12;RENZO CÁCERES;1;Emergencia I (en operación);;2831;GGALLO;2026-02-19 00:00:00;2026-01-22 00:00:00;2026-01-22 00:00:00;5105602591;2026;01-E001-00001075;20260220;20260223;3100004620;1000007667;20260224;2026-02-05 00:00:00;2026-02-20 00:00:00;2026-02-24 00:00:00;25;0;4;2;8;1;4;44;15
3000000263;10;;Liberado;2026-01-11 00:00:00;2026-01-11 00:00:00;717;1;APROBADO;2026-03-06 00:00:00;CVELASQUEZ;2026-03-17 00:00:00;DFARRO;2026-03-22 00:00:00;;;653;1;APROBADO;2026-03-18 00:00:00;CDELACRUZ;2026-03-19 00:00:00;;;20509239089;RESET - ELECTRONICA Y SISTEMAS S.R.;FL06;YA01;40012678;;;;10;7000001231;20;;2026-03-30 00:00:00;GALTAMIRANO;Liberado;2026-04-06 00:00:00;2026-04-07 00:00:00;CESAR AUGUSTO VELASQUEZ;G10;GIORDANNO ALTAMIRA;1;Emergencia I (en operación);;6103;GRONCAL;2026-04-11 00:00:00;2026-02-25 00:00:00;2026-02-26 00:00:00;5105608441;2026;01-F001-00007855;20260416;20260421;3100016029;1000021955;20260522;2026-03-22 00:00:00;2026-04-16 00:00:00;2026-05-22 00:00:00;70;-3;11;8;4;5;36;131;53
3000000263;10;;Liberado;2026-01-11 00:00:00;2026-01-11 00:00:00;717;1;APROBADO;2026-03-06 00:00:00;CVELASQUEZ;2026-03-17 00:00:00;DFARRO;2026-03-22 00:00:00;;;653;1;APROBADO;2026-03-18 00:00:00;CDELACRUZ;2026-03-19 00:00:00;;;20509239089;RESET - ELECTRONICA Y SISTEMAS S.R.;FL06;YA01;40012678;;;;10;7000001231;20;;2026-03-30 00:00:00;GALTAMIRANO;Liberado;2026-04-06 00:00:00;2026-04-07 00:00:00;CESAR AUGUSTO VELASQUEZ;G10;GIORDANNO ALTAMIRA;1;Emergencia I (en operación);;6103;GRONCAL;2026-04-11 00:00:00;2026-02-25 00:00:00;2026-02-26 00:00:00;5105608441;2026;01-F001-00007855;20260416;20260421;3100016029;1000021955;20260522;2026-03-22 00:00:00;2026-04-16 00:00:00;2026-05-22 00:00:00;70;-3;11;8;4;5;36;131;53
3000000269;10;;Liberado;2026-01-12 00:00:00;2026-01-12 00:00:00;935;1;APROBADO;2026-03-20 00:00:00;WFELIPE;2026-04-10 00:00:00;DFARRO;2026-04-10 00:00:00;;;901;1;APROBADO;2026-04-06 00:00:00;WFELIPE;2026-04-10 00:00:00;;;20602226400;M TEMOCHE S.A.C.;FL07;YA01;40012681;;;;10;7000001740;10;;2026-04-24 00:00:00;LOSORIO;Liberado;2026-04-24 00:00:00;2026-04-27 00:00:00;WALTER SULLIVAN FELIPE;G12;RENZO CÁCERES;1;Emergencia I (en operación);;10790;INTEGRA_AP;2026-04-28 00:00:00;2026-02-11 00:00:00;2026-02-16 00:00:00;5105609868;2026;01-E001-00000847;20260430;20260430;3100018526;1000019040;20260510;2026-04-10 00:00:00;2026-04-30 00:00:00;2026-05-10 00:00:00;88;0;14;3;1;2;10;118;16
3000000271;10;;Liberado;2026-01-12 00:00:00;2026-01-12 00:00:00;149;1;APROBADO;2026-01-25 00:00:00;RBLONDET;2026-01-26 00:00:00;RBLONDET;2026-01-26 00:00:00;;;533;1;APROBADO;2026-03-10 00:00:00;JLIZARBE;2026-03-12 00:00:00;;;20602847790;CONSERMEC E.I.R.L.;AG08;YA01;40013298;;;;10;7000000769;10;;2026-03-04 00:00:00;LOSORIO;Liberado;2026-03-04 00:00:00;2026-03-05 00:00:00;;G02;ISAAC ARCE;1;Emergencia I (en operación);;3823;INTEGRA_AP;2026-03-11 00:00:00;;;5105605657;2026;01-E001-00000511;20260313;20260325;3100010700;1000012334;20260326;2026-01-26 00:00:00;2026-03-13 00:00:00;2026-03-26 00:00:00;14;45;-8;1;6;2;13;73;22
3000000273;10;;Liberado;2026-01-12 00:00:00;2026-01-12 00:00:00;1055;1;APROBADO;2026-03-30 00:00:00;WFELIPE;2026-04-10 00:00:00;DFARRO;2026-04-10 00:00:00;;;839;1;APROBADO;2026-03-30 00:00:00;WFELIPE;2026-04-10 00:00:00;;;20473495598;MC TRADE S.A.C.;FL17;YA01;40012759;;;;30;7000001742;10;;2026-04-24 00:00:00;LMENDOZAH;Liberado;2026-04-24 00:00:00;2026-04-27 00:00:00;WALTER SULLIVAN FELIPE;G10;GIORDANNO ALTAMIRA;1;Emergencia I (en operación);;10780;INTEGRA_AP;2026-04-28 00:00:00;2026-03-28 00:00:00;2026-04-01 00:00:00;5105609890;2026;01-FA01-00001606;20260430;20260430;3100018549;1000023791;20260605;2026-04-10 00:00:00;2026-04-30 00:00:00;2026-06-05 00:00:00;88;0;14;3;1;2;36;144;42
3000000283;10;;Liberado;2026-01-12 00:00:00;2026-01-12 00:00:00;702;1;APROBADO;2026-03-05 00:00:00;CDELACRUZ;2026-03-20 00:00:00;DFARRO;2026-03-22 00:00:00;;;#N/A;#N/A;#N/A;#N/A;#N/A;#N/A;#N/A;#N/A;20514598224;ROBINSON MARINE ELECTRONICS S.R.L.;FL16;YA01;40013323;;;;10;7000001385;10;;2026-04-08 00:00:00;GALTAMIRANO;Liberado;2026-04-08 00:00:00;2026-04-08 00:00:00;CARLOS BERARDO DE LA CRUZ;G10;GIORDANNO ALTAMIRA;1;Emergencia I (en operación);;6122;GRONCAL;2026-04-11 00:00:00;2026-02-19 00:00:00;2026-02-20 00:00:00;5105609633;2026;01-F001-00003264;20260424;20260430;3100018247;1000022557;20260529;2026-03-22 00:00:00;2026-04-24 00:00:00;2026-05-29 00:00:00;69;Pendiente;Pendiente;0;3;13;35;137;51
3000000283;10;;Liberado;2026-01-12 00:00:00;2026-01-12 00:00:00;702;1;APROBADO;2026-03-05 00:00:00;CDELACRUZ;2026-03-20 00:00:00;DFARRO;2026-03-22 00:00:00;;;#N/A;#N/A;#N/A;#N/A;#N/A;#N/A;#N/A;#N/A;20514598224;ROBINSON MARINE ELECTRONICS S.R.L.;FL16;YA01;40013323;;;;10;7000001385;10;;2026-04-08 00:00:00;GALTAMIRANO;Liberado;2026-04-08 00:00:00;2026-04-08 00:00:00;CARLOS BERARDO DE LA CRUZ;G10;GIORDANNO ALTAMIRA;1;Emergencia I (en operación);;6122;GRONCAL;2026-04-11 00:00:00;2026-02-19 00:00:00;2026-02-20 00:00:00;5105609633;2026;01-F001-00003264;20260424;20260430;3100018247;1000022557;20260529;2026-03-22 00:00:00;2026-04-24 00:00:00;2026-05-29 00:00:00;69;Pendiente;Pendiente;0;3;13;35;137;51
3000000284;10;;Liberado;2026-01-12 00:00:00;2026-01-12 00:00:00;394;1;APROBADO;2026-02-11 00:00:00;WYOMONA;2026-02-11 00:00:00;DFARRO;2026-02-26 00:00:00;;;258;1;APROBADO;2026-02-11 00:00:00;WYOMONA;2026-02-11 00:00:00;;;20601565839;REPRESENTACIONES TENA S.A.C.- R.TEN;FL18;YA01;40013321;;;;10;7000000763;10;;2026-03-04 00:00:00;IARCE;Liberado;2026-03-04 00:00:00;2026-03-05 00:00:00;WILHELM YOMONA;G02;ISAAC ARCE;1;Emergencia I (en operación);;3870;GGALLO;2026-03-11 00:00:00;2026-01-24 00:00:00;2026-01-26 00:00:00;5105604229;2026;01-E001-00000387;20260312;20260312;3100008095;1000010690;20260313;2026-02-26 00:00:00;2026-03-12 00:00:00;2026-03-13 00:00:00;45;-15;21;1;6;1;1;60;9
3000000288;10;;Liberado;2026-01-12 00:00:00;2026-01-12 00:00:00;1797;1;APROBADO;2026-05-18 00:00:00;JSALINAS;2026-05-19 00:00:00;DFARRO;2026-05-22 00:00:00;;;2264;1;APROBADO;2026-05-13 00:00:00;JSALINAS;2026-05-19 00:00:00;;;20544734947;CONZAR INDUSTRIAL S.A.C;FL23;YA01;40013326;;;;10;7000002504;10;;2026-06-04 00:00:00;LMENDOZAH;Liberado;2026-06-04 00:00:00;2026-06-08 00:00:00;JUAN CARLOS SALINAS;G08;MADELINE FALCÓN;1;Emergencia I (en operación);;13629;INTEGRA_AP;2026-06-08 00:00:00;2026-04-19 00:00:00;2026-05-08 00:00:00;5105612893;2026;01-E001-00001899;20260609;20260609;3100025224;1000029162;20260710;2026-05-22 00:00:00;2026-06-09 00:00:00;2026-07-10 00:00:00;130;-3;16;4;0;1;31;179;36
3000000288;10;;Liberado;2026-01-12 00:00:00;2026-01-12 00:00:00;1797;1;APROBADO;2026-05-18 00:00:00;JSALINAS;2026-05-19 00:00:00;DFARRO;2026-05-22 00:00:00;;;2264;1;APROBADO;2026-05-13 00:00:00;JSALINAS;2026-05-19 00:00:00;;;20544734947;CONZAR INDUSTRIAL S.A.C;FL23;YA01;40013326;;;;10;7000002504;10;;2026-06-04 00:00:00;LMENDOZAH;Liberado;2026-06-04 00:00:00;2026-06-08 00:00:00;JUAN CARLOS SALINAS;G08;MADELINE FALCÓN;1;Emergencia I (en operación);;13629;INTEGRA_AP;2026-06-08 00:00:00;2026-04-19 00:00:00;2026-05-08 00:00:00;5105612893;2026;01-E001-00001899;20260609;20260609;3100025224;1000029162;20260710;2026-05-22 00:00:00;2026-06-09 00:00:00;2026-07-10 00:00:00;130;-3;16;4;0;1;31;179;36
3000000320;10;;Liberado;2026-01-12 00:00:00;2026-01-12 00:00:00;53;1;APROBADO;2026-01-15 00:00:00;RBLONDET;2026-01-15 00:00:00;RBLONDET;2026-01-15 00:00:00;;;428;1;APROBADO;2026-03-04 00:00:00;MASTRE;2026-03-04 00:00:00;;;10223065754;JAVIER GIOVANNI MANCINI VILCA;AG08;YA01;40013338;;;;10;7000000672;10;;2026-02-26 00:00:00;LOSORIO;Liberado;2026-02-26 00:00:00;2026-02-27 00:00:00;JESUS ANGEL LIZARBE;G08;MADELINE FALCÓN;1;Emergencia I (en operación);;3541;INTEGRA_AP;2026-03-04 00:00:00;;;5105604038;2026;01-E001-00000736;20260309;20260310;3100007593;1000014423;20260409;2026-01-15 00:00:00;2026-03-09 00:00:00;2026-04-09 00:00:00;3;48;-6;1;5;5;31;87;42
3000000322;10;;Liberado;2026-01-12 00:00:00;2026-01-12 00:00:00;1387;1;APROBADO;2026-04-16 00:00:00;WYOMONA;2026-04-16 00:00:00;DFARRO;2026-04-23 00:00:00;;;1212;1;APROBADO;2026-04-17 00:00:00;CVELASQUEZ;2026-04-22 00:00:00;;;20282601487;TALLER MECANICA ELECTRODO E.I.R.L.;AG09;YA01;40013342;;;;10;7000001998;10;;2026-05-06 00:00:00;LOSORIO;Liberado;2026-05-06 00:00:00;2026-05-07 00:00:00;WILHELM YOMONA;G12;RENZO CÁCERES;1;Emergencia I (en operación);;11940;INTEGRA_AP;2026-05-07 00:00:00;2026-04-15 00:00:00;2026-04-15 00:00:00;5105610812;2026;01-E001-00000985;20260511;20260514;3100020267;1000022631;20260531;2026-04-23 00:00:00;2026-05-11 00:00:00;2026-05-31 00:00:00;101;-1;14;1;0;4;20;139;25
3000000327;10;;Liberado;2026-01-12 00:00:00;2026-01-12 00:00:00;1315;1;RECHAZADO;2026-04-14 00:00:00;AVASQUEZ;2026-04-15 00:00:00;;;WMELCHOR;2026-04-16 00:00:00;2499;1;APROBADO;2026-05-21 00:00:00;M-wmelchor;2026-05-21 00:00:00;;;20551745989;J.O. ALEXIN E.I.R.L.;FL13;YA02;40013307;;;;10;7000002114;10;;2026-05-12 00:00:00;LOSORIO;Liberado;2026-05-13 00:00:00;2026-05-15 00:00:00;WILMER NELSON MELCHOR;G02;ISAAC ARCE;14;Emergencia III (Veda);;12981;INTEGRA_AP;2026-05-21 00:00:00;2026-05-21 00:00:00;2026-05-21 00:00:00;5105612359;2026;01-E001-00001157;20260601;20260601;3100023927;1000023665;20260607;2026-04-15 00:00:00;2026-06-01 00:00:00;2026-06-07 00:00:00;93;36;-9;3;6;11;6;146;26
3000000327;10;;Liberado;2026-01-12 00:00:00;2026-01-12 00:00:00;1315;2;APROBADO;2026-04-16 00:00:00;M-avasquez;2026-04-30 00:00:00;M-wmelchor;2026-04-30 00:00:00;;;2499;1;APROBADO;2026-05-21 00:00:00;M-wmelchor;2026-05-21 00:00:00;;;20551745989;J.O. ALEXIN E.I.R.L.;FL13;YA02;40013307;;;;10;7000002114;10;;2026-05-12 00:00:00;LOSORIO;Liberado;2026-05-13 00:00:00;2026-05-15 00:00:00;WILMER NELSON MELCHOR;G02;ISAAC ARCE;14;Emergencia III (Veda);;12981;INTEGRA_AP;2026-05-21 00:00:00;2026-05-21 00:00:00;2026-05-21 00:00:00;5105612359;2026;01-E001-00001157;20260601;20260601;3100023927;1000023665;20260607;2026-04-30 00:00:00;2026-06-01 00:00:00;2026-06-07 00:00:00;108;21;-9;3;6;11;6;146;26
3000000334;10;;Liberado;2026-01-13 00:00:00;2026-01-13 00:00:00;301;1;APROBADO;2026-02-03 00:00:00;WMELCHOR;2026-02-04 00:00:00;DFARRO;2026-02-05 00:00:00;;;182;1;APROBADO;2026-02-03 00:00:00;CVELASQUEZ;2026-02-05 00:00:00;;;20551745989;J.O. ALEXIN E.I.R.L.;FL21;YA01;40013352;;;;10;7000000356;30;;2026-02-09 00:00:00;ABAMONDE;Liberado;2026-02-10 00:00:00;2026-02-11 00:00:00;WILMER NELSON MELCHOR;G02;ISAAC ARCE;1;Emergencia I (en operación);;2831;GGALLO;2026-02-19 00:00:00;2026-01-26 00:00:00;2026-01-26 00:00:00;5105602591;2026;01-E001-00001075;20260220;20260223;3100004620;1000007667;20260224;2026-02-05 00:00:00;2026-02-20 00:00:00;2026-02-24 00:00:00;23;0;4;2;8;1;4;42;15
3000000344;10;;Liberado;2026-01-13 00:00:00;2026-01-13 00:00:00;348;1;APROBADO;2026-02-07 00:00:00;RBLONDET;2026-02-19 00:00:00;RBLONDET;2026-02-19 00:00:00;;;912;1;APROBADO;2026-04-06 00:00:00;JLIZARBE;2026-04-07 00:00:00;;;20533194916;SERVICIOS GENERALES WOLF E.I.R.L.;AG08;YA01;40013364;;;;10;7000001271;10;;2026-04-01 00:00:00;ACAYO;Liberado;2026-04-01 00:00:00;2026-04-05 00:00:00;LUIS OMAR GARCIA;G02;ISAAC ARCE;1;Emergencia I (en operación);;5710;JLIZARBE;2026-04-06 00:00:00;;;5105607421;2026;01-E001-00000936;20260407;20260410;3100013822;1000015638;20260419;2026-02-19 00:00:00;2026-04-07 00:00:00;2026-04-19 00:00:00;37;47;-6;4;1;1;12;96;18
3000000351;10;;Liberado;2026-01-13 00:00:00;2026-01-13 00:00:00;520;1;APROBADO;2026-02-20 00:00:00;LSANCHEZB;2026-03-16 00:00:00;WMELCHOR;2026-03-23 00:00:00;;;902;1;APROBADO;2026-04-06 00:00:00;WMELCHOR;2026-04-09 00:00:00;;;20607753459;RPP TEC S.A.C.;FL22;YA02;40013093;;;;10;7000001306;10;;2026-04-01 00:00:00;LOSORIO;Liberado;2026-04-01 00:00:00;2026-04-03 00:00:00;WILMER NELSON MELCHOR;G01;JOSÉ BAZÁN;14;Emergencia III (Veda);;6157;GRONCAL;2026-04-11 00:00:00;2026-02-16 00:00:00;2026-02-16 00:00:00;5105607957;2026;01-E001-00000382;20260413;20260415;3100014875;1000017901;20260429;2026-03-23 00:00:00;2026-04-13 00:00:00;2026-04-29 00:00:00;69;17;-8;2;8;2;16;106;28
3000000355;10;;Liberado;2026-01-13 00:00:00;2026-01-13 00:00:00;1040;1;APROBADO;2026-03-28 00:00:00;LSANCHEZB;2026-04-15 00:00:00;WMELCHOR;2026-04-16 00:00:00;;;1818;1;APROBADO;2026-04-29 00:00:00;WMELCHOR;2026-04-29 00:00:00;;;20601565839;REPRESENTACIONES TENA S.A.C.- R.TEN;FL22;YA02;40013131;;;;10;7000001667;10;;2026-04-22 00:00:00;LOSORIO;Liberado;2026-04-22 00:00:00;2026-04-24 00:00:00;WILMER NELSON MELCHOR;G02;ISAAC ARCE;14;Emergencia III (Veda);;11283;INTEGRA_AP;2026-04-30 00:00:00;2026-03-19 00:00:00;2026-03-20 00:00:00;5105615119;2026;01-E001-00000405;20260721;20260721;3100031362;1000029873;20260721;2026-04-16 00:00:00;2026-07-21 00:00:00;2026-07-21 00:00:00;93;13;-7;2;6;82;0;189;90
3000000359;10;;Liberado;2026-01-13 00:00:00;2026-01-13 00:00:00;519;1;APROBADO;2026-02-20 00:00:00;LSANCHEZB;2026-04-15 00:00:00;WMELCHOR;2026-04-16 00:00:00;;;1659;1;APROBADO;2026-04-24 00:00:00;WMELCHOR;2026-05-16 00:00:00;;;20607753459;RPP TEC S.A.C.;FL13;YA02;40013138;;;;10;7000001683;10;;2026-04-22 00:00:00;LMENDOZAH;Liberado;2026-04-23 00:00:00;2026-04-24 00:00:00;WILMER NELSON MELCHOR;G01;JOSÉ BAZÁN;14;Emergencia III (Veda);;12526;INTEGRA_AP;2026-05-17 00:00:00;2026-03-04 00:00:00;2026-03-05 00:00:00;5105611450;2026;01-E001-00000400;20260520;20260522;3100022318;1000023807;20260605;2026-04-16 00:00:00;2026-05-20 00:00:00;2026-06-05 00:00:00;93;30;-24;2;23;3;16;143;44
3000000361;10;;Liberado;2026-01-13 00:00:00;2026-01-13 00:00:00;1019;1;APROBADO;2026-03-26 00:00:00;LSANCHEZB;2026-04-01 00:00:00;WMELCHOR;2026-04-05 00:00:00;;;3577;1;ENVIADO;2026-08-22 00:00:00;;;;;20457230118;REFRINS SERVICE S.R.L.;FL13;YA02;40013140;;;;10;7000001441;50;;2026-04-10 00:00:00;LOSORIO;Liberado;2026-04-10 00:00:00;2026-04-15 00:00:00;WILMER NELSON MELCHOR;G10;GIORDANNO ALTAMIRA;14;Emergencia III (Veda);;#N/A;#N/A;#N/A;2026-04-18 00:00:00;2026-04-22 00:00:00;#N/A;#N/A;#N/A;#N/A;#N/A;#N/A;#N/A;#N/A;2026-04-05 00:00:00;;;82;Pendiente;Pendiente;5;Pendiente;Pendiente;Pendiente;Pendiente;Pendiente
3000000364;10;;Liberado;2026-01-13 00:00:00;2026-01-13 00:00:00;782;1;APROBADO;2026-03-10 00:00:00;LSANCHEZB;2026-04-23 00:00:00;M-wmelchor;2026-04-23 00:00:00;;;1887;1;APROBADO;2026-05-01 00:00:00;M-wmelchor;2026-05-04 00:00:00;;;20541720104;DIN GRUPO EMPRESARIAL S.A.C.;FL13;YA02;40013143;;;;10;7000001826;10;;2026-04-28 00:00:00;LMENDOZAH;Liberado;2026-04-28 00:00:00;2026-04-29 00:00:00;WILHELM YOMONA;G12;RENZO CÁCERES;14;Emergencia III (Veda);;11449;INTEGRA_AP;2026-05-04 00:00:00;2026-03-16 00:00:00;2026-03-18 00:00:00;5105610254;2026;01-F001-00002176;20260506;20260511;3100019278;1000020888;20260518;2026-04-23 00:00:00;2026-05-06 00:00:00;2026-05-18 00:00:00;100;11;-6;1;5;2;12;125;20
3000000368;10;;Liberado;2026-01-13 00:00:00;2026-01-13 00:00:00;1129;1;APROBADO;2026-04-06 00:00:00;LSANCHEZB;2026-04-06 00:00:00;WYOMONA;2026-04-07 00:00:00;;;1837;1;APROBADO;2026-04-29 00:00:00;WYOMONA;2026-04-29 00:00:00;;;20457230118;REFRINS SERVICE S.R.L.;FL18;YA02;40013162;;;;10;7000001499;10;;2026-04-14 00:00:00;LOSORIO;Liberado;2026-04-14 00:00:00;2026-04-16 00:00:00;WILHELM YOMONA;G10;GIORDANNO ALTAMIRA;14;Emergencia III (Veda);;11281;INTEGRA_AP;2026-04-30 00:00:00;2026-03-16 00:00:00;2026-03-20 00:00:00;5105610437;2026;01-E001-00001640;20260505;20260512;3100019523;1000020574;20260515;2026-04-07 00:00:00;2026-05-05 00:00:00;2026-05-15 00:00:00;84;22;-15;2;14;5;10;122;31
3000000370;10;;Liberado;2026-01-13 00:00:00;2026-01-13 00:00:00;1378;1;APROBADO;2026-04-16 00:00:00;LSANCHEZB;2026-04-23 00:00:00;WFELIPE;2026-04-27 00:00:00;;;2035;1;APROBADO;2026-05-06 00:00:00;WMELCHOR;2026-05-08 00:00:00;;;20601469635;SERJES CORPORATION S.A.C.;FL07;YA02;40013171;;;;10;7000001896;20;;2026-04-30 00:00:00;LOSORIO;Liberado;2026-05-01 00:00:00;2026-05-05 00:00:00;WALTER SULLIVAN FELIPE;G12;RENZO CÁCERES;14;Emergencia III (Veda);;11938;INTEGRA_AP;2026-05-07 00:00:00;2026-03-23 00:00:00;2026-03-26 00:00:00;5105610952;2026;01-E001-00000466;20260514;20260515;3100020453;1000023009;20260601;2026-04-27 00:00:00;2026-05-14 00:00:00;2026-06-01 00:00:00;104;11;-8;5;2;7;18;139;32
3000000374;10;;Liberado;2026-01-13 00:00:00;2026-01-13 00:00:00;1064;1;APROBADO;2026-03-31 00:00:00;LSANCHEZB;2026-04-01 00:00:00;WYOMONA;2026-04-04 00:00:00;;;3577;1;ENVIADO;2026-08-22 00:00:00;;;;;20457230118;REFRINS SERVICE S.R.L.;FL10;YA02;40013189;;;;10;7000001441;10;;2026-04-10 00:00:00;LOSORIO;Liberado;2026-04-10 00:00:00;2026-04-15 00:00:00;WILHELM YOMONA;G01;JOSÉ BAZÁN;14;Emergencia III (Veda);;#N/A;#N/A;#N/A;2026-03-29 00:00:00;2026-03-30 00:00:00;#N/A;#N/A;#N/A;#N/A;#N/A;#N/A;#N/A;#N/A;2026-04-04 00:00:00;;;81;Pendiente;Pendiente;5;Pendiente;Pendiente;Pendiente;Pendiente;Pendiente
3000000375;10;;Liberado;2026-01-13 00:00:00;2026-01-13 00:00:00;1063;1;APROBADO;2026-03-31 00:00:00;LSANCHEZB;2026-04-01 00:00:00;WYOMONA;2026-04-04 00:00:00;;;3577;1;ENVIADO;2026-08-22 00:00:00;;;;;20457230118;REFRINS SERVICE S.R.L.;FL10;YA02;40013189;;;;20;7000001441;20;;2026-04-10 00:00:00;LOSORIO;Liberado;2026-04-10 00:00:00;2026-04-15 00:00:00;WILHELM YOMONA;G01;JOSÉ BAZÁN;14;Emergencia III (Veda);;#N/A;#N/A;#N/A;2026-03-29 00:00:00;2026-03-30 00:00:00;#N/A;#N/A;#N/A;#N/A;#N/A;#N/A;#N/A;#N/A;2026-04-04 00:00:00;;;81;Pendiente;Pendiente;5;Pendiente;Pendiente;Pendiente;Pendiente;Pendiente
3000000380;10;;Liberado;2026-01-13 00:00:00;2026-01-13 00:00:00;367;1;APROBADO;2026-02-09 00:00:00;LSANCHEZB;2026-02-09 00:00:00;JSALINAS;2026-02-10 00:00:00;;;1965;1;APROBADO;2026-05-04 00:00:00;JSALINAS;2026-05-19 00:00:00;;;20457230118;REFRINS SERVICE S.R.L.;FL23;YA02;40013216;;;;10;7000000439;10;;2026-02-13 00:00:00;ABAMONDE;Liberado;2026-02-13 00:00:00;2026-02-16 00:00:00;JUAN CARLOS SALINAS;G01;JOSÉ BAZÁN;14;Emergencia III (Veda);;12713;INTEGRA_AP;2026-05-19 00:00:00;2026-02-10 00:00:00;2026-02-10 00:00:00;5105611860;2026;01-E001-00001658;20260525;20260528;3100023274;1000023790;20260605;2026-02-10 00:00:00;2026-05-25 00:00:00;2026-06-05 00:00:00;28;98;-95;3;92;6;11;143;112
3000000381;10;;Liberado;2026-01-13 00:00:00;2026-01-13 00:00:00;369;1;APROBADO;2026-02-09 00:00:00;LSANCHEZB;2026-02-09 00:00:00;JSALINAS;2026-02-10 00:00:00;;;1938;1;APROBADO;2026-05-04 00:00:00;JSALINAS;2026-05-19 00:00:00;;;20457230118;REFRINS SERVICE S.R.L.;FL23;YA02;40013216;;;;20;7000000420;10;;2026-02-12 00:00:00;ABAMONDE;Liberado;2026-02-12 00:00:00;2026-02-13 00:00:00;JUAN CARLOS SALINAS;G01;JOSÉ BAZÁN;14;Emergencia III (Veda);;12711;INTEGRA_AP;2026-05-19 00:00:00;2026-02-10 00:00:00;2026-02-10 00:00:00;5105611850;2026;01-E001-00001653;20260525;20260528;3100023254;1000023790;20260605;2026-02-10 00:00:00;2026-05-25 00:00:00;2026-06-05 00:00:00;28;98;-96;1;95;6;11;143;113
3000000385;10;;Liberado;2026-01-13 00:00:00;2026-01-13 00:00:00;2009;1;APROBADO;2026-06-15 00:00:00;LSANCHEZB;2026-07-02 00:00:00;JSALINAS;2026-07-22 00:00:00;;;3509;1;APROBADO;2026-08-17 00:00:00;JSALINAS;2026-08-18 00:00:00;;;20457230118;REFRINS SERVICE S.R.L.;FL23;YA02;40013221;;;;10;7000003395;10;;2026-08-12 00:00:00;MMONDRAGON;Liberado;2026-08-13 00:00:00;2026-08-13 00:00:00;JUAN CARLOS SALINAS;G01;JOSÉ BAZÁN;14;Emergencia III (Veda);;16273;INTEGRA_AP;2026-08-18 00:00:00;2026-06-24 00:00:00;2026-06-30 00:00:00;#N/A;#N/A;#N/A;#N/A;#N/A;#N/A;#N/A;#N/A;2026-07-22 00:00:00;;;190;27;-6;1;5;Pendiente;Pendiente;Pendiente;Pendiente
3000000387;10;;Liberado;2026-01-13 00:00:00;2026-01-13 00:00:00;851;1;APROBADO;2026-03-13 00:00:00;LSANCHEZB;2026-04-01 00:00:00;JSALINAS;2026-04-01 00:00:00;;;1397;1;APROBADO;2026-04-20 00:00:00;JSALINAS;2026-05-19 00:00:00;;;20519422566;REPARACIONES NAVALES WILMAR & JIMMY;FL11;YA02;40013234;;;;10;7000001396;10;;2026-04-09 00:00:00;IARCE;Liberado;2026-04-09 00:00:00;2026-04-15 00:00:00;JUAN CARLOS SALINAS;G02;ISAAC ARCE;14;Emergencia III (Veda);;7934;INTEGRA_AP;2026-04-22 00:00:00;2026-03-14 00:00:00;2026-03-20 00:00:00;5105611676;2026;01-E001-00000522;20260527;20260527;3100022885;1000022279;20260528;2026-04-01 00:00:00;2026-05-27 00:00:00;2026-05-28 00:00:00;78;48;-40;6;7;35;1;135;49
3000000391;10;;Liberado;2026-01-13 00:00:00;2026-01-13 00:00:00;1317;1;APROBADO;2026-04-14 00:00:00;LSANCHEZB;2026-04-15 00:00:00;M-cvelasquez;2026-04-20 00:00:00;;;2029;1;APROBADO;2026-05-06 00:00:00;M-WMELCHOR;2026-05-06 00:00:00;;;20551745989;J.O. ALEXIN E.I.R.L.;FL14;YA02;40013242;;;;10;7000001749;30;;2026-04-24 00:00:00;LOSORIO;Liberado;2026-04-28 00:00:00;2026-04-29 00:00:00;CESAR AUGUSTO VELASQUEZ;G02;ISAAC ARCE;14;Emergencia III (Veda);;11816;INTEGRA_AP;2026-05-06 00:00:00;2026-05-05 00:00:00;2026-05-05 00:00:00;5105610234;2026;01-E001-00001133;20260508;20260511;3100019258;1000019694;20260512;2026-04-20 00:00:00;2026-05-08 00:00:00;2026-05-12 00:00:00;97;16;-12;5;7;2;4;119;18
3000000392;10;;Liberado;2026-01-13 00:00:00;2026-01-13 00:00:00;991;1;APROBADO;2026-03-25 00:00:00;LSANCHEZB;2026-03-26 00:00:00;CVELASQUEZ;2026-05-05 00:00:00;;;2679;1;APROBADO;2026-05-28 00:00:00;WFELIPE;2026-05-29 00:00:00;;;20457230118;REFRINS SERVICE S.R.L.;FL17;YA02;40013243;;;;10;7000002110;10;;2026-05-12 00:00:00;LMENDOZAH;Liberado;2026-05-13 00:00:00;2026-05-15 00:00:00;LUIS DAVID SANCHEZ;G01;JOSÉ BAZÁN;14;Emergencia III (Veda);;13316;INTEGRA_AP;2026-05-29 00:00:00;2026-03-28 00:00:00;2026-04-01 00:00:00;5105612695;2026;01-E001-00001667;20260604;20260604;3100024806;1000025254;20260612;2026-05-05 00:00:00;2026-06-04 00:00:00;2026-06-12 00:00:00;112;24;-17;3;14;6;8;150;31
3000000395;10;;Liberado;2026-01-13 00:00:00;2026-01-13 00:00:00;990;1;APROBADO;2026-03-25 00:00:00;LSANCHEZB;2026-03-26 00:00:00;WFELIPE;2026-03-27 00:00:00;;;2709;1;APROBADO;2026-05-30 00:00:00;WFELIPE;2026-06-09 00:00:00;;;20457230118;REFRINS SERVICE S.R.L.;FL17;YA02;40013246;;;;10;7000001336;30;;2026-04-06 00:00:00;GALTAMIRANO;Liberado;2026-04-10 00:00:00;2026-04-15 00:00:00;WALTER SULLIVAN FELIPE;G01;JOSÉ BAZÁN;14;Emergencia III (Veda);;13679;INTEGRA_AP;2026-06-09 00:00:00;;;5105612991;2026;01-E001-00001672;20260611;20260611;3100025427;1000026063;20260619;2026-03-27 00:00:00;2026-06-11 00:00:00;2026-06-19 00:00:00;73;74;-64;9;55;2;8;157;74
3000000397;10;;Liberado;2026-01-13 00:00:00;2026-01-13 00:00:00;1150;1;APROBADO;2026-04-07 00:00:00;LSANCHEZB;2026-04-15 00:00:00;CDELACRUZ;2026-04-29 00:00:00;;;2121;1;APROBADO;2026-05-08 00:00:00;CDELACRUZ;2026-05-09 00:00:00;;;20552430850;CORPORACION HIDRAULICA TECNICA S.A.;FL16;YA02;40013247;;;;20;7000001949;20;;2026-05-05 00:00:00;LOSORIO;Liberado;2026-05-05 00:00:00;2026-05-07 00:00:00;CARLOS BERARDO DE LA CRUZ;G10;GIORDANNO ALTAMIRA;14;Emergencia III (Veda);;12094;INTEGRA_AP;2026-05-09 00:00:00;2026-04-09 00:00:00;2026-04-11 00:00:00;5105610905;2026;01-E001-00001749;20260513;20260515;3100020406;1000024485;20260609;2026-04-29 00:00:00;2026-05-13 00:00:00;2026-06-09 00:00:00;106;10;-4;2;2;4;27;147;35
3000000404;10;;Liberado;2026-01-13 00:00:00;2026-01-13 00:00:00;1605;1;RECHAZADO;2026-05-05 00:00:00;;;;;LSANCHEZB;2026-05-12 00:00:00;3220;1;APROBADO;2026-07-07 00:00:00;CDELACRUZ;2026-07-09 00:00:00;;;20519422566;REPARACIONES NAVALES WILMAR & JIMMY;FL16;YA02;40013252;;;;10;7000002449;10;;2026-06-02 00:00:00;RCACERES;Liberado;2026-06-03 00:00:00;2026-06-04 00:00:00;CARLOS BERARDO DE LA CRUZ;G02;ISAAC ARCE;14;Emergencia III (Veda);;14680;INTEGRA_AP;2026-07-01 00:00:00;2026-04-22 00:00:00;2026-04-29 00:00:00;5105615272;2026;01-E001-00000534;20260722;20260722;3100031562;1000030252;20260724;;2026-07-22 00:00:00;2026-07-24 00:00:00;Pendiente;Pendiente;-37;2;27;21;2;192;52
3000000404;10;;Liberado;2026-01-13 00:00:00;2026-01-13 00:00:00;1605;2;APROBADO;2026-05-13 00:00:00;LSANCHEZB;2026-05-15 00:00:00;CDELACRUZ;2026-05-20 00:00:00;;;3220;1;APROBADO;2026-07-07 00:00:00;CDELACRUZ;2026-07-09 00:00:00;;;20519422566;REPARACIONES NAVALES WILMAR & JIMMY;FL16;YA02;40013252;;;;10;7000002449;10;;2026-06-02 00:00:00;RCACERES;Liberado;2026-06-03 00:00:00;2026-06-04 00:00:00;CARLOS BERARDO DE LA CRUZ;G02;ISAAC ARCE;14;Emergencia III (Veda);;14680;INTEGRA_AP;2026-07-01 00:00:00;2026-04-22 00:00:00;2026-04-29 00:00:00;5105615272;2026;01-E001-00000534;20260722;20260722;3100031562;1000030252;20260724;2026-05-20 00:00:00;2026-07-22 00:00:00;2026-07-24 00:00:00;127;50;-37;2;27;21;2;192;52
3000000408;10;;Liberado;2026-01-13 00:00:00;2026-01-13 00:00:00;1433;1;RECHAZADO;2026-04-20 00:00:00;;;;;LSANCHEZB;2026-04-23 00:00:00;3220;1;APROBADO;2026-07-07 00:00:00;CDELACRUZ;2026-07-09 00:00:00;;;20519422566;REPARACIONES NAVALES WILMAR & JIMMY;FL20;YA02;40013260;;;;10;7000002449;20;;2026-06-02 00:00:00;RCACERES;Liberado;2026-06-03 00:00:00;2026-06-04 00:00:00;CARLOS BERARDO DE LA CRUZ;G02;ISAAC ARCE;14;Emergencia III (Veda);;14680;INTEGRA_AP;2026-07-01 00:00:00;2026-04-14 00:00:00;2026-04-15 00:00:00;5105615272;2026;01-E001-00000534;20260722;20260722;3100031562;1000030252;20260724;;2026-07-22 00:00:00;2026-07-24 00:00:00;Pendiente;Pendiente;-37;2;27;21;2;192;52
3000000408;10;;Liberado;2026-01-13 00:00:00;2026-01-13 00:00:00;1433;2;RECHAZADO;2026-04-23 00:00:00;;;;;LSANCHEZB;2026-04-24 00:00:00;3220;1;APROBADO;2026-07-07 00:00:00;CDELACRUZ;2026-07-09 00:00:00;;;20519422566;REPARACIONES NAVALES WILMAR & JIMMY;FL20;YA02;40013260;;;;10;7000002449;20;;2026-06-02 00:00:00;RCACERES;Liberado;2026-06-03 00:00:00;2026-06-04 00:00:00;CARLOS BERARDO DE LA CRUZ;G02;ISAAC ARCE;14;Emergencia III (Veda);;14680;INTEGRA_AP;2026-07-01 00:00:00;2026-04-14 00:00:00;2026-04-15 00:00:00;5105615272;2026;01-E001-00000534;20260722;20260722;3100031562;1000030252;20260724;;2026-07-22 00:00:00;2026-07-24 00:00:00;Pendiente;Pendiente;-37;2;27;21;2;192;52
3000000408;10;;Liberado;2026-01-13 00:00:00;2026-01-13 00:00:00;1433;3;RECHAZADO;2026-04-24 00:00:00;;;;;LSANCHEZB;2026-04-27 00:00:00;3220;1;APROBADO;2026-07-07 00:00:00;CDELACRUZ;2026-07-09 00:00:00;;;20519422566;REPARACIONES NAVALES WILMAR & JIMMY;FL20;YA02;40013260;;;;10;7000002449;20;;2026-06-02 00:00:00;RCACERES;Liberado;2026-06-03 00:00:00;2026-06-04 00:00:00;CARLOS BERARDO DE LA CRUZ;G02;ISAAC ARCE;14;Emergencia III (Veda);;14680;INTEGRA_AP;2026-07-01 00:00:00;2026-04-14 00:00:00;2026-04-15 00:00:00;5105615272;2026;01-E001-00000534;20260722;20260722;3100031562;1000030252;20260724;;2026-07-22 00:00:00;2026-07-24 00:00:00;Pendiente;Pendiente;-37;2;27;21;2;192;52
3000000408;10;;Liberado;2026-01-13 00:00:00;2026-01-13 00:00:00;1433;4;RECHAZADO;2026-05-04 00:00:00;;;;;LSANCHEZB;2026-05-12 00:00:00;3220;1;APROBADO;2026-07-07 00:00:00;CDELACRUZ;2026-07-09 00:00:00;;;20519422566;REPARACIONES NAVALES WILMAR & JIMMY;FL20;YA02;40013260;;;;10;7000002449;20;;2026-06-02 00:00:00;RCACERES;Liberado;2026-06-03 00:00:00;2026-06-04 00:00:00;CARLOS BERARDO DE LA CRUZ;G02;ISAAC ARCE;14;Emergencia III (Veda);;14680;INTEGRA_AP;2026-07-01 00:00:00;2026-04-14 00:00:00;2026-04-15 00:00:00;5105615272;2026;01-E001-00000534;20260722;20260722;3100031562;1000030252;20260724;;2026-07-22 00:00:00;2026-07-24 00:00:00;Pendiente;Pendiente;-37;2;27;21;2;192;52
3000000408;10;;Liberado;2026-01-13 00:00:00;2026-01-13 00:00:00;1433;5;APROBADO;2026-05-13 00:00:00;LSANCHEZB;2026-05-15 00:00:00;CDELACRUZ;2026-05-20 00:00:00;;;3220;1;APROBADO;2026-07-07 00:00:00;CDELACRUZ;2026-07-09 00:00:00;;;20519422566;REPARACIONES NAVALES WILMAR & JIMMY;FL20;YA02;40013260;;;;10;7000002449;20;;2026-06-02 00:00:00;RCACERES;Liberado;2026-06-03 00:00:00;2026-06-04 00:00:00;CARLOS BERARDO DE LA CRUZ;G02;ISAAC ARCE;14;Emergencia III (Veda);;14680;INTEGRA_AP;2026-07-01 00:00:00;2026-04-14 00:00:00;2026-04-15 00:00:00;5105615272;2026;01-E001-00000534;20260722;20260722;3100031562;1000030252;20260724;2026-05-20 00:00:00;2026-07-22 00:00:00;2026-07-24 00:00:00;127;50;-37;2;27;21;2;192;52
3000000414;10;;Liberado;2026-01-13 00:00:00;2026-01-13 00:00:00;2010;1;RECHAZADO;2026-06-15 00:00:00;;;;;LSANCHEZB;2026-07-02 00:00:00;#N/A;#N/A;#N/A;#N/A;#N/A;#N/A;#N/A;#N/A;20100415543;INGENIERIA DE SISTEMAS DE FLUIDOS S;FL21;YA02;40013267;;;;10;7000002854;10;;2026-06-26 00:00:00;IARCE;Liberado;2026-06-26 00:00:00;2026-06-30 00:00:00;WILMER NELSON MELCHOR;G01;JOSÉ BAZÁN;14;Emergencia III (Veda);;#N/A;#N/A;#N/A;;;#N/A;#N/A;#N/A;#N/A;#N/A;#N/A;#N/A;#N/A;;;;Pendiente;Pendiente;Pendiente;4;Pendiente;Pendiente;Pendiente;Pendiente;Pendiente
3000000417;10;;Liberado;2026-01-13 00:00:00;2026-01-13 00:00:00;1003;1;APROBADO;2026-03-25 00:00:00;LSANCHEZB;2026-04-15 00:00:00;JSALINAS;2026-04-17 00:00:00;;;1947;1;APROBADO;2026-05-04 00:00:00;JSALINAS;2026-05-19 00:00:00;;;20457230118;REFRINS SERVICE S.R.L.;FL24;YA02;40013285;;;;10;7000001731;10;;2026-04-23 00:00:00;LMENDOZAH;Liberado;2026-04-23 00:00:00;2026-04-24 00:00:00;JUAN CARLOS SALINAS;G01;JOSÉ BAZÁN;14;Emergencia III (Veda);;12712;INTEGRA_AP;2026-05-19 00:00:00;2026-04-29 00:00:00;2026-05-08 00:00:00;5105611863;2026;01-E001-00001660;20260526;20260528;3100023278;1000023790;20260605;2026-04-17 00:00:00;2026-05-26 00:00:00;2026-06-05 00:00:00;94;32;-26;1;25;7;10;143;43
3000000422;10;;Liberado;2026-01-13 00:00:00;2026-01-13 00:00:00;474;1;APROBADO;2026-02-17 00:00:00;LSANCHEZB;2026-02-20 00:00:00;JSALINAS;2026-02-25 00:00:00;;;470;1;APROBADO;2026-03-06 00:00:00;JSALINAS;2026-03-11 00:00:00;;;20506288178;ASAP CONSULTING GROUP S.A.C;FL24;YA02;40013291;;;;10;7000000761;10;;2026-03-04 00:00:00;LOSORIO;Liberado;2026-03-04 00:00:00;2026-03-05 00:00:00;JUAN CARLOS SALINAS;G02;ISAAC ARCE;14;Emergencia III (Veda);;3916;GRONCAL;2026-03-12 00:00:00;2026-02-09 00:00:00;2026-02-09 00:00:00;5105606005;2026;01-F001-00006617;20260316;20260327;3100011281;1000015288;20260414;2026-02-25 00:00:00;2026-03-16 00:00:00;2026-04-14 00:00:00;43;14;-7;1;7;4;29;91;41
3000000425;10;;Liberado;2026-01-13 00:00:00;2026-01-13 00:00:00;1349;1;APROBADO;2026-04-15 00:00:00;MORTIZ;2026-05-07 00:00:00;WMELCHOR;2026-05-12 00:00:00;;;2575;1;APROBADO;2026-05-25 00:00:00;WMELCHOR;2026-05-26 00:00:00;;;20601469635;SERJES CORPORATION S.A.C.;FL25;YA02;40012977;;;;10;7000002223;10;;2026-05-18 00:00:00;LOSORIO;Liberado;2026-05-18 00:00:00;2026-05-19 00:00:00;WILMER NELSON MELCHOR;G02;ISAAC ARCE;14;Emergencia III (Veda);;13183;INTEGRA_AP;2026-05-26 00:00:00;2026-03-16 00:00:00;2026-03-18 00:00:00;5105613024;2026;01-E001-00000476;20260611;20260611;3100025496;1000026079;20260619;2026-05-12 00:00:00;2026-06-11 00:00:00;2026-06-19 00:00:00;119;14;-8;1;7;16;8;157;32
3000000426;10;;Liberado;2026-01-13 00:00:00;2026-01-13 00:00:00;1167;1;APROBADO;2026-04-08 00:00:00;MORTIZ;2026-04-16 00:00:00;WMELCHOR;2026-04-17 00:00:00;;;1801;2;APROBADO;2026-05-07 00:00:00;WMELCHOR;2026-05-08 00:00:00;;;20547302258;BP SERVICIOS GLOBALES S.A.C.;FL25;YA02;40012978;;;;10;7000001730;10;;2026-04-23 00:00:00;LOSORIO;Liberado;2026-04-23 00:00:00;2026-04-24 00:00:00;WILMER NELSON MELCHOR;G02;ISAAC ARCE;14;Emergencia III (Veda);;12034;INTEGRA_AP;2026-05-08 00:00:00;2026-04-28 00:00:00;2026-05-01 00:00:00;5105610746;2026;01-F001-00000578;20260511;20260514;3100020130;1000024378;20260608;2026-04-17 00:00:00;2026-05-11 00:00:00;2026-06-08 00:00:00;94;21;-15;1;14;3;28;146;46
3000000430;10;;Liberado;2026-01-13 00:00:00;2026-01-13 00:00:00;1379;1;APROBADO;2026-04-16 00:00:00;MORTIZ;2026-05-07 00:00:00;WMELCHOR;2026-05-15 00:00:00;;;2793;1;RECHAZADO;2026-06-04 00:00:00;;;WMELCHOR;46182;20601469635;SERJES CORPORATION S.A.C.;FL25;YA02;40012982;;;;10;7000002491;10;;2026-06-03 00:00:00;JBAZAN;Liberado;2026-06-03 00:00:00;2026-06-04 00:00:00;WILMER NELSON MELCHOR;G02;ISAAC ARCE;14;Emergencia III (Veda);;#N/A;#N/A;#N/A;2026-05-18 00:00:00;2026-05-18 00:00:00;#N/A;#N/A;#N/A;#N/A;#N/A;#N/A;#N/A;#N/A;2026-05-15 00:00:00;;;122;Pendiente;Pendiente;1;Pendiente;Pendiente;Pendiente;Pendiente;Pendiente
3000000437;10;;Liberado;2026-01-13 00:00:00;2026-01-13 00:00:00;443;1;APROBADO;2026-02-14 00:00:00;JALVAP;2026-02-19 00:00:00;WMELCHOR;2026-02-23 00:00:00;;;1441;1;RECHAZADO;2026-04-21 00:00:00;;;WMELCHOR;46134;20541720104;DIN GRUPO EMPRESARIAL S.A.C.;FL22;YA02;40012989;;;;10;7000001085;10;;2026-03-23 00:00:00;LOSORIO;Liberado;2026-03-25 00:00:00;2026-03-26 00:00:00;WILMER NELSON MELCHOR;G12;RENZO CÁCERES;14;Emergencia III (Veda);;11161;INTEGRA_AP;2026-04-29 00:00:00;2026-03-13 00:00:00;2026-03-18 00:00:00;5105610750;2026;01-F001-00002191;20260513;20260514;3100020134;1000021051;20260519;2026-02-23 00:00:00;2026-05-13 00:00:00;2026-05-19 00:00:00;41;Pendiente;Pendiente;3;34;14;6;126;57
3000000438;10;;Liberado;2026-01-13 00:00:00;2026-01-13 00:00:00;1534;1;APROBADO;2026-04-28 00:00:00;MORTIZ;2026-05-07 00:00:00;WMELCHOR;2026-05-12 00:00:00;;;2618;1;APROBADO;2026-05-26 00:00:00;WMELCHOR;2026-06-09 00:00:00;;;20445626342;PBK SERVICIOS GENERALES E.I.R.L.;FL22;YA02;40012990;;;;10;7000002246;10;;2026-05-19 00:00:00;LOSORIO;Liberado;2026-05-19 00:00:00;2026-05-20 00:00:00;WILMER NELSON MELCHOR;G12;RENZO CÁCERES;14;Emergencia III (Veda);;13196;INTEGRA_AP;2026-05-26 00:00:00;2026-04-21 00:00:00;2026-04-22 00:00:00;5105612384;2026;01-E001-00001442;20260601;20260601;3100023962;1000027242;20260701;2026-05-12 00:00:00;2026-06-01 00:00:00;2026-07-01 00:00:00;119;28;-21;1;6;6;30;169;43
3000000443;10;;Liberado;2026-01-13 00:00:00;2026-01-13 00:00:00;202;1;APROBADO;2026-01-27 00:00:00;MORTIZ;2026-03-24 00:00:00;WMELCHOR;2026-03-26 00:00:00;;;2709;1;APROBADO;2026-05-30 00:00:00;WFELIPE;2026-06-09 00:00:00;;;20457230118;REFRINS SERVICE S.R.L.;FL22;YA02;40012995;;;;10;7000001336;40;;2026-04-06 00:00:00;GALTAMIRANO;Liberado;2026-04-10 00:00:00;2026-04-15 00:00:00;WILMER NELSON MELCHOR;G02;ISAAC ARCE;14;Emergencia III (Veda);;13679;INTEGRA_AP;2026-06-09 00:00:00;2026-04-29 00:00:00;2026-05-01 00:00:00;5105612991;2026;01-E001-00001672;20260611;20260611;3100025427;1000026063;20260619;2026-03-26 00:00:00;2026-06-11 00:00:00;2026-06-19 00:00:00;72;75;-64;9;55;2;8;157;74
3000000448;10;;Liberado;2026-01-13 00:00:00;2026-01-13 00:00:00;875;1;APROBADO;2026-03-16 00:00:00;MORTIZ;2026-03-24 00:00:00;WYOMONA;2026-03-25 00:00:00;;;1055;1;APROBADO;2026-04-11 00:00:00;WYOMONA;2026-04-11 00:00:00;;;20601565839;REPRESENTACIONES TENA S.A.C.- R.TEN;FL10;YA02;40013047;;;;10;7000001309;20;;2026-04-01 00:00:00;LOSORIO;Liberado;2026-04-05 00:00:00;2026-04-06 00:00:00;WILHELM YOMONA;G02;ISAAC ARCE;14;Emergencia III (Veda);;6180;INTEGRA_AP;2026-04-11 00:00:00;2026-03-10 00:00:00;2026-03-11 00:00:00;5105609936;2026;01-E001-00000395;20260504;20260505;3100018690;1000019071;20260507;2026-03-25 00:00:00;2026-05-04 00:00:00;2026-05-07 00:00:00;71;17;-10;5;5;23;3;114;36
3000000450;10;;Liberado;2026-01-13 00:00:00;2026-01-13 00:00:00;1297;1;APROBADO;2026-04-14 00:00:00;MORTIZ;2026-04-17 00:00:00;WYOMONA;2026-04-17 00:00:00;;;1825;1;APROBADO;2026-04-29 00:00:00;WYOMONA;2026-04-29 00:00:00;;;20601565839;REPRESENTACIONES TENA S.A.C.- R.TEN;FL10;YA02;40013049;;;;10;7000001732;10;;2026-04-23 00:00:00;LOSORIO;Liberado;2026-04-23 00:00:00;2026-04-24 00:00:00;WILHELM YOMONA;G02;ISAAC ARCE;14;Emergencia III (Veda);;11282;INTEGRA_AP;2026-04-30 00:00:00;2026-04-10 00:00:00;2026-04-13 00:00:00;5105610069;2026;01-E001-00000397;20260506;20260506;3100018990;1000019071;20260507;2026-04-17 00:00:00;2026-05-06 00:00:00;2026-05-07 00:00:00;94;12;-6;1;6;6;1;114;14
3000000451;10;;Liberado;2026-01-13 00:00:00;2026-01-13 00:00:00;876;1;APROBADO;2026-03-16 00:00:00;MORTIZ;2026-03-24 00:00:00;WYOMONA;2026-03-25 00:00:00;;;1055;1;APROBADO;2026-04-11 00:00:00;WYOMONA;2026-04-11 00:00:00;;;20601565839;REPRESENTACIONES TENA S.A.C.- R.TEN;FL10;YA02;40013050;;;;10;7000001309;30;;2026-04-01 00:00:00;LOSORIO;Liberado;2026-04-05 00:00:00;2026-04-06 00:00:00;WILHELM YOMONA;G02;ISAAC ARCE;14;Emergencia III (Veda);;6180;INTEGRA_AP;2026-04-11 00:00:00;2026-03-10 00:00:00;2026-03-11 00:00:00;5105609936;2026;01-E001-00000395;20260504;20260505;3100018690;1000019071;20260507;2026-03-25 00:00:00;2026-05-04 00:00:00;2026-05-07 00:00:00;71;17;-10;5;5;23;3;114;36
3000000455;10;;Liberado;2026-01-13 00:00:00;2026-01-13 00:00:00;1391;1;APROBADO;2026-04-16 00:00:00;MORTIZ;2026-05-08 00:00:00;M-JSALINAS;2026-05-08 00:00:00;;;2450;1;APROBADO;2026-05-20 00:00:00;M-wmelchor;2026-05-21 00:00:00;;;20602226400;M TEMOCHE S.A.C.;FL23;YA02;40013054;;;;10;7000002142;140;;2026-05-13 00:00:00;LOSORIO;Liberado;2026-05-19 00:00:00;2026-05-19 00:00:00;JUAN CARLOS SALINAS;G02;ISAAC ARCE;14;Emergencia III (Veda);;12484;INTEGRA_AP;2026-05-16 00:00:00;2026-04-19 00:00:00;2026-04-27 00:00:00;5105612175;2026;01-E001-00000865;20260527;20260529;3100023701;1000023765;20260605;2026-05-08 00:00:00;2026-05-27 00:00:00;2026-06-05 00:00:00;115;13;-8;6;-3;11;9;143;23
3000000456;10;;Liberado;2026-01-13 00:00:00;2026-01-13 00:00:00;1075;1;APROBADO;2026-03-31 00:00:00;MORTIZ;2026-05-07 00:00:00;JSALINAS;2026-05-09 00:00:00;;;2437;1;APROBADO;2026-05-19 00:00:00;JSALINAS;2026-05-20 00:00:00;;;20607753459;RPP TEC S.A.C.;FL23;YA02;40013055;;;;10;7000002191;10;;2026-05-15 00:00:00;LOSORIO;Liberado;2026-05-15 00:00:00;2026-05-18 00:00:00;JUAN CARLOS SALINAS;G02;ISAAC ARCE;14;Emergencia III (Veda);;12807;INTEGRA_AP;2026-05-19 00:00:00;2026-04-10 00:00:00;2026-04-13 00:00:00;5105612134;2026;01-E001-00000406;20260526;20260529;3100023660;1000023807;20260605;2026-05-09 00:00:00;2026-05-26 00:00:00;2026-06-05 00:00:00;116;11;-5;3;1;7;10;143;21
3000000459;10;;Liberado;2026-01-13 00:00:00;2026-01-13 00:00:00;1044;1;APROBADO;2026-03-28 00:00:00;MORTIZ;2026-04-17 00:00:00;JSALINAS;2026-04-17 00:00:00;;;1825;1;APROBADO;2026-04-29 00:00:00;WYOMONA;2026-04-29 00:00:00;;;20601565839;REPRESENTACIONES TENA S.A.C.- R.TEN;FL23;YA02;40013058;;;;10;7000001732;30;;2026-04-23 00:00:00;LOSORIO;Liberado;2026-04-23 00:00:00;2026-04-24 00:00:00;JUAN CARLOS SALINAS;G02;ISAAC ARCE;14;Emergencia III (Veda);;11282;INTEGRA_AP;2026-04-30 00:00:00;2026-03-31 00:00:00;2026-04-07 00:00:00;5105610069;2026;01-E001-00000397;20260506;20260506;3100018990;1000019071;20260507;2026-04-17 00:00:00;2026-05-06 00:00:00;2026-05-07 00:00:00;94;12;-6;1;6;6;1;114;14
3000000468;10;;Liberado;2026-01-13 00:00:00;2026-01-13 00:00:00;1311;1;APROBADO;2026-04-14 00:00:00;M-avasquez;2026-04-30 00:00:00;M-wmelchor;2026-04-30 00:00:00;;;2499;1;APROBADO;2026-05-21 00:00:00;M-wmelchor;2026-05-21 00:00:00;;;20551745989;J.O. ALEXIN E.I.R.L.;FL13;YA02;40013073;;;;10;7000002114;40;;2026-05-12 00:00:00;LOSORIO;Liberado;2026-05-13 00:00:00;2026-05-15 00:00:00;WILMER NELSON MELCHOR;G02;ISAAC ARCE;14;Emergencia III (Veda);;12981;INTEGRA_AP;2026-05-21 00:00:00;2026-05-21 00:00:00;2026-05-21 00:00:00;5105612359;2026;01-E001-00001157;20260601;20260601;3100023927;1000023665;20260607;2026-04-30 00:00:00;2026-06-01 00:00:00;2026-06-07 00:00:00;107;21;-9;3;6;11;6;145;26
3000000474;10;;Liberado;2026-01-13 00:00:00;2026-01-13 00:00:00;1042;1;APROBADO;2026-03-28 00:00:00;MORTIZ;2026-04-17 00:00:00;M-wmelchor;2026-04-23 00:00:00;;;2330;1;APROBADO;2026-05-15 00:00:00;WMELCHOR;2026-05-16 00:00:00;;;20601565839;REPRESENTACIONES TENA S.A.C.- R.TEN;FL13;YA02;40013079;;;;10;7000001854;10;;2026-04-29 00:00:00;LMENDOZAH;Liberado;2026-04-29 00:00:00;2026-05-04 00:00:00;WILMER NELSON MELCHOR;G02;ISAAC ARCE;14;Emergencia III (Veda);;12499;INTEGRA_AP;2026-05-17 00:00:00;2026-03-31 00:00:00;2026-04-04 00:00:00;5105611265;2026;01-E001-00000399;20260521;20260521;3100021534;1000021721;20260522;2026-04-23 00:00:00;2026-05-21 00:00:00;2026-05-22 00:00:00;100;23;-17;5;13;4;1;129;23
3000000477;10;;Liberado;2026-01-13 00:00:00;2026-01-13 00:00:00;1668;1;RECHAZADO;2026-05-07 00:00:00;MORTIZ;2026-05-08 00:00:00;;;WYOMONA;2026-05-08 00:00:00;2535;1;APROBADO;2026-05-22 00:00:00;M-wyomona;2026-05-25 00:00:00;;;20602226400;M TEMOCHE S.A.C.;FL18;YA02;40013082;;;;10;7000002279;10;;2026-05-20 00:00:00;LOSORIO;Liberado;2026-05-20 00:00:00;2026-05-21 00:00:00;WILHELM YOMONA;G02;ISAAC ARCE;14;Emergencia III (Veda);;13105;INTEGRA_AP;2026-05-25 00:00:00;2026-04-17 00:00:00;2026-04-17 00:00:00;5105612174;2026;01-E001-00000864;20260527;20260529;3100023700;1000023765;20260605;2026-05-08 00:00:00;2026-05-27 00:00:00;2026-06-05 00:00:00;115;17;-5;1;4;2;9;143;16
3000000477;10;;Liberado;2026-01-13 00:00:00;2026-01-13 00:00:00;1668;2;APROBADO;2026-05-08 00:00:00;M-mortiz;2026-05-08 00:00:00;WYOMONA;2026-05-14 00:00:00;;;2535;1;APROBADO;2026-05-22 00:00:00;M-wyomona;2026-05-25 00:00:00;;;20602226400;M TEMOCHE S.A.C.;FL18;YA02;40013082;;;;10;7000002279;10;;2026-05-20 00:00:00;LOSORIO;Liberado;2026-05-20 00:00:00;2026-05-21 00:00:00;WILHELM YOMONA;G02;ISAAC ARCE;14;Emergencia III (Veda);;13105;INTEGRA_AP;2026-05-25 00:00:00;2026-04-17 00:00:00;2026-04-17 00:00:00;5105612174;2026;01-E001-00000864;20260527;20260529;3100023700;1000023765;20260605;2026-05-14 00:00:00;2026-05-27 00:00:00;2026-06-05 00:00:00;121;11;-5;1;4;2;9;143;16
3000000478;10;;Liberado;2026-01-13 00:00:00;2026-01-13 00:00:00;1669;1;APROBADO;2026-05-07 00:00:00;MORTIZ;2026-05-08 00:00:00;WYOMONA;2026-05-08 00:00:00;;;2450;1;APROBADO;2026-05-20 00:00:00;M-wmelchor;2026-05-21 00:00:00;;;20602226400;M TEMOCHE S.A.C.;FL18;YA02;40013083;;;;10;7000002142;10;;2026-05-13 00:00:00;LOSORIO;Liberado;2026-05-19 00:00:00;2026-05-19 00:00:00;WILHELM YOMONA;G02;ISAAC ARCE;14;Emergencia III (Veda);;12484;INTEGRA_AP;2026-05-16 00:00:00;2026-04-17 00:00:00;2026-04-17 00:00:00;5105612175;2026;01-E001-00000865;20260527;20260529;3100023701;1000023765;20260605;2026-05-08 00:00:00;2026-05-27 00:00:00;2026-06-05 00:00:00;115;13;-8;6;-3;11;9;143;23
3000000479;10;;Liberado;2026-01-13 00:00:00;2026-01-13 00:00:00;1672;1;APROBADO;2026-05-07 00:00:00;MORTIZ;2026-05-08 00:00:00;WYOMONA;2026-05-08 00:00:00;;;2450;1;APROBADO;2026-05-20 00:00:00;M-wmelchor;2026-05-21 00:00:00;;;20602226400;M TEMOCHE S.A.C.;FL18;YA02;40013084;;;;10;7000002142;20;;2026-05-13 00:00:00;LOSORIO;Liberado;2026-05-19 00:00:00;2026-05-19 00:00:00;WILHELM YOMONA;G02;ISAAC ARCE;14;Emergencia III (Veda);;12484;INTEGRA_AP;2026-05-16 00:00:00;2026-04-17 00:00:00;2026-04-17 00:00:00;5105612175;2026;01-E001-00000865;20260527;20260529;3100023701;1000023765;20260605;2026-05-08 00:00:00;2026-05-27 00:00:00;2026-06-05 00:00:00;115;13;-8;6;-3;11;9;143;23
3000000483;10;;Liberado;2026-01-13 00:00:00;2026-01-13 00:00:00;109;1;APROBADO;2026-01-22 00:00:00;MORTIZ;2026-03-14 00:00:00;JSALINAS;2026-03-16 00:00:00;;;1007;1;APROBADO;2026-04-08 00:00:00;JSALINAS;2026-04-09 00:00:00;;;20563059801;C V DIVING S.A.C.;FL24;YA02;40013088;;;;10;7000001163;10;;2026-03-26 00:00:00;GALTAMIRANO;Liberado;2026-04-01 00:00:00;2026-04-06 00:00:00;JUAN CARLOS SALINAS;G02;ISAAC ARCE;14;Emergencia III (Veda);;6134;GRONCAL;2026-04-11 00:00:00;2026-01-29 00:00:00;2026-01-30 00:00:00;5105607955;2026;01-E001-00000254;20260413;20260415;3100014870;1000017953;20260430;2026-03-16 00:00:00;2026-04-13 00:00:00;2026-04-30 00:00:00;62;24;-14;11;5;2;17;107;35
3000000486;10;;Liberado;2026-01-13 00:00:00;2026-01-13 00:00:00;577;1;APROBADO;2026-02-26 00:00:00;MORTIZ;2026-03-14 00:00:00;JSALINAS;2026-03-16 00:00:00;;;1104;1;APROBADO;2026-04-14 00:00:00;JSALINAS;2026-04-14 00:00:00;;;20601565839;REPRESENTACIONES TENA S.A.C.- R.TEN;FL24;YA02;40013090;;;;20;7000001209;20;;2026-03-30 00:00:00;IARCE;Liberado;2026-03-30 00:00:00;2026-03-31 00:00:00;JUAN CARLOS SALINAS;G02;ISAAC ARCE;14;Emergencia III (Veda);;5631;GRONCAL;2026-04-06 00:00:00;2026-02-17 00:00:00;2026-02-18 00:00:00;5105608400;2026;01-E001-00000391;20260420;20260421;3100015962;1000016578;20260422;2026-03-16 00:00:00;2026-04-20 00:00:00;2026-04-22 00:00:00;62;29;-15;1;6;14;2;99;23
3000000487;10;;Liberado;2026-01-13 00:00:00;2026-01-13 00:00:00;578;1;APROBADO;2026-02-26 00:00:00;MORTIZ;2026-03-14 00:00:00;JSALINAS;2026-03-16 00:00:00;;;1104;1;APROBADO;2026-04-14 00:00:00;JSALINAS;2026-04-14 00:00:00;;;20601565839;REPRESENTACIONES TENA S.A.C.- R.TEN;FL24;YA02;40013090;;;;30;7000001209;30;;2026-03-30 00:00:00;IARCE;Liberado;2026-03-30 00:00:00;2026-03-31 00:00:00;JUAN CARLOS SALINAS;G02;ISAAC ARCE;14;Emergencia III (Veda);;5631;GRONCAL;2026-04-06 00:00:00;2026-02-17 00:00:00;2026-02-18 00:00:00;5105608400;2026;01-E001-00000391;20260420;20260421;3100015962;1000016578;20260422;2026-03-16 00:00:00;2026-04-20 00:00:00;2026-04-22 00:00:00;62;29;-15;1;6;14;2;99;23
3000000517;10;;Liberado;2026-01-13 00:00:00;2026-01-13 00:00:00;157;1;RECHAZADO;2026-01-26 00:00:00;JALVAP;2026-02-09 00:00:00;;;WMELCHOR;2026-02-16 00:00:00;2943;1;RECHAZADO;2026-06-12 00:00:00;;;WMELCHOR;46216;20541629361;INVERSIONES MAV E.I.R.L.;FL13;YA02;40013378;;;;10;7000001272;10;;2026-04-01 00:00:00;LOSORIO;Liberado;2026-04-01 00:00:00;2026-04-06 00:00:00;WILMER NELSON MELCHOR;G08;MADELINE FALCÓN;14;Emergencia III (Veda);;15595;INTEGRA_AP;2026-07-25 00:00:00;;;5105615970;2026;01-E001-00005070;20260805;20260805;3100032966;;;2026-02-09 00:00:00;2026-08-05 00:00:00;;27;Pendiente;Pendiente;5;110;11;Pendiente;Pendiente;Pendiente
3000000517;10;;Liberado;2026-01-13 00:00:00;2026-01-13 00:00:00;157;2;APROBADO;2026-03-09 00:00:00;JALVAP;2026-03-14 00:00:00;WMELCHOR;2026-03-23 00:00:00;;;2943;1;RECHAZADO;2026-06-12 00:00:00;;;WMELCHOR;46216;20541629361;INVERSIONES MAV E.I.R.L.;FL13;YA02;40013378;;;;10;7000001272;10;;2026-04-01 00:00:00;LOSORIO;Liberado;2026-04-01 00:00:00;2026-04-06 00:00:00;WILMER NELSON MELCHOR;G08;MADELINE FALCÓN;14;Emergencia III (Veda);;15595;INTEGRA_AP;2026-07-25 00:00:00;;;5105615970;2026;01-E001-00005070;20260805;20260805;3100032966;;;2026-03-23 00:00:00;2026-08-05 00:00:00;;69;Pendiente;Pendiente;5;110;11;Pendiente;Pendiente;Pendiente
3000000517;10;;Liberado;2026-01-13 00:00:00;2026-01-13 00:00:00;157;1;RECHAZADO;2026-01-26 00:00:00;JALVAP;2026-02-09 00:00:00;;;WMELCHOR;2026-02-16 00:00:00;2943;1;RECHAZADO;2026-06-12 00:00:00;;;WMELCHOR;46216;20541629361;INVERSIONES MAV E.I.R.L.;FL13;YA02;40013378;;;;10;7000001272;10;;2026-04-01 00:00:00;LOSORIO;Liberado;2026-04-01 00:00:00;2026-04-06 00:00:00;WILMER NELSON MELCHOR;G08;MADELINE FALCÓN;14;Emergencia III (Veda);;15595;INTEGRA_AP;2026-07-25 00:00:00;;;5105615970;2026;01-E001-00005070;20260805;20260805;3100032966;;;2026-02-09 00:00:00;2026-08-05 00:00:00;;27;Pendiente;Pendiente;5;110;11;Pendiente;Pendiente;Pendiente
3000000517;10;;Liberado;2026-01-13 00:00:00;2026-01-13 00:00:00;157;2;APROBADO;2026-03-09 00:00:00;JALVAP;2026-03-14 00:00:00;WMELCHOR;2026-03-23 00:00:00;;;2943;1;RECHAZADO;2026-06-12 00:00:00;;;WMELCHOR;46216;20541629361;INVERSIONES MAV E.I.R.L.;FL13;YA02;40013378;;;;10;7000001272;10;;2026-04-01 00:00:00;LOSORIO;Liberado;2026-04-01 00:00:00;2026-04-06 00:00:00;WILMER NELSON MELCHOR;G08;MADELINE FALCÓN;14;Emergencia III (Veda);;15595;INTEGRA_AP;2026-07-25 00:00:00;;;5105615970;2026;01-E001-00005070;20260805;20260805;3100032966;;;2026-03-23 00:00:00;2026-08-05 00:00:00;;69;Pendiente;Pendiente;5;110;11;Pendiente;Pendiente;Pendiente
3000000518;10;;Liberado;2026-01-13 00:00:00;2026-01-13 00:00:00;32;1;RECHAZADO;2026-01-13 00:00:00;;;;;WRODRIGUEZS;2026-01-14 00:00:00;199;1;APROBADO;2026-02-05 00:00:00;MVELASQUEZ;2026-02-06 00:00:00;;;20226220641;EMPRESA DE SERVICIOS MULTIPLES SERM;AG04;YA01;40013379;;;;10;7000000132;10;;2026-01-28 00:00:00;LOSORIO;Liberado;2026-01-29 00:00:00;2026-01-30 00:00:00;JORGE BACILIO CHAVEZ;G14;GERALDINE SANCHEZ;1;Emergencia I (en operación);;2177;INTEGRA_AP;2026-02-06 00:00:00;;;5105601694;2026;01-FFF1-00000966;20260209;20260211;3100003012;1000006099;20260214;;2026-02-09 00:00:00;2026-02-14 00:00:00;Pendiente;Pendiente;-9;2;7;3;5;32;17
3000000518;10;;Liberado;2026-01-13 00:00:00;2026-01-13 00:00:00;32;2;APROBADO;2026-01-14 00:00:00;WRODRIGUEZS;2026-01-15 00:00:00;WRODRIGUEZS;2026-01-15 00:00:00;;;199;1;APROBADO;2026-02-05 00:00:00;MVELASQUEZ;2026-02-06 00:00:00;;;20226220641;EMPRESA DE SERVICIOS MULTIPLES SERM;AG04;YA01;40013379;;;;10;7000000132;10;;2026-01-28 00:00:00;LOSORIO;Liberado;2026-01-29 00:00:00;2026-01-30 00:00:00;JORGE BACILIO CHAVEZ;G14;GERALDINE SANCHEZ;1;Emergencia I (en operación);;2177;INTEGRA_AP;2026-02-06 00:00:00;;;5105601694;2026;01-FFF1-00000966;20260209;20260211;3100003012;1000006099;20260214;2026-01-15 00:00:00;2026-02-09 00:00:00;2026-02-14 00:00:00;2;22;-9;2;7;3;5;32;17
3000000519;10;;Liberado;2026-01-13 00:00:00;2026-01-13 00:00:00;63;1;APROBADO;2026-01-19 00:00:00;RBLONDET;2026-01-19 00:00:00;RBLONDET;2026-01-19 00:00:00;;;476;1;APROBADO;2026-03-06 00:00:00;JLIZARBE;2026-03-06 00:00:00;;;20507119787;TECNOLOGIAS DE SEPARACION S.A.C.;AG08;YA04;50000032;;;;30;7000000488;10;;2026-02-17 00:00:00;LOSORIO;Liberado;2026-02-18 00:00:00;2026-02-19 00:00:00;;G02;ISAAC ARCE;1;Emergencia I (en operación);;3704;INTEGRA_AP;2026-03-07 00:00:00;;;5105605341;2026;01-FFF1-00001818;20260309;20260320;3100009918;1000014781;20260410;2026-01-19 00:00:00;2026-03-09 00:00:00;2026-04-10 00:00:00;6;46;-17;2;16;2;32;87;52
3000000524;10;;Liberado;2026-01-13 00:00:00;2026-01-13 00:00:00;1332;1;RECHAZADO;2026-04-14 00:00:00;AVASQUEZ;2026-04-15 00:00:00;;;WMELCHOR;2026-04-16 00:00:00;2029;1;APROBADO;2026-05-06 00:00:00;M-WMELCHOR;2026-05-06 00:00:00;;;20551745989;J.O. ALEXIN E.I.R.L.;FL22;YA02;40013375;;;;10;7000001749;50;;2026-04-24 00:00:00;LOSORIO;Liberado;2026-04-28 00:00:00;2026-04-29 00:00:00;WILMER NELSON MELCHOR;G02;ISAAC ARCE;14;Emergencia III (Veda);;11816;INTEGRA_AP;2026-05-06 00:00:00;2026-05-05 00:00:00;2026-05-05 00:00:00;5105610234;2026;01-E001-00001133;20260508;20260511;3100019258;1000019694;20260512;2026-04-15 00:00:00;2026-05-08 00:00:00;2026-05-12 00:00:00;92;21;-12;5;7;2;4;119;18
3000000524;10;;Liberado;2026-01-13 00:00:00;2026-01-13 00:00:00;1332;2;APROBADO;2026-04-17 00:00:00;AVASQUEZ;2026-04-20 00:00:00;M-wmelchor;2026-04-20 00:00:00;;;2029;1;APROBADO;2026-05-06 00:00:00;M-WMELCHOR;2026-05-06 00:00:00;;;20551745989;J.O. ALEXIN E.I.R.L.;FL22;YA02;40013375;;;;10;7000001749;50;;2026-04-24 00:00:00;LOSORIO;Liberado;2026-04-28 00:00:00;2026-04-29 00:00:00;WILMER NELSON MELCHOR;G02;ISAAC ARCE;14;Emergencia III (Veda);;11816;INTEGRA_AP;2026-05-06 00:00:00;2026-05-05 00:00:00;2026-05-05 00:00:00;5105610234;2026;01-E001-00001133;20260508;20260511;3100019258;1000019694;20260512;2026-04-20 00:00:00;2026-05-08 00:00:00;2026-05-12 00:00:00;97;16;-12;5;7;2;4;119;18
3000000527;10;;Liberado;2026-01-13 00:00:00;2026-01-13 00:00:00;305;1;RECHAZADO;2026-02-03 00:00:00;;;;;AVASQUEZ;2026-02-04 00:00:00;500;1;APROBADO;2026-03-08 00:00:00;M-wmelchor;2026-03-09 00:00:00;;;20551745989;J.O. ALEXIN E.I.R.L.;FL22;YA02;40013381;;;;10;7000000754;30;;2026-03-04 00:00:00;LOSORIO;Liberado;2026-03-04 00:00:00;2026-03-05 00:00:00;WILMER NELSON MELCHOR;G02;ISAAC ARCE;14;Emergencia III (Veda);;3864;GGALLO;2026-03-11 00:00:00;2026-01-22 00:00:00;2026-01-23 00:00:00;5105604235;2026;01-E001-00001091;20260312;20260312;3100008101;1000010564;20260314;;2026-03-12 00:00:00;2026-03-14 00:00:00;Pendiente;Pendiente;-5;1;6;1;2;60;10
3000000527;10;;Liberado;2026-01-13 00:00:00;2026-01-13 00:00:00;305;2;APROBADO;2026-02-04 00:00:00;AVASQUEZ;2026-02-25 00:00:00;WMELCHOR;2026-02-25 00:00:00;;;500;1;APROBADO;2026-03-08 00:00:00;M-wmelchor;2026-03-09 00:00:00;;;20551745989;J.O. ALEXIN E.I.R.L.;FL22;YA02;40013381;;;;10;7000000754;30;;2026-03-04 00:00:00;LOSORIO;Liberado;2026-03-04 00:00:00;2026-03-05 00:00:00;WILMER NELSON MELCHOR;G02;ISAAC ARCE;14;Emergencia III (Veda);;3864;GGALLO;2026-03-11 00:00:00;2026-01-22 00:00:00;2026-01-23 00:00:00;5105604235;2026;01-E001-00001091;20260312;20260312;3100008101;1000010564;20260314;2026-02-25 00:00:00;2026-03-12 00:00:00;2026-03-14 00:00:00;43;12;-5;1;6;1;2;60;10
3000000528;10;;Liberado;2026-01-13 00:00:00;2026-01-13 00:00:00;304;1;RECHAZADO;2026-02-03 00:00:00;;;;;AVASQUEZ;2026-02-04 00:00:00;500;1;APROBADO;2026-03-08 00:00:00;M-wmelchor;2026-03-09 00:00:00;;;20551745989;J.O. ALEXIN E.I.R.L.;FL22;YA02;40013382;;;;10;7000000754;40;;2026-03-04 00:00:00;LOSORIO;Liberado;2026-03-04 00:00:00;2026-03-05 00:00:00;WILMER NELSON MELCHOR;G02;ISAAC ARCE;14;Emergencia III (Veda);;3864;GGALLO;2026-03-11 00:00:00;2026-01-22 00:00:00;2026-01-23 00:00:00;5105604235;2026;01-E001-00001091;20260312;20260312;3100008101;1000010564;20260314;;2026-03-12 00:00:00;2026-03-14 00:00:00;Pendiente;Pendiente;-5;1;6;1;2;60;10
3000000528;10;;Liberado;2026-01-13 00:00:00;2026-01-13 00:00:00;304;2;RECHAZADO;2026-02-04 00:00:00;AVASQUEZ;2026-02-04 00:00:00;;;WMELCHOR;2026-02-05 00:00:00;500;1;APROBADO;2026-03-08 00:00:00;M-wmelchor;2026-03-09 00:00:00;;;20551745989;J.O. ALEXIN E.I.R.L.;FL22;YA02;40013382;;;;10;7000000754;40;;2026-03-04 00:00:00;LOSORIO;Liberado;2026-03-04 00:00:00;2026-03-05 00:00:00;WILMER NELSON MELCHOR;G02;ISAAC ARCE;14;Emergencia III (Veda);;3864;GGALLO;2026-03-11 00:00:00;2026-01-22 00:00:00;2026-01-23 00:00:00;5105604235;2026;01-E001-00001091;20260312;20260312;3100008101;1000010564;20260314;2026-02-04 00:00:00;2026-03-12 00:00:00;2026-03-14 00:00:00;22;33;-5;1;6;1;2;60;10
3000000528;10;;Liberado;2026-01-13 00:00:00;2026-01-13 00:00:00;304;3;RECHAZADO;2026-02-06 00:00:00;;;;;AVASQUEZ;2026-02-25 00:00:00;500;1;APROBADO;2026-03-08 00:00:00;M-wmelchor;2026-03-09 00:00:00;;;20551745989;J.O. ALEXIN E.I.R.L.;FL22;YA02;40013382;;;;10;7000000754;40;;2026-03-04 00:00:00;LOSORIO;Liberado;2026-03-04 00:00:00;2026-03-05 00:00:00;WILMER NELSON MELCHOR;G02;ISAAC ARCE;14;Emergencia III (Veda);;3864;GGALLO;2026-03-11 00:00:00;2026-01-22 00:00:00;2026-01-23 00:00:00;5105604235;2026;01-E001-00001091;20260312;20260312;3100008101;1000010564;20260314;;2026-03-12 00:00:00;2026-03-14 00:00:00;Pendiente;Pendiente;-5;1;6;1;2;60;10
3000000528;10;;Liberado;2026-01-13 00:00:00;2026-01-13 00:00:00;304;4;APROBADO;2026-02-25 00:00:00;AVASQUEZ;2026-02-25 00:00:00;WMELCHOR;2026-02-25 00:00:00;;;500;1;APROBADO;2026-03-08 00:00:00;M-wmelchor;2026-03-09 00:00:00;;;20551745989;J.O. ALEXIN E.I.R.L.;FL22;YA02;40013382;;;;10;7000000754;40;;2026-03-04 00:00:00;LOSORIO;Liberado;2026-03-04 00:00:00;2026-03-05 00:00:00;WILMER NELSON MELCHOR;G02;ISAAC ARCE;14;Emergencia III (Veda);;3864;GGALLO;2026-03-11 00:00:00;2026-01-22 00:00:00;2026-01-23 00:00:00;5105604235;2026;01-E001-00001091;20260312;20260312;3100008101;1000010564;20260314;2026-02-25 00:00:00;2026-03-12 00:00:00;2026-03-14 00:00:00;43;12;-5;1;6;1;2;60;10
3000000530;10;;Liberado;2026-01-14 00:00:00;2026-01-14 00:00:00;291;1;RECHAZADO;2026-02-03 00:00:00;;;;;AVASQUEZ;2026-02-04 00:00:00;261;1;APROBADO;2026-02-11 00:00:00;WMELCHOR;2026-02-17 00:00:00;;;20551745989;J.O. ALEXIN E.I.R.L.;FL22;YA02;40013385;;;;10;7000000329;10;;2026-02-09 00:00:00;ABAMONDE;Liberado;2026-02-10 00:00:00;2026-02-10 00:00:00;WILMER NELSON MELCHOR;G12;RENZO CÁCERES;14;Emergencia III (Veda);;2717;INTEGRA_AP;2026-02-17 00:00:00;2026-01-22 00:00:00;2026-01-23 00:00:00;5105603382;2026;01-E001-00001081;20260302;20260304;3100006290;1000009088;20260305;;2026-03-02 00:00:00;2026-03-05 00:00:00;Pendiente;Pendiente;-8;1;7;13;3;50;24
3000000530;10;;Liberado;2026-01-14 00:00:00;2026-01-14 00:00:00;291;2;APROBADO;2026-02-04 00:00:00;AVASQUEZ;2026-02-04 00:00:00;WMELCHOR;2026-02-05 00:00:00;;;261;1;APROBADO;2026-02-11 00:00:00;WMELCHOR;2026-02-17 00:00:00;;;20551745989;J.O. ALEXIN E.I.R.L.;FL22;YA02;40013385;;;;10;7000000329;10;;2026-02-09 00:00:00;ABAMONDE;Liberado;2026-02-10 00:00:00;2026-02-10 00:00:00;WILMER NELSON MELCHOR;G12;RENZO CÁCERES;14;Emergencia III (Veda);;2717;INTEGRA_AP;2026-02-17 00:00:00;2026-01-22 00:00:00;2026-01-23 00:00:00;5105603382;2026;01-E001-00001081;20260302;20260304;3100006290;1000009088;20260305;2026-02-05 00:00:00;2026-03-02 00:00:00;2026-03-05 00:00:00;22;12;-8;1;7;13;3;50;24
3000000533;10;;Liberado;2026-01-14 00:00:00;2026-01-14 00:00:00;236;1;APROBADO;2026-01-29 00:00:00;WRODRIGUEZS;2026-02-02 00:00:00;WRODRIGUEZS;2026-02-02 00:00:00;;;289;1;APROBADO;2026-02-13 00:00:00;JGONZALESD;2026-03-22 00:00:00;;;20526110758;FABRICACIONES Y MONTAJES DARSOT S.R;AG04;YA01;40013393;;;;10;7000000283;10;;2026-02-05 00:00:00;ABAMONDE;Liberado;2026-02-05 00:00:00;2026-02-06 00:00:00;JORGE BACILIO CHAVEZ;G02;ISAAC ARCE;1;Emergencia I (en operación);;4670;INTEGRA_AP;2026-03-22 00:00:00;;;5105605631;2026;01-E001-00001266;20260323;20260325;3100010571;1000012617;20260327;2026-02-02 00:00:00;2026-03-23 00:00:00;2026-03-27 00:00:00;19;48;-45;1;44;1;4;72;50
3000000537;10;;Liberado;2026-01-14 00:00:00;2026-01-14 00:00:00;1894;1;APROBADO;2026-05-27 00:00:00;JALVAP;2026-05-28 00:00:00;WFELIPE;2026-06-03 00:00:00;;;3295;1;APROBADO;2026-07-14 00:00:00;WMELCHOR;2026-07-24 00:00:00;;;20509239089;RESET - ELECTRONICA Y SISTEMAS S.R.;FL13;YA02;40013397;;;;10;7000002551;10;;2026-06-08 00:00:00;LMENDOZAH;Liberado;2026-06-09 00:00:00;2026-06-09 00:00:00;WILMER NELSON MELCHOR;G01;JOSÉ BAZÁN;14;Emergencia III (Veda);;15330;INTEGRA_AP;2026-07-19 00:00:00;2026-01-17 00:00:00;2026-01-19 00:00:00;5105615551;2026;01-F001-00008219;20260727;20260730;3100032317;;;2026-06-03 00:00:00;2026-07-27 00:00:00;;140;51;-46;1;40;8;Pendiente;Pendiente;Pendiente
3000000539;10;;Liberado;2026-01-14 00:00:00;2026-01-14 00:00:00;661;1;APROBADO;2026-03-03 00:00:00;RBLONDET;2026-03-03 00:00:00;RBLONDET;2026-03-03 00:00:00;;;971;1;APROBADO;2026-04-07 00:00:00;JLIZARBE;2026-04-07 00:00:00;;;20602847790;CONSERMEC E.I.R.L.;AG08;YA02;40013399;;;;10;7000001293;50;;2026-04-01 00:00:00;IARCE;Liberado;2026-04-01 00:00:00;2026-04-05 00:00:00;LUIS OMAR GARCIA;G02;ISAAC ARCE;1;Emergencia I (en operación);;5804;JLIZARBE;2026-04-07 00:00:00;;;5105607785;2026;01-E001-00000526;20260410;20260414;3100014502;1000017867;20260429;2026-03-03 00:00:00;2026-04-10 00:00:00;2026-04-29 00:00:00;48;35;-6;4;2;3;19;105;28
3000000541;10;;Liberado;2026-01-14 00:00:00;2026-01-14 00:00:00;827;1;APROBADO;2026-03-12 00:00:00;JCUSTODIO;2026-03-12 00:00:00;WMELCHOR;2026-03-15 00:00:00;;;900;1;APROBADO;2026-04-06 00:00:00;WMELCHOR;2026-04-09 00:00:00;;;20473495598;MC TRADE S.A.C.;FL22;YA02;40013395;;;;10;7000001142;10;;2026-03-26 00:00:00;LOSORIO;Liberado;2026-03-26 00:00:00;2026-03-30 00:00:00;WILMER NELSON MELCHOR;G12;RENZO CÁCERES;14;Emergencia III (Veda);;6102;GRONCAL;2026-04-11 00:00:00;2026-03-13 00:00:00;2026-03-18 00:00:00;5105608280;2026;01-FA01-00001553;20260414;20260417;3100015575;1000020646;20260515;2026-03-15 00:00:00;2026-04-14 00:00:00;2026-05-15 00:00:00;60;25;-14;4;12;3;31;121;50
3000000546;10;;Liberado;2026-01-14 00:00:00;2026-01-14 00:00:00;12;1;RECHAZADO;2026-01-09 00:00:00;;;;;JKONGSAN;2026-01-15 00:00:00;222;1;APROBADO;2026-02-09 00:00:00;JCAVERO;2026-02-16 00:00:00;;;20226220641;EMPRESA DE SERVICIOS MULTIPLES SERM;AG07;YA01;40011323;;;;10;7000000297;10;;2026-02-05 00:00:00;LOSORIO;Liberado;2026-02-06 00:00:00;2026-02-09 00:00:00;HUGO EDILBERTO BENDEZU;G12;RENZO CÁCERES;1;Emergencia I (en operación);;2689;INTEGRA_AP;2026-02-16 00:00:00;;;5105602406;2026;01-FFF1-00000969;20260219;20260219;3100004357;1000007368;20260220;;2026-02-19 00:00:00;2026-02-20 00:00:00;Pendiente;Pendiente;-11;4;7;3;1;37;15
3000000546;10;;Liberado;2026-01-14 00:00:00;2026-01-14 00:00:00;12;2;RECHAZADO;2026-01-15 00:00:00;;;;;JKONGSAN;2026-01-17 00:00:00;222;1;APROBADO;2026-02-09 00:00:00;JCAVERO;2026-02-16 00:00:00;;;20226220641;EMPRESA DE SERVICIOS MULTIPLES SERM;AG07;YA01;40011323;;;;10;7000000297;10;;2026-02-05 00:00:00;LOSORIO;Liberado;2026-02-06 00:00:00;2026-02-09 00:00:00;HUGO EDILBERTO BENDEZU;G12;RENZO CÁCERES;1;Emergencia I (en operación);;2689;INTEGRA_AP;2026-02-16 00:00:00;;;5105602406;2026;01-FFF1-00000969;20260219;20260219;3100004357;1000007368;20260220;;2026-02-19 00:00:00;2026-02-20 00:00:00;Pendiente;Pendiente;-11;4;7;3;1;37;15
3000000546;10;;Liberado;2026-01-14 00:00:00;2026-01-14 00:00:00;12;3;RECHAZADO;2026-01-19 00:00:00;;;;;JKONGSAN;2026-01-20 00:00:00;222;1;APROBADO;2026-02-09 00:00:00;JCAVERO;2026-02-16 00:00:00;;;20226220641;EMPRESA DE SERVICIOS MULTIPLES SERM;AG07;YA01;40011323;;;;10;7000000297;10;;2026-02-05 00:00:00;LOSORIO;Liberado;2026-02-06 00:00:00;2026-02-09 00:00:00;HUGO EDILBERTO BENDEZU;G12;RENZO CÁCERES;1;Emergencia I (en operación);;2689;INTEGRA_AP;2026-02-16 00:00:00;;;5105602406;2026;01-FFF1-00000969;20260219;20260219;3100004357;1000007368;20260220;;2026-02-19 00:00:00;2026-02-20 00:00:00;Pendiente;Pendiente;-11;4;7;3;1;37;15
3000000546;10;;Liberado;2026-01-14 00:00:00;2026-01-14 00:00:00;12;4;APROBADO;2026-01-21 00:00:00;JKONGSAN;2026-01-27 00:00:00;JKONGSAN;2026-01-27 00:00:00;;;222;1;APROBADO;2026-02-09 00:00:00;JCAVERO;2026-02-16 00:00:00;;;20226220641;EMPRESA DE SERVICIOS MULTIPLES SERM;AG07;YA01;40011323;;;;10;7000000297;10;;2026-02-05 00:00:00;LOSORIO;Liberado;2026-02-06 00:00:00;2026-02-09 00:00:00;HUGO EDILBERTO BENDEZU;G12;RENZO CÁCERES;1;Emergencia I (en operación);;2689;INTEGRA_AP;2026-02-16 00:00:00;;;5105602406;2026;01-FFF1-00000969;20260219;20260219;3100004357;1000007368;20260220;2026-01-27 00:00:00;2026-02-19 00:00:00;2026-02-20 00:00:00;13;20;-11;4;7;3;1;37;15
3000000548;10;;Liberado;2026-01-14 00:00:00;2026-01-14 00:00:00;30;1;RECHAZADO;2026-01-12 00:00:00;;;;;JKONGSAN;2026-01-15 00:00:00;741;1;APROBADO;2026-03-25 00:00:00;JCAVERO;2026-03-25 00:00:00;;;10223065754;JAVIER GIOVANNI MANCINI VILCA;AG07;YA01;40012552;;;;10;7000000683;10;;2026-02-27 00:00:00;LOSORIO;Liberado;2026-03-02 00:00:00;2026-03-02 00:00:00;;G10;GIORDANNO ALTAMIRA;1;Emergencia I (en operación);;4906;INTEGRA_AP;2026-03-25 00:00:00;;;5105606742;2026;01-E001-00000739;20260326;20260331;3100012357;1000014421;20260409;;2026-03-26 00:00:00;2026-04-09 00:00:00;Pendiente;Pendiente;-26;3;23;1;14;85;41
3000000548;10;;Liberado;2026-01-14 00:00:00;2026-01-14 00:00:00;30;2;RECHAZADO;2026-01-16 00:00:00;;;;;JKONGSAN;2026-01-17 00:00:00;741;1;APROBADO;2026-03-25 00:00:00;JCAVERO;2026-03-25 00:00:00;;;10223065754;JAVIER GIOVANNI MANCINI VILCA;AG07;YA01;40012552;;;;10;7000000683;10;;2026-02-27 00:00:00;LOSORIO;Liberado;2026-03-02 00:00:00;2026-03-02 00:00:00;;G10;GIORDANNO ALTAMIRA;1;Emergencia I (en operación);;4906;INTEGRA_AP;2026-03-25 00:00:00;;;5105606742;2026;01-E001-00000739;20260326;20260331;3100012357;1000014421;20260409;;2026-03-26 00:00:00;2026-04-09 00:00:00;Pendiente;Pendiente;-26;3;23;1;14;85;41
3000000548;10;;Liberado;2026-01-14 00:00:00;2026-01-14 00:00:00;30;3;RECHAZADO;2026-02-02 00:00:00;;;;;JKONGSAN;2026-02-04 00:00:00;741;1;APROBADO;2026-03-25 00:00:00;JCAVERO;2026-03-25 00:00:00;;;10223065754;JAVIER GIOVANNI MANCINI VILCA;AG07;YA01;40012552;;;;10;7000000683;10;;2026-02-27 00:00:00;LOSORIO;Liberado;2026-03-02 00:00:00;2026-03-02 00:00:00;;G10;GIORDANNO ALTAMIRA;1;Emergencia I (en operación);;4906;INTEGRA_AP;2026-03-25 00:00:00;;;5105606742;2026;01-E001-00000739;20260326;20260331;3100012357;1000014421;20260409;;2026-03-26 00:00:00;2026-04-09 00:00:00;Pendiente;Pendiente;-26;3;23;1;14;85;41
3000000548;10;;Liberado;2026-01-14 00:00:00;2026-01-14 00:00:00;30;4;APROBADO;2026-02-04 00:00:00;JKONGSAN;2026-02-04 00:00:00;JKONGSAN;2026-02-04 00:00:00;;;741;1;APROBADO;2026-03-25 00:00:00;JCAVERO;2026-03-25 00:00:00;;;10223065754;JAVIER GIOVANNI MANCINI VILCA;AG07;YA01;40012552;;;;10;7000000683;10;;2026-02-27 00:00:00;LOSORIO;Liberado;2026-03-02 00:00:00;2026-03-02 00:00:00;;G10;GIORDANNO ALTAMIRA;1;Emergencia I (en operación);;4906;INTEGRA_AP;2026-03-25 00:00:00;;;5105606742;2026;01-E001-00000739;20260326;20260331;3100012357;1000014421;20260409;2026-02-04 00:00:00;2026-03-26 00:00:00;2026-04-09 00:00:00;21;49;-26;3;23;1;14;85;41
3000000550;10;;Liberado;2026-01-14 00:00:00;2026-01-14 00:00:00;43;1;APROBADO;2026-01-14 00:00:00;JKONGSAN;2026-01-14 00:00:00;JKONGSAN;2026-01-14 00:00:00;;;19;1;RECHAZADO;2026-01-21 00:00:00;JCAVERO;2026-01-23 00:00:00;JCAVERO;46056;20100685095;ELECTRONIC SYSTEMS INTERNATIONAL S.;AG07;YA01;40012562;;;;10;7000000071;10;;2026-01-22 00:00:00;LOSORIO;Liberado;2026-01-28 00:00:00;2026-01-29 00:00:00;;G14;GERALDINE SANCHEZ;1;Emergencia I (en operación);;2438;INTEGRA_AP;2026-02-11 00:00:00;;;5105602710;2026;01-F001-00000870;20260216;20260225;3100004868;1000008247;20260227;2026-01-14 00:00:00;2026-02-16 00:00:00;2026-02-27 00:00:00;0;9;-1;7;13;5;11;44;36
3000000566;10;;Liberado;2026-01-14 00:00:00;2026-01-14 00:00:00;362;1;APROBADO;2026-02-09 00:00:00;AALMEYDA;2026-02-10 00:00:00;AALMEYDA;2026-02-10 00:00:00;;;326;1;APROBADO;2026-02-19 00:00:00;LGARCIA;2026-02-20 00:00:00;;;20606799676;IMPORTACIONES & SERVICIOS JAVIER E.;AG06;YA02;40011398;;;;40;7000000070;10;;2026-01-22 00:00:00;GALTAMIRANO;Liberado;2026-02-05 00:00:00;2026-02-06 00:00:00;JORGE ARMANDO MOYA;G12;RENZO CÁCERES;3;Genéricos;;2992;INTEGRA_AP;2026-02-20 00:00:00;;;5105606371;2026;01-E001-00001073;20260320;20260330;3100011729;1000017030;20260424;2026-02-10 00:00:00;2026-03-20 00:00:00;2026-04-24 00:00:00;27;10;-29;15;14;28;35;100;92
3000000570;10;;Liberado;2026-01-14 00:00:00;2026-01-14 00:00:00;365;1;APROBADO;2026-02-09 00:00:00;AALMEYDA;2026-02-10 00:00:00;AALMEYDA;2026-02-10 00:00:00;;;326;1;APROBADO;2026-02-19 00:00:00;LGARCIA;2026-02-20 00:00:00;;;20606799676;IMPORTACIONES & SERVICIOS JAVIER E.;AG06;YA02;40011404;;;;50;7000000070;40;;2026-01-22 00:00:00;GALTAMIRANO;Liberado;2026-02-05 00:00:00;2026-02-06 00:00:00;;G12;RENZO CÁCERES;3;Genéricos;;2992;INTEGRA_AP;2026-02-20 00:00:00;;;5105606371;2026;01-E001-00001073;20260320;20260330;3100011729;1000017030;20260424;2026-02-10 00:00:00;2026-03-20 00:00:00;2026-04-24 00:00:00;27;10;-29;15;14;28;35;100;92
3000000599;10;;Liberado;2026-01-14 00:00:00;2026-01-14 00:00:00;260;1;APROBADO;2026-01-31 00:00:00;AALMEYDA;2026-02-10 00:00:00;AALMEYDA;2026-02-10 00:00:00;;;1357;1;APROBADO;2026-04-21 00:00:00;JMOYA;2026-04-21 00:00:00;;;20492962318;FLOW MACHINES S.A.C.;AG06;YA02;40011760;;;;20;7000000140;10;;2026-01-28 00:00:00;GSANCHEZ;Liberado;2026-01-29 00:00:00;2026-01-30 00:00:00;VITALIO CAM CARBALLIDO;G14;GERALDINE SANCHEZ;5;Proveedores exclusivos;;6989;INTEGRA_AP;2026-04-21 00:00:00;;;5105609825;2026;01-E001-00001771;20260429;20260430;3100018483;1000025204;20260612;2026-02-10 00:00:00;2026-04-29 00:00:00;2026-06-12 00:00:00;27;70;-83;2;81;8;44;149;135
3000000609;10;;Liberado;2026-01-14 00:00:00;2026-01-14 00:00:00;980;1;APROBADO;2026-03-25 00:00:00;AALMEYDA;2026-03-26 00:00:00;AALMEYDA;2026-03-26 00:00:00;;;830;1;APROBADO;2026-03-30 00:00:00;VCASTRO;2026-03-30 00:00:00;;;20526110758;FABRICACIONES Y MONTAJES DARSOT S.R;AG04;YA01;40013420;;;;10;7000001192;10;;2026-03-27 00:00:00;LOSORIO;Liberado;2026-03-27 00:00:00;2026-03-27 00:00:00;JOE LUIS GONZALES;G02;ISAAC ARCE;1;Emergencia I (en operación);;5237;INTEGRA_AP;2026-03-30 00:00:00;;;5105607094;2026;01-E001-00001272;20260331;20260407;3100013042;1000014838;20260410;2026-03-26 00:00:00;2026-03-31 00:00:00;2026-04-10 00:00:00;71;4;-3;0;3;1;10;86;14
3000000612;10;;Liberado;2026-01-15 00:00:00;2026-01-15 00:00:00;151;1;APROBADO;2026-01-25 00:00:00;RBLONDET;2026-01-26 00:00:00;RBLONDET;2026-01-26 00:00:00;;;533;1;APROBADO;2026-03-10 00:00:00;JLIZARBE;2026-03-12 00:00:00;;;20602847790;CONSERMEC E.I.R.L.;AG08;YA01;40013425;;;;10;7000000769;30;;2026-03-04 00:00:00;LOSORIO;Liberado;2026-03-04 00:00:00;2026-03-05 00:00:00;JESUS ANGEL LIZARBE;G02;ISAAC ARCE;1;Emergencia I (en operación);;3823;INTEGRA_AP;2026-03-11 00:00:00;;;5105605657;2026;01-E001-00000511;20260313;20260325;3100010700;1000012334;20260326;2026-01-26 00:00:00;2026-03-13 00:00:00;2026-03-26 00:00:00;11;45;-8;1;6;2;13;70;22
3000000613;10;;Liberado;2026-01-15 00:00:00;2026-01-15 00:00:00;52;1;RECHAZADO;2026-01-15 00:00:00;;;;;WFELIPE;2026-01-26 00:00:00;54;1;APROBADO;2026-01-27 00:00:00;WFELIPE;2026-02-06 00:00:00;;;20605437894;HYDRAULICA TECNICA MARINA S.A.C.;FL17;YA01;40012708;;;;30;7000001778;50;;2026-04-27 00:00:00;LMENDOZAH;Liberado;2026-04-30 00:00:00;2026-05-05 00:00:00;WALTER SULLIVAN FELIPE;G05;YURI DÍAZ;1;Emergencia I (en operación);;13490;GGALLO;2026-06-04 00:00:00;;;5105612817;2026;01-E001-00001650;20260608;20260608;3100025087;1000026731;20260626;;2026-06-08 00:00:00;2026-06-26 00:00:00;Pendiente;Pendiente;80;8;30;4;18;162;60
3000000617;10;;Liberado;2026-01-15 00:00:00;2026-01-15 00:00:00;1601;1;APROBADO;2026-05-05 00:00:00;WRODRIGUEZS;2026-05-05 00:00:00;WRODRIGUEZS;2026-05-05 00:00:00;;;2347;1;APROBADO;2026-05-15 00:00:00;KSILVA;2026-05-15 00:00:00;;;20515017489;PROYECTOS PESACON SAC;AG04;YA01;40012551;;;;10;7000002089;10;;2026-05-11 00:00:00;LOSORIO;Liberado;2026-05-12 00:00:00;2026-05-12 00:00:00;JORGE BACILIO CHAVEZ;G14;GERALDINE SANCHEZ;1;Emergencia I (en operación);;12371;INTEGRA_AP;2026-05-15 00:00:00;;;5105612135;2026;01-E001-00004381;20260526;20260529;3100023661;1000023755;20260605;2026-05-05 00:00:00;2026-05-26 00:00:00;2026-06-05 00:00:00;110;10;-4;1;3;11;10;141;25
3000000620;10;;Liberado;2026-01-15 00:00:00;2026-01-15 00:00:00;35;1;RECHAZADO;2026-01-13 00:00:00;;;;;WRODRIGUEZS;2026-01-14 00:00:00;2726;1;APROBADO;2026-06-01 00:00:00;VCASTRO;2026-06-02 00:00:00;;;20526110758;FABRICACIONES Y MONTAJES DARSOT S.R;AG04;YA01;40012815;;;;10;7000002388;20;;2026-05-28 00:00:00;LOSORIO;Liberado;2026-05-29 00:00:00;2026-06-01 00:00:00;JORGE BACILIO CHAVEZ;G02;ISAAC ARCE;1;Emergencia I (en operación);;13375;INTEGRA_AP;2026-06-02 00:00:00;;;5105612831;2026;01-E001-00001314;20260608;20260608;3100025101;1000026065;20260619;;2026-06-08 00:00:00;2026-06-19 00:00:00;Pendiente;Pendiente;-5;4;1;6;11;155;22
3000000620;10;;Liberado;2026-01-15 00:00:00;2026-01-15 00:00:00;35;3;APROBADO;2026-05-11 00:00:00;GMENDOZA;2026-05-13 00:00:00;GMENDOZA;2026-05-13 00:00:00;;;2726;1;APROBADO;2026-06-01 00:00:00;VCASTRO;2026-06-02 00:00:00;;;20526110758;FABRICACIONES Y MONTAJES DARSOT S.R;AG04;YA01;40012815;;;;10;7000002388;20;;2026-05-28 00:00:00;LOSORIO;Liberado;2026-05-29 00:00:00;2026-06-01 00:00:00;JORGE BACILIO CHAVEZ;G02;ISAAC ARCE;1;Emergencia I (en operación);;13375;INTEGRA_AP;2026-06-02 00:00:00;;;5105612831;2026;01-E001-00001314;20260608;20260608;3100025101;1000026065;20260619;2026-05-13 00:00:00;2026-06-08 00:00:00;2026-06-19 00:00:00;118;20;-5;4;1;6;11;155;22
3000000623;10;;Liberado;2026-01-15 00:00:00;2026-01-15 00:00:00;79;1;APROBADO;2026-01-20 00:00:00;WRODRIGUEZS;2026-01-20 00:00:00;WRODRIGUEZS;2026-01-20 00:00:00;;;159;1;APROBADO;2026-02-02 00:00:00;JGONZALESD;2026-03-23 00:00:00;;;20541755234;FACTORIA ALVARADO S.A.C.;AG04;YA01;40012974;;;;10;7000000154;10;;2026-01-29 00:00:00;ABAMONDE;Liberado;2026-01-30 00:00:00;2026-02-02 00:00:00;JOE LUIS GONZALES;G02;ISAAC ARCE;1;Emergencia I (en operación);;4716;INTEGRA_AP;2026-03-23 00:00:00;;;5105606478;2026;01-E001-00001826;20260324;20260331;3100011952;1000014663;20260410;2026-01-20 00:00:00;2026-03-24 00:00:00;2026-04-10 00:00:00;5;62;-53;4;49;1;17;85;71
3000000624;10;;Liberado;2026-01-15 00:00:00;2026-01-15 00:00:00;80;1;APROBADO;2026-01-20 00:00:00;WRODRIGUEZS;2026-01-20 00:00:00;WRODRIGUEZS;2026-01-20 00:00:00;;;159;1;APROBADO;2026-02-02 00:00:00;JGONZALESD;2026-03-23 00:00:00;;;20541755234;FACTORIA ALVARADO S.A.C.;AG04;YA01;40013012;;;;10;7000000154;20;;2026-01-29 00:00:00;ABAMONDE;Liberado;2026-01-30 00:00:00;2026-02-02 00:00:00;JOE LUIS GONZALES;G02;ISAAC ARCE;1;Emergencia I (en operación);;4716;INTEGRA_AP;2026-03-23 00:00:00;;;5105606478;2026;01-E001-00001826;20260324;20260331;3100011952;1000014663;20260410;2026-01-20 00:00:00;2026-03-24 00:00:00;2026-04-10 00:00:00;5;62;-53;4;49;1;17;85;71
3000000631;10;;Liberado;2026-01-15 00:00:00;2026-01-15 00:00:00;449;1;APROBADO;2026-02-15 00:00:00;WYOMONA;2026-02-17 00:00:00;DFARRO;2026-02-20 00:00:00;;;293;1;APROBADO;2026-02-15 00:00:00;WYOMONA;2026-02-17 00:00:00;;;20100415543;INGENIERIA DE SISTEMAS DE FLUIDOS S;FL18;YA01;40013461;;;;10;7000000649;20;;2026-02-25 00:00:00;IARCE;Liberado;2026-02-25 00:00:00;2026-02-27 00:00:00;WILHELM YOMONA;G01;JOSÉ BAZÁN;1;Emergencia I (en operación);;3512;GGALLO;2026-03-04 00:00:00;2026-02-05 00:00:00;2026-02-06 00:00:00;5105603672;2026;01-F001-00001756;20260306;20260306;3100006804;1000009343;20260306;2026-02-20 00:00:00;2026-03-06 00:00:00;2026-03-06 00:00:00;36;-3;8;2;5;2;0;50;9
3000000632;10;;Liberado;2026-01-15 00:00:00;2026-01-15 00:00:00;152;1;APROBADO;2026-01-25 00:00:00;RBLONDET;2026-01-26 00:00:00;RBLONDET;2026-01-26 00:00:00;;;533;1;APROBADO;2026-03-10 00:00:00;JLIZARBE;2026-03-12 00:00:00;;;20602847790;CONSERMEC E.I.R.L.;AG08;YA01;40013467;;;;10;7000000769;40;;2026-03-04 00:00:00;LOSORIO;Liberado;2026-03-04 00:00:00;2026-03-05 00:00:00;SALOMON ALEJANDRO GONZALES;G10;GIORDANNO ALTAMIRA;1;Emergencia I (en operación);;3823;INTEGRA_AP;2026-03-11 00:00:00;;;5105605657;2026;01-E001-00000511;20260313;20260325;3100010700;1000012334;20260326;2026-01-26 00:00:00;2026-03-13 00:00:00;2026-03-26 00:00:00;11;45;-8;1;6;2;13;70;22
3000000640;10;;Liberado;2026-01-15 00:00:00;2026-01-15 00:00:00;118;1;APROBADO;2026-01-23 00:00:00;WRODRIGUEZS;2026-01-28 00:00:00;WRODRIGUEZS;2026-01-28 00:00:00;;;224;1;APROBADO;2026-02-09 00:00:00;JGONZALESD;2026-03-23 00:00:00;;;20541612395;CORPORACION HORUS MAR S.A.C.;AG04;YA04;50000015;;;;20;7000000273;10;;2026-02-04 00:00:00;LOSORIO;Liberado;2026-02-05 00:00:00;2026-02-06 00:00:00;KLEBER GUSTAVO SILVA;G05;YURI DÍAZ;1;Emergencia I (en operación);;4715;INTEGRA_AP;2026-03-23 00:00:00;;;5105605519;2026;01-F001-00001107;20260324;20260324;3100010216;1000016576;20260422;2026-01-28 00:00:00;2026-03-24 00:00:00;2026-04-22 00:00:00;13;54;-47;2;45;1;29;97;77
3000000652;10;;Liberado;2026-01-15 00:00:00;2026-01-15 00:00:00;544;1;APROBADO;2026-02-24 00:00:00;RBLONDET;2026-02-25 00:00:00;RBLONDET;2026-02-25 00:00:00;;;67;1;APROBADO;2026-01-28 00:00:00;JLIZARBE;2026-05-28 00:00:00;;;20492962318;FLOW MACHINES S.A.C.;AG08;YA01;40013486;;;;10;7000001323;10;;2026-04-05 00:00:00;GSANCHEZ;Liberado;2026-04-06 00:00:00;2026-04-06 00:00:00;LUIS OMAR GARCIA;G02;ISAAC ARCE;1;Emergencia I (en operación);;13283;INTEGRA_AP;2026-05-28 00:00:00;;;5105612621;2026;01-E001-00001796;20260601;20260603;3100024564;1000027771;20260703;2026-02-25 00:00:00;2026-06-01 00:00:00;2026-07-03 00:00:00;41;92;-53;1;52;4;32;169;89
3000000675;10;;Liberado;2026-01-16 00:00:00;2026-01-16 00:00:00;563;1;APROBADO;2026-02-25 00:00:00;CDELACRUZ;2026-02-26 00:00:00;DFARRO;2026-03-10 00:00:00;;;380;1;APROBADO;2026-02-25 00:00:00;CDELACRUZ;2026-02-26 00:00:00;;;20601469635;SERJES CORPORATION S.A.C.;FL20;YA01;40013502;;;;10;7000001118;30;;2026-03-25 00:00:00;LOSORIO;Liberado;2026-03-25 00:00:00;2026-03-27 00:00:00;CARLOS BERARDO DE LA CRUZ;G02;ISAAC ARCE;1;Emergencia I (en operación);;5394;GRONCAL;2026-03-30 00:00:00;2026-01-29 00:00:00;2026-01-29 00:00:00;5105606501;2026;01-E001-00000454;20260331;20260331;3100011977;1000013332;20260401;2026-03-10 00:00:00;2026-03-31 00:00:00;2026-04-01 00:00:00;53;-12;27;2;3;1;1;75;7
3000000678;10;;Liberado;2026-01-16 00:00:00;2026-01-16 00:00:00;57;1;RECHAZADO;2026-01-16 00:00:00;;;;;WFELIPE;2026-01-26 00:00:00;144;1;RECHAZADO;2026-02-02 00:00:00;;;WFELIPE;46059;20605437894;HYDRAULICA TECNICA MARINA S.A.C.;FL07;YA01;40013300;;;;10;7000001125;10;;2026-03-25 00:00:00;LOSORIO;Liberado;2026-03-25 00:00:00;2026-03-27 00:00:00;WALTER SULLIVAN FELIPE;G05;YURI DÍAZ;1;Emergencia I (en operación);;5426;GRONCAL;2026-03-30 00:00:00;;;5105606971;2026;01-E001-00001553;20260331;20260406;3100012830;1000015981;20260420;;2026-03-31 00:00:00;2026-04-20 00:00:00;Pendiente;Pendiente;Pendiente;2;3;1;20;94;26
3000000678;10;;Liberado;2026-01-16 00:00:00;2026-01-16 00:00:00;57;2;APROBADO;2026-02-26 00:00:00;WFELIPE;2026-03-02 00:00:00;DFARRO;2026-03-10 00:00:00;;;144;1;RECHAZADO;2026-02-02 00:00:00;;;WFELIPE;46059;20605437894;HYDRAULICA TECNICA MARINA S.A.C.;FL07;YA01;40013300;;;;10;7000001125;10;;2026-03-25 00:00:00;LOSORIO;Liberado;2026-03-25 00:00:00;2026-03-27 00:00:00;WALTER SULLIVAN FELIPE;G05;YURI DÍAZ;1;Emergencia I (en operación);;5426;GRONCAL;2026-03-30 00:00:00;;;5105606971;2026;01-E001-00001553;20260331;20260406;3100012830;1000015981;20260420;2026-03-10 00:00:00;2026-03-31 00:00:00;2026-04-20 00:00:00;53;Pendiente;Pendiente;2;3;1;20;94;26
3000000684;10;;Liberado;2026-01-16 00:00:00;2026-01-16 00:00:00;820;1;APROBADO;2026-03-12 00:00:00;RBLONDET;2026-03-13 00:00:00;RBLONDET;2026-03-13 00:00:00;;;907;1;APROBADO;2026-04-06 00:00:00;JLIZARBE;2026-04-07 00:00:00;;;20533194916;SERVICIOS GENERALES WOLF E.I.R.L.;AG08;YA03;40013523;;;;10;7000001274;20;;2026-04-01 00:00:00;ACAYO;Liberado;2026-04-01 00:00:00;2026-04-05 00:00:00;LUIS OMAR GARCIA;G02;ISAAC ARCE;1;Emergencia I (en operación);;5714;JLIZARBE;2026-04-07 00:00:00;;;5105607633;2026;01-E001-00000940;20260409;20260413;3100014323;1000015638;20260419;2026-03-13 00:00:00;2026-04-09 00:00:00;2026-04-19 00:00:00;56;25;-6;4;2;2;10;93;18
3000000685;10;;Liberado;2026-01-16 00:00:00;2026-01-16 00:00:00;223;1;APROBADO;2026-01-28 00:00:00;LSANCHEZB;2026-02-04 00:00:00;WMELCHOR;2026-02-05 00:00:00;;;1560;1;APROBADO;2026-04-23 00:00:00;WMELCHOR;2026-04-29 00:00:00;;;20457230118;REFRINS SERVICE S.R.L.;FL22;YA02;40013127;;;;10;7000000334;20;;2026-02-09 00:00:00;ABAMONDE;Liberado;2026-02-09 00:00:00;2026-02-10 00:00:00;WILMER NELSON MELCHOR;G01;JOSÉ BAZÁN;14;Emergencia III (Veda);;11143;INTEGRA_AP;2026-04-29 00:00:00;2026-02-24 00:00:00;2026-02-25 00:00:00;5105610436;2026;01-E001-00001639;20260505;20260512;3100019522;1000020574;20260515;2026-02-05 00:00:00;2026-05-05 00:00:00;2026-05-15 00:00:00;20;83;-79;1;78;6;10;119;95
3000000687;10;;Liberado;2026-01-16 00:00:00;2026-01-16 00:00:00;165;1;APROBADO;2026-01-26 00:00:00;RBLONDET;2026-01-26 00:00:00;RBLONDET;2026-01-26 00:00:00;;;1308;1;APROBADO;2026-04-20 00:00:00;JLIZARBE;2026-04-20 00:00:00;;;20510160097;STEAM SERVICE E.I.R.L.;AG08;YA02;40013525;;;;10;7000000770;10;;2026-03-04 00:00:00;LOSORIO;Liberado;2026-03-04 00:00:00;2026-03-05 00:00:00;LUIS OMAR GARCIA;G14;GERALDINE SANCHEZ;1;Emergencia I (en operación);;3706;INTEGRA_AP;2026-03-07 00:00:00;;;5105605689;2026;01-E001-00000622;20260319;20260326;3100010764;1000013653;20260401;2026-01-26 00:00:00;2026-03-19 00:00:00;2026-04-01 00:00:00;10;84;-47;1;2;12;13;75;28
3000000695;10;;Liberado;2026-01-16 00:00:00;2026-01-16 00:00:00;458;1;APROBADO;2026-02-16 00:00:00;LSANCHEZB;2026-02-20 00:00:00;WMELCHOR;2026-02-20 00:00:00;;;426;1;APROBADO;2026-03-03 00:00:00;WMELCHOR;2026-03-04 00:00:00;;;20506288178;ASAP CONSULTING GROUP S.A.C;FL22;YA02;40013493;;;;10;7000000687;10;;2026-02-27 00:00:00;LOSORIO;Liberado;2026-02-27 00:00:00;2026-03-01 00:00:00;WILMER NELSON MELCHOR;G02;ISAAC ARCE;14;Emergencia III (Veda);;3918;GRONCAL;2026-03-12 00:00:00;2026-01-22 00:00:00;2026-01-23 00:00:00;5105606103;2026;01-F001-00006615;20260316;20260330;3100011404;1000015288;20260414;2026-02-20 00:00:00;2026-03-16 00:00:00;2026-04-14 00:00:00;35;12;-5;2;11;4;29;88;46
3000000696;10;;Liberado;2026-01-16 00:00:00;2026-01-16 00:00:00;869;1;RECHAZADO;2026-03-16 00:00:00;;;;;LSANCHEZB;2026-04-30 00:00:00;2800;1;APROBADO;2026-06-04 00:00:00;WMELCHOR;2026-06-09 00:00:00;;;20506288178;ASAP CONSULTING GROUP S.A.C;FL22;YA02;40013494;;;;10;7000002431;10;;2026-06-01 00:00:00;LMENDOZAH;Liberado;2026-06-02 00:00:00;2026-06-04 00:00:00;WILMER NELSON MELCHOR;G02;ISAAC ARCE;14;Emergencia III (Veda);;13750;INTEGRA_AP;2026-06-10 00:00:00;2026-04-12 00:00:00;2026-04-12 00:00:00;5105613042;2026;01-F001-00006775;20260611;20260611;3100025526;1000028947;20260713;;2026-06-11 00:00:00;2026-07-13 00:00:00;Pendiente;Pendiente;-8;3;6;1;32;178;42
3000000696;10;;Liberado;2026-01-16 00:00:00;2026-01-16 00:00:00;869;2;APROBADO;2026-04-30 00:00:00;LSANCHEZB;2026-05-12 00:00:00;WMELCHOR;2026-05-15 00:00:00;;;2800;1;APROBADO;2026-06-04 00:00:00;WMELCHOR;2026-06-09 00:00:00;;;20506288178;ASAP CONSULTING GROUP S.A.C;FL22;YA02;40013494;;;;10;7000002431;10;;2026-06-01 00:00:00;LMENDOZAH;Liberado;2026-06-02 00:00:00;2026-06-04 00:00:00;WILMER NELSON MELCHOR;G02;ISAAC ARCE;14;Emergencia III (Veda);;13750;INTEGRA_AP;2026-06-10 00:00:00;2026-04-12 00:00:00;2026-04-12 00:00:00;5105613042;2026;01-F001-00006775;20260611;20260611;3100025526;1000028947;20260713;2026-05-15 00:00:00;2026-06-11 00:00:00;2026-07-13 00:00:00;119;25;-8;3;6;1;32;178;42
3000000702;10;;Liberado;2026-01-16 00:00:00;2026-01-16 00:00:00;1030;1;APROBADO;2026-03-27 00:00:00;JCUSTODIO;2026-03-29 00:00:00;WMELCHOR;2026-03-30 00:00:00;;;2693;1;APROBADO;2026-05-29 00:00:00;WMELCHOR;2026-06-09 00:00:00;;;20503623961;REPRESENTACIONES TYG SAC.;FL22;YA02;40013454;;;;20;7000001275;20;;2026-04-01 00:00:00;LOSORIO;Liberado;2026-04-01 00:00:00;2026-04-03 00:00:00;WILMER NELSON MELCHOR;G12;RENZO CÁCERES;14;Emergencia III (Veda);;6369;INTEGRA_AP;2026-04-14 00:00:00;;;5105613119;2026;01-F001-00005414;20260612;20260612;3100025633;1000026032;20260619;2026-03-30 00:00:00;2026-06-12 00:00:00;2026-06-19 00:00:00;73;71;-69;2;11;59;7;154;79
3000000704;10;;Liberado;2026-01-16 00:00:00;2026-01-16 00:00:00;1014;1;APROBADO;2026-03-26 00:00:00;JCUSTODIO;2026-03-30 00:00:00;WMELCHOR;2026-03-30 00:00:00;;;2419;1;APROBADO;2026-05-19 00:00:00;WMELCHOR;2026-05-23 00:00:00;;;20457230118;REFRINS SERVICE S.R.L.;FL22;YA02;40013454;;;;50;7000001278;20;;2026-04-01 00:00:00;LOSORIO;Liberado;2026-04-01 00:00:00;2026-04-03 00:00:00;WILMER NELSON MELCHOR;G12;RENZO CÁCERES;14;Emergencia III (Veda);;12717;INTEGRA_AP;2026-05-19 00:00:00;2026-05-14 00:00:00;2026-05-15 00:00:00;5105611865;2026;01-E001-00001661;20260526;20260528;3100023281;1000023790;20260605;2026-03-30 00:00:00;2026-05-26 00:00:00;2026-06-05 00:00:00;73;54;-52;2;46;7;10;140;65
3000000708;10;;Liberado;2026-01-16 00:00:00;2026-01-16 00:00:00;78;1;APROBADO;2026-01-20 00:00:00;AVASQUEZ;2026-01-27 00:00:00;WFELIPE;2026-02-03 00:00:00;;;#N/A;#N/A;#N/A;#N/A;#N/A;#N/A;#N/A;#N/A;20100685095;ELECTRONIC SYSTEMS INTERNATIONAL S.;FL08;YA02;40013540;;;;10;7000000301;40;;2026-02-05 00:00:00;LOSORIO;Liberado;2026-02-06 00:00:00;2026-02-09 00:00:00;WALTER SULLIVAN FELIPE;G02;ISAAC ARCE;14;Emergencia III (Veda);;2697;INTEGRA_AP;2026-02-16 00:00:00;2026-02-06 00:00:00;2026-02-16 00:00:00;5105602712;2026;01-F001-00000877;20260220;20260225;3100004870;1000008247;20260227;2026-02-03 00:00:00;2026-02-20 00:00:00;2026-02-27 00:00:00;18;Pendiente;Pendiente;4;7;4;7;42;22
3000000708;10;;Liberado;2026-01-16 00:00:00;2026-01-16 00:00:00;78;1;APROBADO;2026-01-20 00:00:00;AVASQUEZ;2026-01-27 00:00:00;WFELIPE;2026-02-03 00:00:00;;;#N/A;#N/A;#N/A;#N/A;#N/A;#N/A;#N/A;#N/A;20100685095;ELECTRONIC SYSTEMS INTERNATIONAL S.;FL08;YA02;40013540;;;;10;7000000301;40;;2026-02-05 00:00:00;LOSORIO;Liberado;2026-02-06 00:00:00;2026-02-09 00:00:00;WALTER SULLIVAN FELIPE;G02;ISAAC ARCE;14;Emergencia III (Veda);;2697;INTEGRA_AP;2026-02-16 00:00:00;2026-02-06 00:00:00;2026-02-16 00:00:00;5105602712;2026;01-F001-00000877;20260220;20260225;3100004870;1000008247;20260227;2026-02-03 00:00:00;2026-02-20 00:00:00;2026-02-27 00:00:00;18;Pendiente;Pendiente;4;7;4;7;42;22
3000000709;10;;Liberado;2026-01-16 00:00:00;2026-01-16 00:00:00;62;1;RECHAZADO;2026-01-19 00:00:00;;;;;WRODRIGUEZS;2026-01-21 00:00:00;659;1;APROBADO;2026-03-18 00:00:00;JGONZALESD;2026-03-23 00:00:00;;;20541612395;CORPORACION HORUS MAR S.A.C.;AG04;YA01;40013556;;;;10;7000000294;10;;2026-02-05 00:00:00;LOSORIO;Liberado;2026-02-09 00:00:00;2026-02-10 00:00:00;JORGE BACILIO CHAVEZ;G08;MADELINE FALCÓN;1;Emergencia I (en operación);;4712;INTEGRA_AP;2026-03-23 00:00:00;;;5105605520;2026;01-F001-00001108;20260324;20260324;3100010217;1000016577;20260422;;2026-03-24 00:00:00;2026-04-22 00:00:00;Pendiente;Pendiente;-46;5;41;1;29;96;76
3000000709;10;;Liberado;2026-01-16 00:00:00;2026-01-16 00:00:00;62;2;APROBADO;2026-01-21 00:00:00;WRODRIGUEZS;2026-01-23 00:00:00;WRODRIGUEZS;2026-01-23 00:00:00;;;659;1;APROBADO;2026-03-18 00:00:00;JGONZALESD;2026-03-23 00:00:00;;;20541612395;CORPORACION HORUS MAR S.A.C.;AG04;YA01;40013556;;;;10;7000000294;10;;2026-02-05 00:00:00;LOSORIO;Liberado;2026-02-09 00:00:00;2026-02-10 00:00:00;JORGE BACILIO CHAVEZ;G08;MADELINE FALCÓN;1;Emergencia I (en operación);;4712;INTEGRA_AP;2026-03-23 00:00:00;;;5105605520;2026;01-F001-00001108;20260324;20260324;3100010217;1000016577;20260422;2026-01-23 00:00:00;2026-03-24 00:00:00;2026-04-22 00:00:00;7;59;-46;5;41;1;29;96;76
3000000710;10;;Liberado;2026-01-16 00:00:00;2026-01-16 00:00:00;59;1;APROBADO;2026-01-17 00:00:00;RBLONDET;2026-01-19 00:00:00;RBLONDET;2026-01-19 00:00:00;;;577;1;APROBADO;2026-03-11 00:00:00;JLIZARBE;2026-03-12 00:00:00;;;20533194916;SERVICIOS GENERALES WOLF E.I.R.L.;AG08;YA01;40013557;;;;10;7000000765;80;;2026-03-04 00:00:00;LOSORIO;Liberado;2026-03-04 00:00:00;2026-03-05 00:00:00;JOSE LUIS VELASQUEZ;G02;ISAAC ARCE;1;Emergencia I (en operación);;3880;INTEGRA_AP;2026-03-12 00:00:00;;;5105605578;2026;01-E001-00000906;20260312;20260324;3100010275;1000012323;20260329;2026-01-19 00:00:00;2026-03-12 00:00:00;2026-03-29 00:00:00;3;52;-8;1;7;0;17;72;25
3000000714;10;;Liberado;2026-01-17 00:00:00;2026-01-17 00:00:00;1015;1;APROBADO;2026-03-26 00:00:00;AALMEYDA;2026-03-26 00:00:00;AALMEYDA;2026-03-26 00:00:00;;;841;1;APROBADO;2026-03-30 00:00:00;VCASTRO;2026-03-30 00:00:00;;;20506855196;VAPORTEC S.A.C.;AG04;YA01;40013496;;;;10;7000001193;10;;2026-03-27 00:00:00;LOSORIO;Liberado;2026-03-29 00:00:00;2026-03-30 00:00:00;JOE LUIS GONZALES;G14;GERALDINE SANCHEZ;1;Emergencia I (en operación);;5374;INTEGRA_AP;2026-03-30 00:00:00;;;5105608482;2026;01-F001-00001156;20260417;20260421;3100016090;1000019711;20260512;2026-03-26 00:00:00;2026-04-17 00:00:00;2026-05-12 00:00:00;68;4;-3;3;0;18;25;115;46
3000000718;10;;Liberado;2026-01-17 00:00:00;2026-01-17 00:00:00;335;1;APROBADO;2026-02-06 00:00:00;WRODRIGUEZS;2026-02-23 00:00:00;WRODRIGUEZS;2026-02-23 00:00:00;;;214;1;APROBADO;2026-02-06 00:00:00;JGONZALESD;2026-03-28 00:00:00;;;20541755234;FACTORIA ALVARADO S.A.C.;AG04;YA01;40013572;;;;10;7000001131;10;;2026-03-25 00:00:00;LOSORIO;Liberado;2026-03-25 00:00:00;2026-03-26 00:00:00;JOE LUIS GONZALES;G02;ISAAC ARCE;1;Emergencia I (en operación);;5143;INTEGRA_AP;2026-03-29 00:00:00;;;5105607111;2026;01-E001-00001832;20260401;20260407;3100013059;1000014663;20260410;2026-02-23 00:00:00;2026-04-01 00:00:00;2026-04-10 00:00:00;37;33;-3;1;3;3;9;83;16
3000000719;10;;Liberado;2026-01-17 00:00:00;2026-01-17 00:00:00;1643;1;APROBADO;2026-05-07 00:00:00;M-avasquez;2026-05-08 00:00:00;M-wmelchor;2026-05-08 00:00:00;;;2450;1;APROBADO;2026-05-20 00:00:00;M-wmelchor;2026-05-21 00:00:00;;;20602226400;M TEMOCHE S.A.C.;FL21;YA02;40013575;;;;10;7000002142;160;;2026-05-13 00:00:00;LOSORIO;Liberado;2026-05-19 00:00:00;2026-05-19 00:00:00;WILMER NELSON MELCHOR;G12;RENZO CÁCERES;14;Emergencia III (Veda);;12484;INTEGRA_AP;2026-05-16 00:00:00;2026-03-02 00:00:00;2026-03-02 00:00:00;5105612175;2026;01-E001-00000865;20260527;20260529;3100023701;1000023765;20260605;2026-05-08 00:00:00;2026-05-27 00:00:00;2026-06-05 00:00:00;111;13;-8;6;-3;11;9;139;23
3000000720;10;;Liberado;2026-01-17 00:00:00;2026-01-17 00:00:00;214;1;RECHAZADO;2026-01-28 00:00:00;;;;;JKONGSAN;2026-01-28 00:00:00;210;1;APROBADO;2026-02-06 00:00:00;JCAVERO;2026-02-16 00:00:00;;;20534581905;MYS FABRICACIONES Y MONTAJES EIRL;AG07;YA01;40013481;;;;10;7000000287;10;;2026-02-05 00:00:00;ABAMONDE;Liberado;2026-02-05 00:00:00;2026-02-06 00:00:00;JESUS ENRIQUE CAVERO;G02;ISAAC ARCE;1;Emergencia I (en operación);;2686;INTEGRA_AP;2026-02-16 00:00:00;;;5105603374;2026;01-E001-00000526;20260219;20260304;3100006271;1000009221;20260306;;2026-02-19 00:00:00;2026-03-06 00:00:00;Pendiente;Pendiente;-11;1;10;3;15;48;29
3000000720;10;;Liberado;2026-01-17 00:00:00;2026-01-17 00:00:00;214;2;RECHAZADO;2026-01-28 00:00:00;;;;;JKONGSAN;2026-01-28 00:00:00;210;1;APROBADO;2026-02-06 00:00:00;JCAVERO;2026-02-16 00:00:00;;;20534581905;MYS FABRICACIONES Y MONTAJES EIRL;AG07;YA01;40013481;;;;10;7000000287;10;;2026-02-05 00:00:00;ABAMONDE;Liberado;2026-02-05 00:00:00;2026-02-06 00:00:00;JESUS ENRIQUE CAVERO;G02;ISAAC ARCE;1;Emergencia I (en operación);;2686;INTEGRA_AP;2026-02-16 00:00:00;;;5105603374;2026;01-E001-00000526;20260219;20260304;3100006271;1000009221;20260306;;2026-02-19 00:00:00;2026-03-06 00:00:00;Pendiente;Pendiente;-11;1;10;3;15;48;29
3000000720;10;;Liberado;2026-01-17 00:00:00;2026-01-17 00:00:00;214;3;APROBADO;2026-01-29 00:00:00;JKONGSAN;2026-01-30 00:00:00;JKONGSAN;2026-01-30 00:00:00;;;210;1;APROBADO;2026-02-06 00:00:00;JCAVERO;2026-02-16 00:00:00;;;20534581905;MYS FABRICACIONES Y MONTAJES EIRL;AG07;YA01;40013481;;;;10;7000000287;10;;2026-02-05 00:00:00;ABAMONDE;Liberado;2026-02-05 00:00:00;2026-02-06 00:00:00;JESUS ENRIQUE CAVERO;G02;ISAAC ARCE;1;Emergencia I (en operación);;2686;INTEGRA_AP;2026-02-16 00:00:00;;;5105603374;2026;01-E001-00000526;20260219;20260304;3100006271;1000009221;20260306;2026-01-30 00:00:00;2026-02-19 00:00:00;2026-03-06 00:00:00;13;17;-11;1;10;3;15;48;29
3000000722;10;;Liberado;2026-01-17 00:00:00;2026-01-17 00:00:00;84;1;RECHAZADO;2026-01-20 00:00:00;;;;;WRODRIGUEZS;2026-01-21 00:00:00;159;1;APROBADO;2026-02-02 00:00:00;JGONZALESD;2026-03-23 00:00:00;;;20541755234;FACTORIA ALVARADO S.A.C.;AG04;YA01;40013576;;;;10;7000000154;30;;2026-01-29 00:00:00;ABAMONDE;Liberado;2026-01-30 00:00:00;2026-02-02 00:00:00;JOE LUIS GONZALES;G02;ISAAC ARCE;1;Emergencia I (en operación);;4716;INTEGRA_AP;2026-03-23 00:00:00;;;5105606478;2026;01-E001-00001826;20260324;20260331;3100011952;1000014663;20260410;;2026-03-24 00:00:00;2026-04-10 00:00:00;Pendiente;Pendiente;-53;4;49;1;17;83;71
3000000722;10;;Liberado;2026-01-17 00:00:00;2026-01-17 00:00:00;84;2;APROBADO;2026-01-21 00:00:00;WRODRIGUEZS;2026-01-23 00:00:00;WRODRIGUEZS;2026-01-23 00:00:00;;;159;1;APROBADO;2026-02-02 00:00:00;JGONZALESD;2026-03-23 00:00:00;;;20541755234;FACTORIA ALVARADO S.A.C.;AG04;YA01;40013576;;;;10;7000000154;30;;2026-01-29 00:00:00;ABAMONDE;Liberado;2026-01-30 00:00:00;2026-02-02 00:00:00;JOE LUIS GONZALES;G02;ISAAC ARCE;1;Emergencia I (en operación);;4716;INTEGRA_AP;2026-03-23 00:00:00;;;5105606478;2026;01-E001-00001826;20260324;20260331;3100011952;1000014663;20260410;2026-01-23 00:00:00;2026-03-24 00:00:00;2026-04-10 00:00:00;6;59;-53;4;49;1;17;83;71
3000000732;10;;Liberado;2026-01-17 00:00:00;2026-01-17 00:00:00;97;1;APROBADO;2026-01-22 00:00:00;WRODRIGUEZS;2026-01-23 00:00:00;WRODRIGUEZS;2026-01-23 00:00:00;;;739;1;APROBADO;2026-03-25 00:00:00;VCASTRO;2026-03-25 00:00:00;;;20515017489;PROYECTOS PESACON SAC;AG04;YA01;40013581;;;;10;7000000156;20;;2026-01-29 00:00:00;ABAMONDE;Liberado;2026-01-30 00:00:00;2026-01-30 00:00:00;JOE LUIS GONZALES;G14;GERALDINE SANCHEZ;1;Emergencia I (en operación);;4801;INTEGRA_AP;2026-03-25 00:00:00;;;5105605994;2026;01-E001-00004325;20260325;20260327;3100011270;1000020874;20260518;2026-01-23 00:00:00;2026-03-25 00:00:00;2026-05-18 00:00:00;6;61;-55;1;54;0;54;121;109
3000000758;10;;Liberado;2026-01-17 00:00:00;2026-01-17 00:00:00;227;1;RECHAZADO;2026-01-28 00:00:00;;;;;JKONGSAN;2026-01-28 00:00:00;210;1;APROBADO;2026-02-06 00:00:00;JCAVERO;2026-02-16 00:00:00;;;20534581905;MYS FABRICACIONES Y MONTAJES EIRL;AG07;YA01;40013482;;;;10;7000000287;20;;2026-02-05 00:00:00;ABAMONDE;Liberado;2026-02-05 00:00:00;2026-02-06 00:00:00;;G02;ISAAC ARCE;1;Emergencia I (en operación);;2686;INTEGRA_AP;2026-02-16 00:00:00;;;5105603374;2026;01-E001-00000526;20260219;20260304;3100006271;1000009221;20260306;;2026-02-19 00:00:00;2026-03-06 00:00:00;Pendiente;Pendiente;-11;1;10;3;15;48;29
3000000758;10;;Liberado;2026-01-17 00:00:00;2026-01-17 00:00:00;227;2;APROBADO;2026-01-29 00:00:00;JKONGSAN;2026-01-30 00:00:00;JKONGSAN;2026-01-30 00:00:00;;;210;1;APROBADO;2026-02-06 00:00:00;JCAVERO;2026-02-16 00:00:00;;;20534581905;MYS FABRICACIONES Y MONTAJES EIRL;AG07;YA01;40013482;;;;10;7000000287;20;;2026-02-05 00:00:00;ABAMONDE;Liberado;2026-02-05 00:00:00;2026-02-06 00:00:00;;G02;ISAAC ARCE;1;Emergencia I (en operación);;2686;INTEGRA_AP;2026-02-16 00:00:00;;;5105603374;2026;01-E001-00000526;20260219;20260304;3100006271;1000009221;20260306;2026-01-30 00:00:00;2026-02-19 00:00:00;2026-03-06 00:00:00;13;17;-11;1;10;3;15;48;29
3000000759;10;;Liberado;2026-01-17 00:00:00;2026-01-17 00:00:00;69;1;APROBADO;2026-01-19 00:00:00;JKONGSAN;2026-01-21 00:00:00;JKONGSAN;2026-01-21 00:00:00;;;183;1;APROBADO;2026-02-03 00:00:00;JCAVERO;2026-02-04 00:00:00;;;20455363277;CONFIABILIDAD SOCIEDAD ANONIMA CERR;AG07;YA01;40013406;;;;10;7000000131;10;;2026-01-28 00:00:00;LOSORIO;Liberado;2026-01-29 00:00:00;2026-01-30 00:00:00;JESUS ENRIQUE CAVERO;G02;ISAAC ARCE;1;Emergencia I (en operación);;2004;INTEGRA_AP;2026-02-04 00:00:00;;;5105603466;2026;01-E001-00001151;20260212;20260305;3100006506;1000011438;20260322;2026-01-21 00:00:00;2026-02-12 00:00:00;2026-03-22 00:00:00;4;14;-7;2;5;8;38;64;53
3000000763;10;;Liberado;2026-01-17 00:00:00;2026-01-17 00:00:00;528;1;APROBADO;2026-02-22 00:00:00;RBLONDET;2026-02-24 00:00:00;RBLONDET;2026-02-24 00:00:00;;;971;1;APROBADO;2026-04-07 00:00:00;JLIZARBE;2026-04-07 00:00:00;;;20602847790;CONSERMEC E.I.R.L.;AG08;YA01;40013374;;;;20;7000001293;60;;2026-04-01 00:00:00;IARCE;Liberado;2026-04-01 00:00:00;2026-04-05 00:00:00;RAUL JOSE ASCUÑA;G10;GIORDANNO ALTAMIRA;1;Emergencia I (en operación);;5804;JLIZARBE;2026-04-07 00:00:00;;;5105607785;2026;01-E001-00000526;20260410;20260414;3100014502;1000017867;20260429;2026-02-24 00:00:00;2026-04-10 00:00:00;2026-04-29 00:00:00;38;42;-6;4;2;3;19;102;28
3000000764;10;;Liberado;2026-01-17 00:00:00;2026-01-17 00:00:00;146;1;APROBADO;2026-01-24 00:00:00;WRODRIGUEZS;2026-02-02 00:00:00;WRODRIGUEZS;2026-02-02 00:00:00;;;213;1;APROBADO;2026-02-06 00:00:00;JGONZALESD;2026-03-23 00:00:00;;;20481872341;J & M TECNOLOGIA FRIGORIFICA S.A.C.;AG04;YA01;40013594;;;;10;7000000284;10;;2026-02-05 00:00:00;ABAMONDE;Liberado;2026-02-05 00:00:00;2026-02-06 00:00:00;KLEBER GUSTAVO SILVA;G14;GERALDINE SANCHEZ;1;Emergencia I (en operación);;4711;INTEGRA_AP;2026-03-23 00:00:00;;;5105606516;2026;01-F001-00001417;20260324;20260331;3100011999;1000013283;20260405;2026-02-02 00:00:00;2026-03-24 00:00:00;2026-04-05 00:00:00;16;49;-46;1;45;1;12;78;59
3000000770;10;;Liberado;2026-01-18 00:00:00;2026-01-18 00:00:00;339;1;RECHAZADO;2026-02-07 00:00:00;JALVAP;2026-02-19 00:00:00;;;WFELIPE;2026-02-19 00:00:00;1007;1;APROBADO;2026-04-08 00:00:00;JSALINAS;2026-04-09 00:00:00;;;20563059801;C V DIVING S.A.C.;FL07;YA05;70000000;;;;20;7000001163;20;;2026-03-26 00:00:00;GALTAMIRANO;Liberado;2026-04-01 00:00:00;2026-04-06 00:00:00;WALTER SULLIVAN FELIPE;G10;GIORDANNO ALTAMIRA;14;Emergencia III (Veda);;6134;GRONCAL;2026-04-11 00:00:00;2026-03-31 00:00:00;2026-04-01 00:00:00;5105607955;2026;01-E001-00000254;20260413;20260415;3100014870;1000017953;20260430;2026-02-19 00:00:00;2026-04-13 00:00:00;2026-04-30 00:00:00;32;49;-14;11;5;2;17;102;35
3000000770;10;;Liberado;2026-01-18 00:00:00;2026-01-18 00:00:00;339;2;APROBADO;2026-02-19 00:00:00;MORTIZ;2026-02-23 00:00:00;WFELIPE;2026-03-02 00:00:00;;;1007;1;APROBADO;2026-04-08 00:00:00;JSALINAS;2026-04-09 00:00:00;;;20563059801;C V DIVING S.A.C.;FL07;YA05;70000000;;;;20;7000001163;20;;2026-03-26 00:00:00;GALTAMIRANO;Liberado;2026-04-01 00:00:00;2026-04-06 00:00:00;WALTER SULLIVAN FELIPE;G10;GIORDANNO ALTAMIRA;14;Emergencia III (Veda);;6134;GRONCAL;2026-04-11 00:00:00;2026-03-31 00:00:00;2026-04-01 00:00:00;5105607955;2026;01-E001-00000254;20260413;20260415;3100014870;1000017953;20260430;2026-03-02 00:00:00;2026-04-13 00:00:00;2026-04-30 00:00:00;43;38;-14;11;5;2;17;102;35
3000000798;10;;Liberado;2026-01-19 00:00:00;2026-01-19 00:00:00;496;1;APROBADO;2026-02-18 00:00:00;JCUSTODIO;2026-03-04 00:00:00;JSALINAS;2026-03-11 00:00:00;;;871;1;APROBADO;2026-03-31 00:00:00;JSALINAS;2026-04-01 00:00:00;;;20547246919;RM INVERSIONES CORPORATION S.A.C.;FL23;YA02;40013616;;;;20;7000001143;10;;2026-03-26 00:00:00;LOSORIO;Liberado;2026-03-26 00:00:00;2026-03-31 00:00:00;JUAN CARLOS SALINAS;G12;RENZO CÁCERES;14;Emergencia III (Veda);;5625;GRONCAL;2026-04-06 00:00:00;2026-02-19 00:00:00;2026-02-24 00:00:00;5105607799;2026;01-F001-00001516;20260408;20260414;3100014516;1000019006;20260510;2026-03-11 00:00:00;2026-04-08 00:00:00;2026-05-10 00:00:00;51;21;-6;5;6;2;32;111;45
3000000799;10;;Liberado;2026-01-19 00:00:00;2026-01-19 00:00:00;327;1;APROBADO;2026-02-05 00:00:00;JCUSTODIO;2026-02-08 00:00:00;JSALINAS;2026-02-09 00:00:00;;;299;1;APROBADO;2026-02-16 00:00:00;JSALINAS;2026-02-19 00:00:00;;;20602503039;INDUSTRIAL EXCHANGER TUBILLAS S.A.C;FL23;YA02;40013616;;;;30;7000000416;10;;2026-02-12 00:00:00;ABAMONDE;Liberado;2026-02-12 00:00:00;2026-02-13 00:00:00;JUAN CARLOS SALINAS;G12;RENZO CÁCERES;14;Emergencia III (Veda);;2903;INTEGRA_AP;2026-02-19 00:00:00;2026-02-10 00:00:00;2026-02-10 00:00:00;5105604493;2026;01-FE01-00004839;20260227;20260313;3100008458;1000014804;20260410;2026-02-09 00:00:00;2026-02-27 00:00:00;2026-04-10 00:00:00;21;10;-7;1;6;8;42;81;57
3000000815;10;;Liberado;2026-01-19 00:00:00;2026-01-19 00:00:00;540;1;RECHAZADO;2026-02-23 00:00:00;;;;;JKONGSAN;2026-03-03 00:00:00;802;1;APROBADO;2026-03-27 00:00:00;JCAVERO;2026-04-07 00:00:00;;;20492962318;FLOW MACHINES S.A.C.;AG07;YA02;40012224;;;;40;7000000584;10;;2026-02-23 00:00:00;GSANCHEZ;Liberado;2026-02-24 00:00:00;2026-02-25 00:00:00;;G10;GIORDANNO ALTAMIRA;3;Genéricos;;5724;INTEGRA_AP;2026-04-07 00:00:00;;;5105607831;2026;01-E001-00001759;20260409;20260414;3100014554;1000019281;20260507;;2026-04-09 00:00:00;2026-05-07 00:00:00;Pendiente;Pendiente;-43;2;41;2;28;108;73
3000000824;10;;Liberado;2026-01-19 00:00:00;2026-01-19 00:00:00;951;1;APROBADO;2026-03-22 00:00:00;WYOMONA;2026-03-23 00:00:00;DFARRO;2026-03-27 00:00:00;;;698;1;APROBADO;2026-03-22 00:00:00;WYOMONA;2026-03-23 00:00:00;;;20601713404;INVERSIONES BAQUERIZO S.A.C.;FL10;YA01;40012671;;;;10;7000001421;10;;2026-04-09 00:00:00;MFALCON;Liberado;2026-04-14 00:00:00;2026-04-15 00:00:00;WILHELM YOMONA;G12;RENZO CÁCERES;1;Emergencia I (en operación);;6443;INTEGRA_AP;2026-04-15 00:00:00;2026-02-16 00:00:00;2026-02-17 00:00:00;5105608706;2026;01-E001-00001003;20260418;20260422;3100016386;1000021455;20260524;2026-03-27 00:00:00;2026-04-18 00:00:00;2026-05-24 00:00:00;67;-4;17;6;0;3;36;125;45
3000000826;10;;Liberado;2026-01-19 00:00:00;2026-01-19 00:00:00;349;1;APROBADO;2026-02-07 00:00:00;WYOMONA;2026-02-11 00:00:00;DFARRO;2026-02-20 00:00:00;;;238;1;APROBADO;2026-02-10 00:00:00;WMELCHOR;2026-02-16 00:00:00;;;20282601487;TALLER MECANICA ELECTRODO E.I.R.L.;FL10;YA01;40012690;;;;10;7000000809;10;;2026-03-06 00:00:00;LOSORIO;Liberado;2026-03-09 00:00:00;2026-03-10 00:00:00;WILHELM YOMONA;G12;RENZO CÁCERES;1;Emergencia I (en operación);;4345;GRONCAL;2026-03-17 00:00:00;2026-02-05 00:00:00;2026-02-05 00:00:00;5105605512;2026;01-E001-00000944;20260318;20260324;3100010209;1000014720;20260410;2026-02-20 00:00:00;2026-03-18 00:00:00;2026-04-10 00:00:00;32;-4;18;4;7;1;23;81;35
3000000831;10;;Liberado;2026-01-19 00:00:00;2026-01-19 00:00:00;852;1;APROBADO;2026-03-13 00:00:00;WYOMONA;2026-03-23 00:00:00;DFARRO;2026-03-27 00:00:00;;;619;1;APROBADO;2026-03-13 00:00:00;WYOMONA;2026-03-23 00:00:00;;;20445409911;REPARACIONES Y SERVICIOS NAVALES CH;FL10;YA01;40012695;;;;20;7000001419;10;;2026-04-09 00:00:00;MFALCON;Liberado;2026-04-09 00:00:00;2026-04-14 00:00:00;WILHELM YOMONA;G12;RENZO CÁCERES;1;Emergencia I (en operación);;6365;INTEGRA_AP;2026-04-14 00:00:00;2026-03-10 00:00:00;2026-03-10 00:00:00;5105608408;2026;01-E001-00001455;20260420;20260421;3100015981;1000019325;20260508;2026-03-27 00:00:00;2026-04-20 00:00:00;2026-05-08 00:00:00;67;-4;17;5;0;6;18;109;29
3000000832;10;;Liberado;2026-01-19 00:00:00;2026-01-19 00:00:00;916;1;RECHAZADO;2026-03-19 00:00:00;;;;;WYOMONA;2026-03-23 00:00:00;698;1;APROBADO;2026-03-22 00:00:00;WYOMONA;2026-03-23 00:00:00;;;20601713404;INVERSIONES BAQUERIZO S.A.C.;FL10;YA01;40012696;;;;10;7000001421;20;;2026-04-09 00:00:00;MFALCON;Liberado;2026-04-14 00:00:00;2026-04-15 00:00:00;WILHELM YOMONA;G12;RENZO CÁCERES;1;Emergencia I (en operación);;6443;INTEGRA_AP;2026-04-15 00:00:00;2026-02-16 00:00:00;2026-02-17 00:00:00;5105608706;2026;01-E001-00001003;20260418;20260422;3100016386;1000021455;20260524;;2026-04-18 00:00:00;2026-05-24 00:00:00;Pendiente;Pendiente;17;6;0;3;36;125;45
3000000832;10;;Liberado;2026-01-19 00:00:00;2026-01-19 00:00:00;916;2;APROBADO;2026-03-23 00:00:00;WYOMONA;2026-03-23 00:00:00;DFARRO;2026-03-27 00:00:00;;;698;1;APROBADO;2026-03-22 00:00:00;WYOMONA;2026-03-23 00:00:00;;;20601713404;INVERSIONES BAQUERIZO S.A.C.;FL10;YA01;40012696;;;;10;7000001421;20;;2026-04-09 00:00:00;MFALCON;Liberado;2026-04-14 00:00:00;2026-04-15 00:00:00;WILHELM YOMONA;G12;RENZO CÁCERES;1;Emergencia I (en operación);;6443;INTEGRA_AP;2026-04-15 00:00:00;2026-02-16 00:00:00;2026-02-17 00:00:00;5105608706;2026;01-E001-00001003;20260418;20260422;3100016386;1000021455;20260524;2026-03-27 00:00:00;2026-04-18 00:00:00;2026-05-24 00:00:00;67;-4;17;6;0;3;36;125;45
3000000833;10;;Liberado;2026-01-19 00:00:00;2026-01-19 00:00:00;466;1;APROBADO;2026-02-17 00:00:00;JSALINAS;2026-02-19 00:00:00;DFARRO;2026-02-25 00:00:00;;;305;1;APROBADO;2026-02-17 00:00:00;JSALINAS;2026-02-19 00:00:00;;;20514598224;ROBINSON MARINE ELECTRONICS S.R.L.;FL11;YA01;40012698;;;;10;7000000896;20;;2026-03-12 00:00:00;LOSORIO;Liberado;2026-03-13 00:00:00;2026-03-16 00:00:00;WILHELM YOMONA;G10;GIORDANNO ALTAMIRA;1;Emergencia I (en operación);;4367;GRONCAL;2026-03-17 00:00:00;2026-02-16 00:00:00;2026-02-16 00:00:00;5105606367;2026;01-F001-00003209;20260320;20260330;3100011725;1000017097;20260424;2026-02-25 00:00:00;2026-03-20 00:00:00;2026-04-24 00:00:00;37;-6;21;4;1;3;35;95;43
3000000837;10;;Liberado;2026-01-19 00:00:00;2026-01-19 00:00:00;471;1;APROBADO;2026-02-17 00:00:00;LSANCHEZB;2026-02-20 00:00:00;JSALINAS;2026-02-25 00:00:00;;;470;1;APROBADO;2026-03-06 00:00:00;JSALINAS;2026-03-11 00:00:00;;;20506288178;ASAP CONSULTING GROUP S.A.C;FL24;YA02;40013291;;;;20;7000000761;20;;2026-03-04 00:00:00;LOSORIO;Liberado;2026-03-04 00:00:00;2026-03-05 00:00:00;JUAN CARLOS SALINAS;G02;ISAAC ARCE;14;Emergencia III (Veda);;3916;GRONCAL;2026-03-12 00:00:00;2026-02-09 00:00:00;2026-02-09 00:00:00;5105606005;2026;01-F001-00006617;20260316;20260327;3100011281;1000015288;20260414;2026-02-25 00:00:00;2026-03-16 00:00:00;2026-04-14 00:00:00;37;14;-7;1;7;4;29;85;41
3000000841;10;;Liberado;2026-01-19 00:00:00;2026-01-19 00:00:00;183;1;APROBADO;2026-01-27 00:00:00;JALVAP;2026-02-09 00:00:00;JSALINAS;2026-02-09 00:00:00;;;369;1;APROBADO;2026-02-25 00:00:00;JSALINAS;2026-02-25 00:00:00;;;20445526127;SERVICIOS INDUSTRIALES HALAVISI S.A;FL23;YA02;40013631;;;;10;7000000414;10;;2026-02-12 00:00:00;ABAMONDE;Liberado;2026-02-12 00:00:00;2026-02-13 00:00:00;JUAN CARLOS SALINAS;G12;RENZO CÁCERES;14;Emergencia III (Veda);;3117;INTEGRA_AP;2026-02-25 00:00:00;2026-02-04 00:00:00;2026-02-09 00:00:00;5105605065;2026;01-E001-00001929;20260304;20260318;3100009464;1000022569;20260531;2026-02-09 00:00:00;2026-03-04 00:00:00;2026-05-31 00:00:00;21;16;-13;1;12;7;88;132;108
3000000849;10;;Liberado;2026-01-19 00:00:00;2026-01-19 00:00:00;569;1;APROBADO;2026-02-26 00:00:00;JCUSTODIO;2026-02-26 00:00:00;WMELCHOR;2026-02-27 00:00:00;;;541;1;APROBADO;2026-03-11 00:00:00;WMELCHOR;2026-03-16 00:00:00;;;20503623961;REPRESENTACIONES TYG SAC.;FL21;YA02;40013705;;;;20;7000000825;10;;2026-03-06 00:00:00;LOSORIO;Liberado;2026-03-09 00:00:00;2026-03-10 00:00:00;WILMER NELSON MELCHOR;G12;RENZO CÁCERES;14;Emergencia III (Veda);;4361;GRONCAL;2026-03-17 00:00:00;;;5105606733;2026;01-F001-00005219;20260326;20260331;3100012347;1000014776;20260410;2026-02-27 00:00:00;2026-03-26 00:00:00;2026-04-10 00:00:00;39;17;-10;4;7;9;15;81;35
3000000855;10;;Liberado;2026-01-19 00:00:00;2026-01-19 00:00:00;1877;1;APROBADO;2026-05-27 00:00:00;JALVAP;2026-05-28 00:00:00;JSALINAS;2026-06-05 00:00:00;;;#N/A;#N/A;#N/A;#N/A;#N/A;#N/A;#N/A;#N/A;20518866401;CORPORACION SELMAR SOCIEDAD ANONIMA;FL23;YA02;40013708;;;;10;7000002596;10;;2026-06-10 00:00:00;LMENDOZAH;Liberado;2026-06-11 00:00:00;2026-06-15 00:00:00;JUAN CARLOS SALINAS;G10;GIORDANNO ALTAMIRA;14;Emergencia III (Veda);;#N/A;#N/A;#N/A;2026-06-03 00:00:00;2026-06-05 00:00:00;#N/A;#N/A;#N/A;#N/A;#N/A;#N/A;#N/A;#N/A;2026-06-05 00:00:00;;;137;Pendiente;Pendiente;5;Pendiente;Pendiente;Pendiente;Pendiente;Pendiente
3000000856;10;;Liberado;2026-01-19 00:00:00;2026-01-19 00:00:00;95;1;APROBADO;2026-01-22 00:00:00;JALVAP;2026-02-09 00:00:00;JSALINAS;2026-02-09 00:00:00;;;297;1;APROBADO;2026-02-16 00:00:00;JSALINAS;2026-02-19 00:00:00;;;20563059801;C V DIVING S.A.C.;FL23;YA02;40013708;;;;20;7000000412;10;;2026-02-12 00:00:00;ABAMONDE;Liberado;2026-02-12 00:00:00;2026-02-13 00:00:00;JUAN CARLOS SALINAS;G10;GIORDANNO ALTAMIRA;14;Emergencia III (Veda);;2883;INTEGRA_AP;2026-02-19 00:00:00;2026-01-26 00:00:00;2026-01-28 00:00:00;5105604445;2026;01-E001-00000249;20260302;20260313;3100008336;1000011533;20260322;2026-02-09 00:00:00;2026-03-02 00:00:00;2026-03-22 00:00:00;21;10;-7;1;6;11;20;62;38
3000000859;10;;Liberado;2026-01-19 00:00:00;2026-01-19 00:00:00;1655;1;APROBADO;2026-05-07 00:00:00;MORTIZ;2026-05-07 00:00:00;CDELACRUZ;2026-05-08 00:00:00;;;2450;1;APROBADO;2026-05-20 00:00:00;M-wmelchor;2026-05-21 00:00:00;;;20602226400;M TEMOCHE S.A.C.;FL04;YA02;40013635;;;;10;7000002142;40;;2026-05-13 00:00:00;LOSORIO;Liberado;2026-05-19 00:00:00;2026-05-19 00:00:00;CARLOS BERARDO DE LA CRUZ;G02;ISAAC ARCE;14;Emergencia III (Veda);;12484;INTEGRA_AP;2026-05-16 00:00:00;2026-04-12 00:00:00;2026-04-20 00:00:00;5105612175;2026;01-E001-00000865;20260527;20260529;3100023701;1000023765;20260605;2026-05-08 00:00:00;2026-05-27 00:00:00;2026-06-05 00:00:00;109;13;-8;6;-3;11;9;137;23
3000000862;10;;Liberado;2026-01-19 00:00:00;2026-01-19 00:00:00;1673;1;APROBADO;2026-05-07 00:00:00;MORTIZ;2026-05-08 00:00:00;CDELACRUZ;2026-05-08 00:00:00;;;2450;1;APROBADO;2026-05-20 00:00:00;M-wmelchor;2026-05-21 00:00:00;;;20602226400;M TEMOCHE S.A.C.;FL04;YA02;40013638;;;;10;7000002142;60;;2026-05-13 00:00:00;LOSORIO;Liberado;2026-05-19 00:00:00;2026-05-19 00:00:00;CARLOS BERARDO DE LA CRUZ;G02;ISAAC ARCE;14;Emergencia III (Veda);;12484;INTEGRA_AP;2026-05-16 00:00:00;2026-04-12 00:00:00;2026-04-24 00:00:00;5105612175;2026;01-E001-00000865;20260527;20260529;3100023701;1000023765;20260605;2026-05-08 00:00:00;2026-05-27 00:00:00;2026-06-05 00:00:00;109;13;-8;6;-3;11;9;137;23
3000000872;10;;Liberado;2026-01-19 00:00:00;2026-01-19 00:00:00;1458;1;RECHAZADO;2026-04-22 00:00:00;;;;;MORTIZ;2026-05-07 00:00:00;2356;1;APROBADO;2026-05-15 00:00:00;JSALINAS;2026-05-19 00:00:00;;;20541732960;SERVICIOS NAVALES PAREDES E.I.R.L.;FL20;YA02;40013692;;;;10;7000002150;10;;2026-05-14 00:00:00;LOSORIO;Liberado;2026-05-14 00:00:00;2026-05-15 00:00:00;CARLOS BERARDO DE LA CRUZ;G02;ISAAC ARCE;14;Emergencia III (Veda);;12731;INTEGRA_AP;2026-05-19 00:00:00;2026-04-30 00:00:00;2026-05-04 00:00:00;5105611297;2026;01-E001-00000663;20260520;20260521;3100022017;1000026081;20260619;;2026-05-20 00:00:00;2026-06-19 00:00:00;Pendiente;Pendiente;-5;1;4;1;30;151;36
3000000872;10;;Liberado;2026-01-19 00:00:00;2026-01-19 00:00:00;1458;2;APROBADO;2026-05-08 00:00:00;MORTIZ;2026-05-08 00:00:00;CDELACRUZ;2026-05-08 00:00:00;;;2356;1;APROBADO;2026-05-15 00:00:00;JSALINAS;2026-05-19 00:00:00;;;20541732960;SERVICIOS NAVALES PAREDES E.I.R.L.;FL20;YA02;40013692;;;;10;7000002150;10;;2026-05-14 00:00:00;LOSORIO;Liberado;2026-05-14 00:00:00;2026-05-15 00:00:00;CARLOS BERARDO DE LA CRUZ;G02;ISAAC ARCE;14;Emergencia III (Veda);;12731;INTEGRA_AP;2026-05-19 00:00:00;2026-04-30 00:00:00;2026-05-04 00:00:00;5105611297;2026;01-E001-00000663;20260520;20260521;3100022017;1000026081;20260619;2026-05-08 00:00:00;2026-05-20 00:00:00;2026-06-19 00:00:00;109;11;-5;1;4;1;30;151;36
3000000891;10;;Liberado;2026-01-20 00:00:00;2026-01-20 00:00:00;140;1;APROBADO;2026-01-24 00:00:00;MORTIZ;2026-02-21 00:00:00;JSALINAS;2026-02-25 00:00:00;;;485;1;APROBADO;2026-03-07 00:00:00;JSALINAS;2026-03-11 00:00:00;;;20110154098;SERVICIOS ELECTROM.-INDUSTRIALES S.;FL23;YA02;40013057;;;;20;7000000747;10;;2026-03-04 00:00:00;LOSORIO;Liberado;2026-03-04 00:00:00;2026-03-05 00:00:00;JUAN CARLOS SALINAS;G01;JOSÉ BAZÁN;14;Emergencia III (Veda);;3890;GRONCAL;2026-03-12 00:00:00;2026-01-26 00:00:00;2026-01-28 00:00:00;5105605604;2026;01-E001-00000623;20260313;20260325;3100010442;1000012340;20260326;2026-02-25 00:00:00;2026-03-13 00:00:00;2026-03-26 00:00:00;36;14;-7;1;7;1;13;65;22
3000000891;10;;Liberado;2026-01-20 00:00:00;2026-01-20 00:00:00;140;1;APROBADO;2026-01-24 00:00:00;MORTIZ;2026-02-21 00:00:00;JSALINAS;2026-02-25 00:00:00;;;485;1;APROBADO;2026-03-07 00:00:00;JSALINAS;2026-03-11 00:00:00;;;20110154098;SERVICIOS ELECTROM.-INDUSTRIALES S.;FL23;YA02;40013057;;;;20;7000000747;10;;2026-03-04 00:00:00;LOSORIO;Liberado;2026-03-04 00:00:00;2026-03-05 00:00:00;JUAN CARLOS SALINAS;G01;JOSÉ BAZÁN;14;Emergencia III (Veda);;3890;GRONCAL;2026-03-12 00:00:00;2026-01-26 00:00:00;2026-01-28 00:00:00;5105605604;2026;01-E001-00000623;20260313;20260325;3100010442;1000012340;20260326;2026-02-25 00:00:00;2026-03-13 00:00:00;2026-03-26 00:00:00;36;14;-7;1;7;1;13;65;22
3000000906;10;;Liberado;2026-01-20 00:00:00;2026-01-20 00:00:00;211;1;APROBADO;2026-01-27 00:00:00;MORTIZ;2026-02-10 00:00:00;JSALINAS;2026-02-10 00:00:00;;;325;1;APROBADO;2026-02-19 00:00:00;JSALINAS;2026-02-19 00:00:00;;;20606799676;IMPORTACIONES & SERVICIOS JAVIER E.;FL24;YA02;40013731;;;;10;7000000462;10;;2026-02-16 00:00:00;LOSORIO;Liberado;2026-02-17 00:00:00;2026-02-18 00:00:00;JUAN CARLOS SALINAS;G10;GIORDANNO ALTAMIRA;14;Emergencia III (Veda);;2882;INTEGRA_AP;2026-02-19 00:00:00;2026-02-17 00:00:00;2026-02-18 00:00:00;5105604452;2026;01-E001-00001065;20260302;20260313;3100008359;1000014817;20260410;2026-02-10 00:00:00;2026-03-02 00:00:00;2026-04-10 00:00:00;21;9;-3;2;1;11;39;80;53
3000000917;10;;Liberado;2026-01-20 00:00:00;2026-01-20 00:00:00;1259;1;APROBADO;2026-04-13 00:00:00;JCUSTODIO;2026-04-14 00:00:00;WYOMONA;2026-04-16 00:00:00;;;1762;1;APROBADO;2026-04-27 00:00:00;WYOMONA;2026-04-28 00:00:00;;;20601713404;INVERSIONES BAQUERIZO S.A.C.;FL10;YA02;40013742;;;;20;7000001675;10;;2026-04-22 00:00:00;LOSORIO;Liberado;2026-04-23 00:00:00;2026-04-24 00:00:00;WILHELM YOMONA;G12;RENZO CÁCERES;14;Emergencia III (Veda);;10859;INTEGRA_AP;2026-04-28 00:00:00;2026-04-10 00:00:00;2026-04-13 00:00:00;5105609976;2026;01-E001-00001008;20260502;20260505;3100018751;1000019118;20260510;2026-04-16 00:00:00;2026-05-02 00:00:00;2026-05-10 00:00:00;86;12;-6;2;4;4;8;110;18
3000000918;10;;Liberado;2026-01-20 00:00:00;2026-01-20 00:00:00;618;1;APROBADO;2026-03-02 00:00:00;JCUSTODIO;2026-03-09 00:00:00;WYOMONA;2026-03-09 00:00:00;;;924;1;APROBADO;2026-04-06 00:00:00;WYOMONA;2026-04-11 00:00:00;;;20541720104;DIN GRUPO EMPRESARIAL S.A.C.;FL10;YA02;40013742;;;;60;7000000953;10;;2026-03-16 00:00:00;LOSORIO;Liberado;2026-03-17 00:00:00;2026-03-18 00:00:00;WILHELM YOMONA;G12;RENZO CÁCERES;14;Emergencia III (Veda);;6184;INTEGRA_AP;2026-04-11 00:00:00;2026-03-26 00:00:00;2026-03-27 00:00:00;5105607645;2026;01-F001-00002131;20260413;20260413;3100014338;1000017301;20260427;2026-03-09 00:00:00;2026-04-13 00:00:00;2026-04-27 00:00:00;48;33;-26;2;24;2;14;97;42
3000000920;10;;Liberado;2026-01-20 00:00:00;2026-01-20 00:00:00;480;1;APROBADO;2026-02-18 00:00:00;WMELCHOR;2026-02-19 00:00:00;DFARRO;2026-02-25 00:00:00;;;312;1;APROBADO;2026-02-18 00:00:00;JSALINAS;2026-02-19 00:00:00;;;20457230118;REFRINS SERVICE S.R.L.;FL22;YA01;40013280;;;;30;7000000865;30;;2026-03-11 00:00:00;LOSORIO;Liberado;2026-03-11 00:00:00;2026-03-12 00:00:00;WILMER NELSON MELCHOR;G01;JOSÉ BAZÁN;1;Emergencia I (en operación);;4073;GRONCAL;2026-03-13 00:00:00;2026-02-04 00:00:00;2026-02-04 00:00:00;5105605417;2026;01-E001-00001604;20260318;20260323;3100010013;1000012615;20260327;2026-02-25 00:00:00;2026-03-18 00:00:00;2026-03-27 00:00:00;36;-6;20;1;1;5;9;66;16
3000000923;10;;Liberado;2026-01-20 00:00:00;2026-01-20 00:00:00;469;1;APROBADO;2026-02-17 00:00:00;JSALINAS;2026-02-19 00:00:00;DFARRO;2026-02-25 00:00:00;;;305;1;APROBADO;2026-02-17 00:00:00;JSALINAS;2026-02-19 00:00:00;;;20514598224;ROBINSON MARINE ELECTRONICS S.R.L.;FL11;YA01;40012700;;;;10;7000000896;30;;2026-03-12 00:00:00;LOSORIO;Liberado;2026-03-13 00:00:00;2026-03-16 00:00:00;JUAN CARLOS SALINAS;G10;GIORDANNO ALTAMIRA;1;Emergencia I (en operación);;4367;GRONCAL;2026-03-17 00:00:00;2026-02-16 00:00:00;2026-02-16 00:00:00;5105606367;2026;01-F001-00003209;20260320;20260330;3100011725;1000017097;20260424;2026-02-25 00:00:00;2026-03-20 00:00:00;2026-04-24 00:00:00;36;-6;21;4;1;3;35;94;43
3000000927;10;;Liberado;2026-01-20 00:00:00;2026-01-20 00:00:00;217;1;APROBADO;2026-01-28 00:00:00;WMELCHOR;2026-01-29 00:00:00;DFARRO;2026-02-05 00:00:00;;;164;1;APROBADO;2026-02-03 00:00:00;WMELCHOR;2026-02-03 00:00:00;;;20601469635;SERJES CORPORATION S.A.C.;FL21;YA01;40012722;;;;10;7000000376;10;;2026-02-10 00:00:00;ABAMONDE;Liberado;2026-02-11 00:00:00;2026-02-12 00:00:00;WILMER NELSON MELCHOR;G02;ISAAC ARCE;1;Emergencia I (en operación);;2884;GGALLO;2026-02-19 00:00:00;2026-01-26 00:00:00;2026-01-26 00:00:00;5105603650;2026;01-E001-00000451;20260305;20260306;3100006739;1000009340;20260306;2026-02-05 00:00:00;2026-03-05 00:00:00;2026-03-06 00:00:00;16;-2;7;2;7;14;1;45;24
3000000930;10;;Liberado;2026-01-20 00:00:00;2026-01-20 00:00:00;514;2;APROBADO;2026-02-24 00:00:00;WMELCHOR;2026-02-25 00:00:00;DFARRO;2026-02-26 00:00:00;;;#N/A;#N/A;#N/A;#N/A;#N/A;#N/A;#N/A;#N/A;20110154098;SERVICIOS ELECTROM.-INDUSTRIALES S.;FL25;YA01;40012745;;;;10;7000000927;10;;2026-03-13 00:00:00;LOSORIO;Liberado;2026-03-13 00:00:00;2026-03-14 00:00:00;WILMER NELSON MELCHOR;G01;JOSÉ BAZÁN;1;Emergencia I (en operación);;4343;GRONCAL;2026-03-17 00:00:00;;;5105605607;2026;01-E001-00000625;20260318;20260325;3100010501;1000012340;20260326;2026-02-26 00:00:00;2026-03-18 00:00:00;2026-03-26 00:00:00;37;Pendiente;Pendiente;1;3;1;8;65;13
3000000932;10;;Liberado;2026-01-20 00:00:00;2026-01-20 00:00:00;296;1;APROBADO;2026-02-03 00:00:00;JSALINAS;2026-02-06 00:00:00;DFARRO;2026-02-25 00:00:00;;;174;1;APROBADO;2026-02-03 00:00:00;WYOMONA;2026-02-06 00:00:00;;;20551745989;J.O. ALEXIN E.I.R.L.;FL23;YA01;40012726;;;;10;7000000903;20;;2026-03-12 00:00:00;LOSORIO;Liberado;2026-03-13 00:00:00;2026-03-16 00:00:00;JUAN CARLOS SALINAS;G02;ISAAC ARCE;1;Emergencia I (en operación);;4387;GRONCAL;2026-03-17 00:00:00;2026-01-26 00:00:00;2026-01-28 00:00:00;5105604977;2026;01-E001-00001106;20260318;20260318;3100009351;1000011486;20260322;2026-02-25 00:00:00;2026-03-18 00:00:00;2026-03-22 00:00:00;36;-19;34;4;1;1;4;61;10
3000000934;10;;Liberado;2026-01-21 00:00:00;2026-01-21 00:00:00;407;1;APROBADO;2026-02-12 00:00:00;AALMEYDA;2026-02-13 00:00:00;AALMEYDA;2026-02-13 00:00:00;;;410;1;APROBADO;2026-03-02 00:00:00;JVILLA;2026-03-02 00:00:00;;;20608041622;COMMERCIAL DIVING AQUAXPLORA E;AG06;YA02;40011677;;;;50;7000000172;10;;2026-01-30 00:00:00;ABENITESL;Liberado;2026-01-30 00:00:00;2026-01-30 00:00:00;JIMY PERCY VILLA;G07;FLAVIA DELGADO;3;Genéricos;;3400;INTEGRA_AP;2026-03-02 00:00:00;;;5105604063;2026;01-E001-00000459;20260304;20260310;3100007637;1000010654;20260313;2026-02-13 00:00:00;2026-03-04 00:00:00;2026-03-13 00:00:00;23;17;-31;0;31;2;9;51;42
3000000935;10;;Liberado;2026-01-21 00:00:00;2026-01-21 00:00:00;2015;1;APROBADO;2026-06-16 00:00:00;JSALINAS;2026-06-16 00:00:00;DFARRO;2026-06-22 00:00:00;;;2976;1;APROBADO;2026-06-16 00:00:00;JSALINAS;2026-06-16 00:00:00;;;10425629935;JESUS MARTIN MATIAS GUTIERREZ;FL23;YA01;40012729;;;;10;7000002924;10;;2026-07-02 00:00:00;LMENDOZAH;Liberado;2026-07-02 00:00:00;2026-07-03 00:00:00;JUAN CARLOS SALINAS;G10;GIORDANNO ALTAMIRA;1;Emergencia I (en operación);;14746;INTEGRA_AP;2026-07-03 00:00:00;2026-06-18 00:00:00;2026-06-24 00:00:00;#N/A;#N/A;#N/A;#N/A;#N/A;#N/A;#N/A;#N/A;2026-06-22 00:00:00;;;152;-6;16;1;0;Pendiente;Pendiente;Pendiente;Pendiente
3000000935;10;;Liberado;2026-01-21 00:00:00;2026-01-21 00:00:00;2015;1;APROBADO;2026-06-16 00:00:00;JSALINAS;2026-06-16 00:00:00;DFARRO;2026-06-22 00:00:00;;;2976;1;APROBADO;2026-06-16 00:00:00;JSALINAS;2026-06-16 00:00:00;;;10425629935;JESUS MARTIN MATIAS GUTIERREZ;FL23;YA01;40012729;;;;10;7000002924;10;;2026-07-02 00:00:00;LMENDOZAH;Liberado;2026-07-02 00:00:00;2026-07-03 00:00:00;JUAN CARLOS SALINAS;G10;GIORDANNO ALTAMIRA;1;Emergencia I (en operación);;14746;INTEGRA_AP;2026-07-03 00:00:00;2026-06-18 00:00:00;2026-06-24 00:00:00;#N/A;#N/A;#N/A;#N/A;#N/A;#N/A;#N/A;#N/A;2026-06-22 00:00:00;;;152;-6;16;1;0;Pendiente;Pendiente;Pendiente;Pendiente
3000000943;10;;Liberado;2026-01-21 00:00:00;2026-01-21 00:00:00;1373;1;APROBADO;2026-04-16 00:00:00;AVASQUEZ;2026-04-20 00:00:00;M-jsalinas;2026-04-20 00:00:00;;;2029;1;APROBADO;2026-05-06 00:00:00;M-WMELCHOR;2026-05-06 00:00:00;;;20551745989;J.O. ALEXIN E.I.R.L.;FL23;YA02;40014254;;;;10;7000001749;80;;2026-04-24 00:00:00;LOSORIO;Liberado;2026-04-28 00:00:00;2026-04-29 00:00:00;JUAN CARLOS SALINAS;G02;ISAAC ARCE;14;Emergencia III (Veda);;11816;INTEGRA_AP;2026-05-06 00:00:00;2026-02-10 00:00:00;2026-02-10 00:00:00;5105610234;2026;01-E001-00001133;20260508;20260511;3100019258;1000019694;20260512;2026-04-20 00:00:00;2026-05-08 00:00:00;2026-05-12 00:00:00;89;16;-12;5;7;2;4;111;18
3000000945;10;;Liberado;2026-01-21 00:00:00;2026-01-21 00:00:00;1644;1;APROBADO;2026-05-07 00:00:00;M-avasquez;2026-05-08 00:00:00;M-wmelchor;2026-05-08 00:00:00;;;2450;1;APROBADO;2026-05-20 00:00:00;M-wmelchor;2026-05-21 00:00:00;;;20602226400;M TEMOCHE S.A.C.;FL21;YA02;40014256;;;;10;7000002142;170;;2026-05-13 00:00:00;LOSORIO;Liberado;2026-05-19 00:00:00;2026-05-19 00:00:00;WILMER NELSON MELCHOR;G02;ISAAC ARCE;14;Emergencia III (Veda);;12484;INTEGRA_AP;2026-05-16 00:00:00;2026-03-02 00:00:00;2026-03-02 00:00:00;5105612175;2026;01-E001-00000865;20260527;20260529;3100023701;1000023765;20260605;2026-05-08 00:00:00;2026-05-27 00:00:00;2026-06-05 00:00:00;107;13;-8;6;-3;11;9;135;23
3000000947;10;;Liberado;2026-01-21 00:00:00;2026-01-21 00:00:00;153;1;APROBADO;2026-01-25 00:00:00;RBLONDET;2026-01-26 00:00:00;RBLONDET;2026-01-26 00:00:00;;;533;1;APROBADO;2026-03-10 00:00:00;JLIZARBE;2026-03-12 00:00:00;;;20602847790;CONSERMEC E.I.R.L.;AG08;YA01;40014267;;;;10;7000000769;60;;2026-03-04 00:00:00;LOSORIO;Liberado;2026-03-04 00:00:00;2026-03-05 00:00:00;SALOMON ALEJANDRO GONZALES;G10;GIORDANNO ALTAMIRA;1;Emergencia I (en operación);;3823;INTEGRA_AP;2026-03-11 00:00:00;;;5105605657;2026;01-E001-00000511;20260313;20260325;3100010700;1000012334;20260326;2026-01-26 00:00:00;2026-03-13 00:00:00;2026-03-26 00:00:00;5;45;-8;1;6;2;13;64;22
3000000948;10;;Liberado;2026-01-21 00:00:00;2026-01-21 00:00:00;207;1;APROBADO;2026-01-27 00:00:00;RBLONDET;2026-01-30 00:00:00;RBLONDET;2026-01-30 00:00:00;;;577;1;APROBADO;2026-03-11 00:00:00;JLIZARBE;2026-03-12 00:00:00;;;20533194916;SERVICIOS GENERALES WOLF E.I.R.L.;AG08;YA01;40014268;;;;10;7000000765;90;;2026-03-04 00:00:00;LOSORIO;Liberado;2026-03-04 00:00:00;2026-03-05 00:00:00;JESUS ANGEL LIZARBE;G02;ISAAC ARCE;1;Emergencia I (en operación);;3880;INTEGRA_AP;2026-03-12 00:00:00;;;5105605578;2026;01-E001-00000906;20260312;20260324;3100010275;1000012323;20260329;2026-01-30 00:00:00;2026-03-12 00:00:00;2026-03-29 00:00:00;9;41;-8;1;7;0;17;67;25
3000000953;10;;Liberado;2026-01-21 00:00:00;2026-01-21 00:00:00;199;1;APROBADO;2026-01-27 00:00:00;RBLONDET;2026-01-30 00:00:00;RBLONDET;2026-01-30 00:00:00;;;777;1;APROBADO;2026-03-27 00:00:00;JLIZARBE;2026-03-27 00:00:00;;;20533194916;SERVICIOS GENERALES WOLF E.I.R.L.;AG08;YA01;40014273;;;;10;7000001146;10;;2026-03-26 00:00:00;LOSORIO;Liberado;2026-03-26 00:00:00;2026-03-27 00:00:00;JESUS ANGEL LIZARBE;G02;ISAAC ARCE;1;Emergencia I (en operación);;5074;INTEGRA_AP;2026-03-27 00:00:00;;;5105607359;2026;01-E001-00000926;20260406;20260409;3100013581;1000019113;20260510;2026-01-30 00:00:00;2026-04-06 00:00:00;2026-05-10 00:00:00;9;56;-1;1;0;10;34;109;45
3000000955;10;;Liberado;2026-01-21 00:00:00;2026-01-21 00:00:00;197;1;APROBADO;2026-01-27 00:00:00;RBLONDET;2026-01-30 00:00:00;RBLONDET;2026-01-30 00:00:00;;;577;1;APROBADO;2026-03-11 00:00:00;JLIZARBE;2026-03-12 00:00:00;;;20533194916;SERVICIOS GENERALES WOLF E.I.R.L.;AG08;YA01;40014275;;;;10;7000000765;20;;2026-03-04 00:00:00;LOSORIO;Liberado;2026-03-04 00:00:00;2026-03-05 00:00:00;JESUS ANGEL LIZARBE;G02;ISAAC ARCE;1;Emergencia I (en operación);;3880;INTEGRA_AP;2026-03-12 00:00:00;;;5105605578;2026;01-E001-00000906;20260312;20260324;3100010275;1000012323;20260329;2026-01-30 00:00:00;2026-03-12 00:00:00;2026-03-29 00:00:00;9;41;-8;1;7;0;17;67;25
3000000956;10;;Liberado;2026-01-21 00:00:00;2026-01-21 00:00:00;196;1;APROBADO;2026-01-27 00:00:00;RBLONDET;2026-01-30 00:00:00;RBLONDET;2026-01-30 00:00:00;;;577;1;APROBADO;2026-03-11 00:00:00;JLIZARBE;2026-03-12 00:00:00;;;20533194916;SERVICIOS GENERALES WOLF E.I.R.L.;AG08;YA01;40014276;;;;10;7000000765;120;;2026-03-04 00:00:00;LOSORIO;Liberado;2026-03-04 00:00:00;2026-03-05 00:00:00;JESUS ANGEL LIZARBE;G02;ISAAC ARCE;1;Emergencia I (en operación);;3880;INTEGRA_AP;2026-03-12 00:00:00;;;5105605578;2026;01-E001-00000906;20260312;20260324;3100010275;1000012323;20260329;2026-01-30 00:00:00;2026-03-12 00:00:00;2026-03-29 00:00:00;9;41;-8;1;7;0;17;67;25
3000000957;10;;Liberado;2026-01-21 00:00:00;2026-01-21 00:00:00;195;1;APROBADO;2026-01-27 00:00:00;RBLONDET;2026-01-30 00:00:00;RBLONDET;2026-01-30 00:00:00;;;577;1;APROBADO;2026-03-11 00:00:00;JLIZARBE;2026-03-12 00:00:00;;;20533194916;SERVICIOS GENERALES WOLF E.I.R.L.;AG08;YA01;40014277;;;;10;7000000765;130;;2026-03-04 00:00:00;LOSORIO;Liberado;2026-03-04 00:00:00;2026-03-05 00:00:00;JESUS ANGEL LIZARBE;G02;ISAAC ARCE;1;Emergencia I (en operación);;3880;INTEGRA_AP;2026-03-12 00:00:00;;;5105605578;2026;01-E001-00000906;20260312;20260324;3100010275;1000012323;20260329;2026-01-30 00:00:00;2026-03-12 00:00:00;2026-03-29 00:00:00;9;41;-8;1;7;0;17;67;25
3000000975;10;;Liberado;2026-01-21 00:00:00;2026-01-21 00:00:00;741;1;RECHAZADO;2026-03-07 00:00:00;;;;;AVASQUEZ;2026-05-18 00:00:00;3426;1;APROBADO;2026-08-04 00:00:00;CDELACRUZ;2026-08-07 00:00:00;;;20519422566;REPARACIONES NAVALES WILMAR & JIMMY;FL18;YA02;40013312;;;;10;7000003192;10;;2026-07-21 00:00:00;MMONDRAGON;Liberado;2026-07-24 00:00:00;2026-07-24 00:00:00;WILHELM YOMONA;G02;ISAAC ARCE;14;Emergencia III (Veda);;15913;INTEGRA_AP;2026-08-07 00:00:00;2026-02-27 00:00:00;2026-03-02 00:00:00;#N/A;#N/A;#N/A;#N/A;#N/A;#N/A;#N/A;#N/A;;;;Pendiente;Pendiente;-17;3;14;Pendiente;Pendiente;Pendiente;Pendiente
3000000975;10;;Liberado;2026-01-21 00:00:00;2026-01-21 00:00:00;741;2;APROBADO;2026-05-18 00:00:00;AVASQUEZ;2026-05-28 00:00:00;WYOMONA;2026-05-28 00:00:00;;;3426;1;APROBADO;2026-08-04 00:00:00;CDELACRUZ;2026-08-07 00:00:00;;;20519422566;REPARACIONES NAVALES WILMAR & JIMMY;FL18;YA02;40013312;;;;10;7000003192;10;;2026-07-21 00:00:00;MMONDRAGON;Liberado;2026-07-24 00:00:00;2026-07-24 00:00:00;WILHELM YOMONA;G02;ISAAC ARCE;14;Emergencia III (Veda);;15913;INTEGRA_AP;2026-08-07 00:00:00;2026-02-27 00:00:00;2026-03-02 00:00:00;#N/A;#N/A;#N/A;#N/A;#N/A;#N/A;#N/A;#N/A;2026-05-28 00:00:00;;;127;71;-17;3;14;Pendiente;Pendiente;Pendiente;Pendiente
3000000985;10;;Liberado;2026-01-21 00:00:00;2026-01-21 00:00:00;292;1;RECHAZADO;2026-02-03 00:00:00;MORTIZ;2026-02-27 00:00:00;;;WMELCHOR;2026-02-27 00:00:00;404;1;APROBADO;2026-03-02 00:00:00;WMELCHOR;2026-03-02 00:00:00;;;20551745989;J.O. ALEXIN E.I.R.L.;FL22;YA04;50000315;;;;410;7000000664;10;;2026-02-26 00:00:00;IARCE;Liberado;2026-02-26 00:00:00;2026-03-02 00:00:00;WILMER NELSON MELCHOR;G02;ISAAC ARCE;14;Emergencia III (Veda);;3514;GGALLO;2026-03-04 00:00:00;2026-01-26 00:00:00;2026-01-27 00:00:00;5105603641;2026;01-E001-00001086;20260305;20260306;3100006721;1000009234;20260307;2026-02-27 00:00:00;2026-03-05 00:00:00;2026-03-07 00:00:00;37;3;-4;4;2;1;2;45;9
3000000985;10;;Liberado;2026-01-21 00:00:00;2026-01-21 00:00:00;292;2;APROBADO;2026-02-27 00:00:00;MORTIZ;2026-02-27 00:00:00;WMELCHOR;2026-02-27 00:00:00;;;404;1;APROBADO;2026-03-02 00:00:00;WMELCHOR;2026-03-02 00:00:00;;;20551745989;J.O. ALEXIN E.I.R.L.;FL22;YA04;50000315;;;;410;7000000664;10;;2026-02-26 00:00:00;IARCE;Liberado;2026-02-26 00:00:00;2026-03-02 00:00:00;WILMER NELSON MELCHOR;G02;ISAAC ARCE;14;Emergencia III (Veda);;3514;GGALLO;2026-03-04 00:00:00;2026-01-26 00:00:00;2026-01-27 00:00:00;5105603641;2026;01-E001-00001086;20260305;20260306;3100006721;1000009234;20260307;2026-02-27 00:00:00;2026-03-05 00:00:00;2026-03-07 00:00:00;37;3;-4;4;2;1;2;45;9
3000000987;10;;Liberado;2026-01-21 00:00:00;2026-01-21 00:00:00;795;1;APROBADO;2026-03-11 00:00:00;MORTIZ;2026-03-13 00:00:00;WMELCHOR;2026-03-23 00:00:00;;;1134;1;APROBADO;2026-04-15 00:00:00;WMELCHOR;2026-04-15 00:00:00;;;20445626342;PBK SERVICIOS GENERALES E.I.R.L.;FL25;YA04;50000316;;;;60;7000001273;10;;2026-04-01 00:00:00;LOSORIO;Liberado;2026-04-06 00:00:00;2026-04-06 00:00:00;WILMER NELSON MELCHOR;G12;RENZO CÁCERES;14;Emergencia III (Veda);;6729;INTEGRA_AP;2026-04-17 00:00:00;2026-04-13 00:00:00;2026-04-14 00:00:00;5105609395;2026;01-E001-00001412;20260422;20260430;3100018008;1000021889;20260525;2026-03-23 00:00:00;2026-04-22 00:00:00;2026-05-25 00:00:00;61;23;-14;5;11;5;33;124;54
3000000996;10;;Liberado;2026-01-21 00:00:00;2026-01-21 00:00:00;881;1;APROBADO;2026-03-17 00:00:00;JALVAP;2026-03-31 00:00:00;WMELCHOR;2026-04-05 00:00:00;;;353;1;APROBADO;2026-02-23 00:00:00;WMELCHOR;2026-02-23 00:00:00;;;20602892108;JORLE INDUSTRIAL S.A.C.;FL25;YA04;50000316;;;;580;7000000494;10;;2026-02-18 00:00:00;ABAMONDE;Liberado;2026-02-19 00:00:00;2026-02-21 00:00:00;WILMER NELSON MELCHOR;G14;GERALDINE SANCHEZ;14;Emergencia III (Veda);;3086;INTEGRA_AP;2026-02-24 00:00:00;2026-02-23 00:00:00;2026-02-25 00:00:00;5105603510;2026;01-F001-00006531;20260228;20260305;3100006554;1000009268;20260306;2026-04-05 00:00:00;2026-02-28 00:00:00;2026-03-06 00:00:00;74;-41;-5;3;3;4;6;44;16
3000001000;10;;Liberado;2026-01-21 00:00:00;2026-01-21 00:00:00;116;1;APROBADO;2026-01-22 00:00:00;JALVAP;2026-02-09 00:00:00;WMELCHOR;2026-02-09 00:00:00;;;928;1;APROBADO;2026-04-06 00:00:00;WMELCHOR;2026-04-09 00:00:00;;;20541720104;DIN GRUPO EMPRESARIAL S.A.C.;FL25;YA04;50000316;;;;650;7000001177;10;;2026-03-26 00:00:00;RCACERES;Liberado;2026-03-30 00:00:00;2026-03-30 00:00:00;WILMER NELSON MELCHOR;G12;RENZO CÁCERES;14;Emergencia III (Veda);;6131;GRONCAL;2026-04-11 00:00:00;2026-01-23 00:00:00;2026-01-23 00:00:00;5105607644;2026;01-F001-00002132;20260413;20260413;3100014337;1000017301;20260427;2026-02-09 00:00:00;2026-04-13 00:00:00;2026-04-27 00:00:00;19;59;-14;4;12;2;14;96;32
3000001001;10;;Liberado;2026-01-21 00:00:00;2026-01-21 00:00:00;1114;1;APROBADO;2026-04-06 00:00:00;MORTIZ;2026-05-07 00:00:00;WMELCHOR;2026-05-15 00:00:00;;;3048;1;APROBADO;2026-06-23 00:00:00;M-JNAPA;2026-07-02 00:00:00;;;20602226400;M TEMOCHE S.A.C.;FL25;YA04;50000316;;;;680;7000002475;10;;2026-06-03 00:00:00;GSANCHEZ;Liberado;2026-06-11 00:00:00;2026-06-15 00:00:00;WILMER NELSON MELCHOR;G02;ISAAC ARCE;14;Emergencia III (Veda);;14451;INTEGRA_AP;2026-06-25 00:00:00;2026-02-20 00:00:00;2026-02-20 00:00:00;5105614937;2026;01-E001-00000884;20260715;20260716;3100030644;1000030238;20260724;2026-05-15 00:00:00;2026-07-15 00:00:00;2026-07-24 00:00:00;114;48;-29;12;10;20;9;184;51
3000001002;10;;Liberado;2026-01-21 00:00:00;2026-01-21 00:00:00;161;1;APROBADO;2026-01-26 00:00:00;MORTIZ;2026-02-21 00:00:00;WMELCHOR;2026-02-23 00:00:00;;;778;1;APROBADO;2026-03-27 00:00:00;WMELCHOR;2026-03-31 00:00:00;;;20110154098;SERVICIOS ELECTROM.-INDUSTRIALES S.;FL25;YA04;50000316;;;;690;7000001144;10;;2026-03-26 00:00:00;LOSORIO;Liberado;2026-03-26 00:00:00;2026-03-26 00:00:00;WILMER NELSON MELCHOR;G01;JOSÉ BAZÁN;14;Emergencia III (Veda);;5605;GRONCAL;2026-04-06 00:00:00;2026-01-23 00:00:00;2026-01-23 00:00:00;5105607462;2026;01-E001-00000630;20260408;20260410;3100013954;1000015819;20260419;2026-02-23 00:00:00;2026-04-08 00:00:00;2026-04-19 00:00:00;33;36;-5;0;11;2;11;88;24
3000001008;10;;Liberado;2026-01-21 00:00:00;2026-01-21 00:00:00;1419;1;APROBADO;2026-04-18 00:00:00;MORTIZ;2026-04-21 00:00:00;WFELIPE;2026-04-27 00:00:00;;;600;1;APROBADO;2026-03-12 00:00:00;WFELIPE;2026-04-10 00:00:00;;;20445626342;PBK SERVICIOS GENERALES E.I.R.L.;FL08;YA04;50000319;;;;110;7000000497;10;;2026-02-18 00:00:00;ABAMONDE;Liberado;2026-02-19 00:00:00;2026-02-19 00:00:00;WALTER SULLIVAN FELIPE;G14;GERALDINE SANCHEZ;14;Emergencia III (Veda);;6085;GRONCAL;2026-04-11 00:00:00;2026-03-10 00:00:00;2026-03-10 00:00:00;5105607960;2026;01-E001-00001398;20260413;20260415;3100014881;1000015672;20260419;2026-04-27 00:00:00;2026-04-13 00:00:00;2026-04-19 00:00:00;96;-17;-51;1;51;2;6;88;60
3000001030;10;;Liberado;2026-01-21 00:00:00;2026-01-21 00:00:00;1339;1;APROBADO;2026-04-15 00:00:00;MORTIZ;2026-05-07 00:00:00;WFELIPE;2026-05-13 00:00:00;;;2575;1;APROBADO;2026-05-25 00:00:00;WMELCHOR;2026-05-26 00:00:00;;;20601469635;SERJES CORPORATION S.A.C.;FL07;YA02;40013642;;;;10;7000002223;30;;2026-05-18 00:00:00;LOSORIO;Liberado;2026-05-18 00:00:00;2026-05-19 00:00:00;WALTER SULLIVAN FELIPE;G02;ISAAC ARCE;14;Emergencia III (Veda);;13183;INTEGRA_AP;2026-05-26 00:00:00;2026-02-20 00:00:00;2026-02-23 00:00:00;5105613024;2026;01-E001-00000476;20260611;20260611;3100025496;1000026079;20260619;2026-05-13 00:00:00;2026-06-11 00:00:00;2026-06-19 00:00:00;112;13;-8;1;7;16;8;149;32
3000001031;10;;Liberado;2026-01-21 00:00:00;2026-01-21 00:00:00;1347;1;APROBADO;2026-04-15 00:00:00;MORTIZ;2026-05-07 00:00:00;WFELIPE;2026-05-13 00:00:00;;;2575;1;APROBADO;2026-05-25 00:00:00;WMELCHOR;2026-05-26 00:00:00;;;20601469635;SERJES CORPORATION S.A.C.;FL07;YA02;40013643;;;;10;7000002223;40;;2026-05-18 00:00:00;LOSORIO;Liberado;2026-05-18 00:00:00;2026-05-19 00:00:00;WALTER SULLIVAN FELIPE;G02;ISAAC ARCE;14;Emergencia III (Veda);;13183;INTEGRA_AP;2026-05-26 00:00:00;2026-02-20 00:00:00;2026-02-23 00:00:00;5105613024;2026;01-E001-00000476;20260611;20260611;3100025496;1000026079;20260619;2026-05-13 00:00:00;2026-06-11 00:00:00;2026-06-19 00:00:00;112;13;-8;1;7;16;8;149;32
3000001035;10;;Liberado;2026-01-21 00:00:00;2026-01-21 00:00:00;923;1;APROBADO;2026-03-19 00:00:00;MORTIZ;2026-03-24 00:00:00;WFELIPE;2026-03-24 00:00:00;;;1185;1;APROBADO;2026-04-17 00:00:00;M-WFELIPE;2026-04-19 00:00:00;;;20608950894;REPARACIONES NAVALES B GARCIA E.I.R;FL08;YA02;40013647;;;;10;7000001370;10;;2026-04-07 00:00:00;IARCE;Liberado;2026-04-07 00:00:00;2026-04-08 00:00:00;WALTER SULLIVAN FELIPE;G02;ISAAC ARCE;14;Emergencia III (Veda);;6801;INTEGRA_AP;2026-04-19 00:00:00;2026-04-16 00:00:00;2026-04-19 00:00:00;5105609918;2026;01-E001-00000340;20260504;20260505;3100018613;1000019278;20260508;2026-03-24 00:00:00;2026-05-04 00:00:00;2026-05-08 00:00:00;62;26;-12;1;11;15;4;107;31
3000001036;10;;Liberado;2026-01-21 00:00:00;2026-01-21 00:00:00;785;1;APROBADO;2026-03-11 00:00:00;MORTIZ;2026-03-13 00:00:00;WFELIPE;2026-03-20 00:00:00;;;1042;1;APROBADO;2026-04-10 00:00:00;WFELIPE;2026-04-16 00:00:00;;;20445526127;SERVICIOS INDUSTRIALES HALAVISI S.A;FL08;YA02;40013648;;;;10;7000001207;10;;2026-03-30 00:00:00;RCACERES;Liberado;2026-03-30 00:00:00;2026-03-31 00:00:00;WALTER SULLIVAN FELIPE;G02;ISAAC ARCE;14;Emergencia III (Veda);;5612;GRONCAL;2026-04-06 00:00:00;2026-03-16 00:00:00;2026-03-16 00:00:00;5105607449;2026;01-E001-00001958;20260407;20260410;3100013910;1000016153;20260420;2026-03-20 00:00:00;2026-04-07 00:00:00;2026-04-20 00:00:00;58;27;-17;1;6;1;13;89;21
3000001038;10;;Liberado;2026-01-21 00:00:00;2026-01-21 00:00:00;926;1;APROBADO;2026-03-19 00:00:00;JALVAP;2026-03-31 00:00:00;WFELIPE;2026-04-01 00:00:00;;;1479;1;APROBADO;2026-04-22 00:00:00;M-JNAPA;2026-04-24 00:00:00;;;20608950894;REPARACIONES NAVALES B GARCIA E.I.R;FL08;YA02;40013650;;;;10;7000001426;10;;2026-04-09 00:00:00;GSANCHEZ;Liberado;2026-04-09 00:00:00;2026-04-14 00:00:00;WALTER SULLIVAN FELIPE;G02;ISAAC ARCE;14;Emergencia III (Veda);;10420;INTEGRA_AP;2026-04-25 00:00:00;2026-04-21 00:00:00;2026-04-24 00:00:00;5105609921;2026;01-E001-00000343;20260504;20260505;3100018618;1000019278;20260508;2026-04-01 00:00:00;2026-05-04 00:00:00;2026-05-08 00:00:00;70;23;-15;5;11;9;4;107;29
3000001041;10;;Liberado;2026-01-21 00:00:00;2026-01-21 00:00:00;494;1;ENVIADO;2026-02-18 00:00:00;;;;;;;1258;1;APROBADO;2026-04-27 00:00:00;JCHAVEZ;2026-04-27 00:00:00;;;20492962318;FLOW MACHINES S.A.C.;AG04;YA02;40010710;;;;20;7000000447;10;;2026-02-16 00:00:00;GSANCHEZ;Liberado;2026-02-16 00:00:00;2026-02-16 00:00:00;JOE LUIS GONZALES;G14;GERALDINE SANCHEZ;5;Proveedores exclusivos;;10475;INTEGRA_AP;2026-04-27 00:00:00;;;5105609827;2026;01-E001-00001772;20260429;20260430;3100018485;1000025204;20260612;;2026-04-29 00:00:00;2026-06-12 00:00:00;Pendiente;Pendiente;-70;0;70;2;44;142;116
3000001042;10;;Liberado;2026-01-21 00:00:00;2026-01-21 00:00:00;495;1;ENVIADO;2026-02-18 00:00:00;;;;;;;1258;1;APROBADO;2026-04-27 00:00:00;JCHAVEZ;2026-04-27 00:00:00;;;20492962318;FLOW MACHINES S.A.C.;AG04;YA02;40011885;;;;20;7000000447;20;;2026-02-16 00:00:00;GSANCHEZ;Liberado;2026-02-16 00:00:00;2026-02-16 00:00:00;JOE LUIS GONZALES;G14;GERALDINE SANCHEZ;5;Proveedores exclusivos;;10475;INTEGRA_AP;2026-04-27 00:00:00;;;5105609827;2026;01-E001-00001772;20260429;20260430;3100018485;1000025204;20260612;;2026-04-29 00:00:00;2026-06-12 00:00:00;Pendiente;Pendiente;-70;0;70;2;44;142;116
3000001061;10;;Liberado;2026-01-21 00:00:00;2026-01-21 00:00:00;390;1;APROBADO;2026-02-11 00:00:00;JSALINAS;2026-02-16 00:00:00;DFARRO;2026-02-26 00:00:00;;;250;1;APROBADO;2026-02-11 00:00:00;JSALINAS;2026-02-16 00:00:00;;;20604717524;INGENIERIA NAVAL E INDUSTRIAL EN AL;FL24;YA01;40013766;;;;10;7000000915;10;;2026-03-13 00:00:00;LOSORIO;Liberado;2026-03-13 00:00:00;2026-03-14 00:00:00;JUAN CARLOS SALINAS;G02;ISAAC ARCE;1;Emergencia I (en operación);;4405;GRONCAL;2026-03-17 00:00:00;2026-02-06 00:00:00;2026-02-09 00:00:00;#N/A;#N/A;#N/A;#N/A;#N/A;#N/A;#N/A;#N/A;2026-02-26 00:00:00;;;36;-10;25;1;3;Pendiente;Pendiente;Pendiente;Pendiente
3000001072;10;;Liberado;2026-01-21 00:00:00;2026-01-21 00:00:00;1975;1;APROBADO;2026-06-08 00:00:00;WFELIPE;2026-06-09 00:00:00;DFARRO;2026-06-09 00:00:00;;;#N/A;#N/A;#N/A;#N/A;#N/A;#N/A;#N/A;#N/A;20509239089;RESET - ELECTRONICA Y SISTEMAS S.R.;FL13;YA01;40013779;;;;10;7000002660;30;;2026-06-12 00:00:00;LMENDOZAH;Liberado;2026-06-15 00:00:00;2026-06-16 00:00:00;WILMER NELSON MELCHOR;G14;GERALDINE SANCHEZ;1;Emergencia I (en operación);;14038;INTEGRA_AP;2026-06-16 00:00:00;2026-03-23 00:00:00;2026-03-27 00:00:00;5105613371;2026;01-F001-00008099;20260617;20260618;3100026254;1000029414;20260716;2026-06-09 00:00:00;2026-06-17 00:00:00;2026-07-16 00:00:00;139;Pendiente;Pendiente;4;0;1;29;176;34
3000001072;10;;Liberado;2026-01-21 00:00:00;2026-01-21 00:00:00;1975;1;APROBADO;2026-06-08 00:00:00;WFELIPE;2026-06-09 00:00:00;DFARRO;2026-06-09 00:00:00;;;#N/A;#N/A;#N/A;#N/A;#N/A;#N/A;#N/A;#N/A;20509239089;RESET - ELECTRONICA Y SISTEMAS S.R.;FL13;YA01;40013779;;;;10;7000002660;30;;2026-06-12 00:00:00;LMENDOZAH;Liberado;2026-06-15 00:00:00;2026-06-16 00:00:00;WILMER NELSON MELCHOR;G14;GERALDINE SANCHEZ;1;Emergencia I (en operación);;14038;INTEGRA_AP;2026-06-16 00:00:00;2026-03-23 00:00:00;2026-03-27 00:00:00;5105613371;2026;01-F001-00008099;20260617;20260618;3100026254;1000029414;20260716;2026-06-09 00:00:00;2026-06-17 00:00:00;2026-07-16 00:00:00;139;Pendiente;Pendiente;4;0;1;29;176;34
3000001073;10;;Liberado;2026-01-21 00:00:00;2026-01-21 00:00:00;974;1;APROBADO;2026-03-25 00:00:00;CVELASQUEZ;2026-03-27 00:00:00;DFARRO;2026-03-27 00:00:00;;;737;1;APROBADO;2026-03-25 00:00:00;JSALINAS;2026-03-26 00:00:00;;;20509239089;RESET - ELECTRONICA Y SISTEMAS S.R.;FL19;YA01;40013783;;;;10;7000001353;30;;2026-04-07 00:00:00;RCACERES;Liberado;2026-04-07 00:00:00;2026-04-08 00:00:00;CESAR AUGUSTO VELASQUEZ;G01;JOSÉ BAZÁN;1;Emergencia I (en operación);;6104;GRONCAL;2026-04-11 00:00:00;2026-03-13 00:00:00;2026-03-19 00:00:00;5105608232;2026;01-F001-00007844;20260415;20260417;3100015527;1000020675;20260515;2026-03-27 00:00:00;2026-04-15 00:00:00;2026-05-15 00:00:00;65;-1;12;1;3;4;30;114;38
3000001076;10;;Liberado;2026-01-21 00:00:00;2026-01-21 00:00:00;897;1;APROBADO;2026-03-18 00:00:00;JSALINAS;2026-03-20 00:00:00;DFARRO;2026-03-22 00:00:00;;;#N/A;#N/A;#N/A;#N/A;#N/A;#N/A;#N/A;#N/A;20509239089;RESET - ELECTRONICA Y SISTEMAS S.R.;FL23;YA01;40013787;;;;10;7000001381;10;;2026-04-08 00:00:00;GALTAMIRANO;Liberado;2026-04-08 00:00:00;2026-04-08 00:00:00;JUAN CARLOS SALINAS;G14;GERALDINE SANCHEZ;1;Emergencia I (en operación);;6113;GRONCAL;2026-04-11 00:00:00;2026-03-09 00:00:00;2026-03-12 00:00:00;5105608237;2026;01-F001-00007849;20260415;20260417;3100015532;1000020675;20260515;2026-03-22 00:00:00;2026-04-15 00:00:00;2026-05-15 00:00:00;60;Pendiente;Pendiente;0;3;4;30;114;37
3000001076;10;;Liberado;2026-01-21 00:00:00;2026-01-21 00:00:00;897;1;APROBADO;2026-03-18 00:00:00;JSALINAS;2026-03-20 00:00:00;DFARRO;2026-03-22 00:00:00;;;#N/A;#N/A;#N/A;#N/A;#N/A;#N/A;#N/A;#N/A;20509239089;RESET - ELECTRONICA Y SISTEMAS S.R.;FL23;YA01;40013787;;;;10;7000001381;10;;2026-04-08 00:00:00;GALTAMIRANO;Liberado;2026-04-08 00:00:00;2026-04-08 00:00:00;JUAN CARLOS SALINAS;G14;GERALDINE SANCHEZ;1;Emergencia I (en operación);;6113;GRONCAL;2026-04-11 00:00:00;2026-03-09 00:00:00;2026-03-12 00:00:00;5105608237;2026;01-F001-00007849;20260415;20260417;3100015532;1000020675;20260515;2026-03-22 00:00:00;2026-04-15 00:00:00;2026-05-15 00:00:00;60;Pendiente;Pendiente;0;3;4;30;114;37
3000001078;10;;Liberado;2026-01-21 00:00:00;2026-01-21 00:00:00;895;1;APROBADO;2026-03-18 00:00:00;WMELCHOR;2026-03-23 00:00:00;DFARRO;2026-03-27 00:00:00;;;737;1;APROBADO;2026-03-25 00:00:00;JSALINAS;2026-03-26 00:00:00;;;20509239089;RESET - ELECTRONICA Y SISTEMAS S.R.;FL21;YA01;40013798;;;;10;7000001353;50;;2026-04-07 00:00:00;RCACERES;Liberado;2026-04-07 00:00:00;2026-04-08 00:00:00;WILMER NELSON MELCHOR;G14;GERALDINE SANCHEZ;1;Emergencia I (en operación);;6104;GRONCAL;2026-04-11 00:00:00;2026-03-15 00:00:00;2026-03-18 00:00:00;5105608232;2026;01-F001-00007844;20260415;20260417;3100015527;1000020675;20260515;2026-03-27 00:00:00;2026-04-15 00:00:00;2026-05-15 00:00:00;65;-1;12;1;3;4;30;114;38
3000001078;10;;Liberado;2026-01-21 00:00:00;2026-01-21 00:00:00;895;1;APROBADO;2026-03-18 00:00:00;WMELCHOR;2026-03-23 00:00:00;DFARRO;2026-03-27 00:00:00;;;737;1;APROBADO;2026-03-25 00:00:00;JSALINAS;2026-03-26 00:00:00;;;20509239089;RESET - ELECTRONICA Y SISTEMAS S.R.;FL21;YA01;40013798;;;;10;7000001353;50;;2026-04-07 00:00:00;RCACERES;Liberado;2026-04-07 00:00:00;2026-04-08 00:00:00;WILMER NELSON MELCHOR;G14;GERALDINE SANCHEZ;1;Emergencia I (en operación);;6104;GRONCAL;2026-04-11 00:00:00;2026-03-15 00:00:00;2026-03-18 00:00:00;5105608232;2026;01-F001-00007844;20260415;20260417;3100015527;1000020675;20260515;2026-03-27 00:00:00;2026-04-15 00:00:00;2026-05-15 00:00:00;65;-1;12;1;3;4;30;114;38
3000001082;10;;Liberado;2026-01-21 00:00:00;2026-01-21 00:00:00;1466;1;APROBADO;2026-04-23 00:00:00;CVELASQUEZ;2026-04-24 00:00:00;DFARRO;2026-04-28 00:00:00;;;1551;1;APROBADO;2026-04-23 00:00:00;CVELASQUEZ;2026-04-24 00:00:00;;;20504991467;FABRICACIONES ELECTRICAS GENERALES;FL14;YA01;40013802;;;;20;7000002018;10;;2026-05-07 00:00:00;LMENDOZAH;Liberado;2026-05-07 00:00:00;2026-05-08 00:00:00;WILHELM YOMONA;G08;MADELINE FALCÓN;1;Emergencia I (en operación);;12042;INTEGRA_AP;2026-05-08 00:00:00;2026-04-22 00:00:00;2026-04-22 00:00:00;5105610821;2026;01-F001-00002988;20260511;20260514;3100020276;1000021649;20260522;2026-04-28 00:00:00;2026-05-11 00:00:00;2026-05-22 00:00:00;97;-4;13;1;0;3;11;121;15
3000001083;10;;Liberado;2026-01-21 00:00:00;2026-01-21 00:00:00;1165;1;APROBADO;2026-04-08 00:00:00;JSALINAS;2026-04-09 00:00:00;DFARRO;2026-04-10 00:00:00;;;997;1;APROBADO;2026-04-08 00:00:00;JSALINAS;2026-04-09 00:00:00;;;20430480074;REPRESENTACIONES WESTFALIA SEPARATO;FL24;YA01;40013804;;;;10;7000000355;10;;2026-02-09 00:00:00;ABAMONDE;Liberado;2026-02-10 00:00:00;2026-02-10 00:00:00;JUAN CARLOS SALINAS;G12;RENZO CÁCERES;1;Emergencia I (en operación);;2762;INTEGRA_AP;2026-02-17 00:00:00;2026-03-28 00:00:00;2026-04-07 00:00:00;5105608200;2026;01-F001-00005303;20260413;20260417;3100015477;1000017107;20260424;2026-04-10 00:00:00;2026-04-13 00:00:00;2026-04-24 00:00:00;79;-1;-59;1;7;55;11;93;74
3000001088;10;;Liberado;2026-01-21 00:00:00;2026-01-21 00:00:00;894;1;APROBADO;2026-03-18 00:00:00;WMELCHOR;2026-03-23 00:00:00;DFARRO;2026-03-27 00:00:00;;;737;1;APROBADO;2026-03-25 00:00:00;JSALINAS;2026-03-26 00:00:00;;;20509239089;RESET - ELECTRONICA Y SISTEMAS S.R.;FL21;YA01;40013814;;;;10;7000001353;60;;2026-04-07 00:00:00;RCACERES;Liberado;2026-04-07 00:00:00;2026-04-08 00:00:00;WILMER NELSON MELCHOR;G14;GERALDINE SANCHEZ;1;Emergencia I (en operación);;6104;GRONCAL;2026-04-11 00:00:00;2026-03-15 00:00:00;2026-03-18 00:00:00;5105608232;2026;01-F001-00007844;20260415;20260417;3100015527;1000020675;20260515;2026-03-27 00:00:00;2026-04-15 00:00:00;2026-05-15 00:00:00;65;-1;12;1;3;4;30;114;38
3000001088;10;;Liberado;2026-01-21 00:00:00;2026-01-21 00:00:00;894;1;APROBADO;2026-03-18 00:00:00;WMELCHOR;2026-03-23 00:00:00;DFARRO;2026-03-27 00:00:00;;;737;1;APROBADO;2026-03-25 00:00:00;JSALINAS;2026-03-26 00:00:00;;;20509239089;RESET - ELECTRONICA Y SISTEMAS S.R.;FL21;YA01;40013814;;;;10;7000001353;60;;2026-04-07 00:00:00;RCACERES;Liberado;2026-04-07 00:00:00;2026-04-08 00:00:00;WILMER NELSON MELCHOR;G14;GERALDINE SANCHEZ;1;Emergencia I (en operación);;6104;GRONCAL;2026-04-11 00:00:00;2026-03-15 00:00:00;2026-03-18 00:00:00;5105608232;2026;01-F001-00007844;20260415;20260417;3100015527;1000020675;20260515;2026-03-27 00:00:00;2026-04-15 00:00:00;2026-05-15 00:00:00;65;-1;12;1;3;4;30;114;38
3000001094;10;;Liberado;2026-01-21 00:00:00;2026-01-21 00:00:00;781;1;APROBADO;2026-03-10 00:00:00;WYOMONA;2026-03-11 00:00:00;DFARRO;2026-03-22 00:00:00;;;21;1;APROBADO;2026-03-10 00:00:00;WYOMONA;2026-03-11 00:00:00;;;20602226400;M TEMOCHE S.A.C.;FL18;YA01;40013820;;;;30;7000001266;10;;2026-04-01 00:00:00;RCACERES;Liberado;2026-04-01 00:00:00;2026-04-02 00:00:00;WILHELM YOMONA;G02;ISAAC ARCE;1;Emergencia I (en operación);;5639;GRONCAL;2026-04-06 00:00:00;2026-02-27 00:00:00;2026-03-02 00:00:00;5105607517;2026;01-E001-00000842;20260408;20260410;3100014018;1000015977;20260420;2026-03-22 00:00:00;2026-04-08 00:00:00;2026-04-20 00:00:00;60;-11;21;1;4;2;12;89;19
3000001102;10;;Liberado;2026-01-21 00:00:00;2026-01-21 00:00:00;481;1;APROBADO;2026-02-18 00:00:00;WFELIPE;2026-02-26 00:00:00;DFARRO;2026-02-26 00:00:00;;;315;1;APROBADO;2026-02-18 00:00:00;WFELIPE;2026-02-26 00:00:00;;;20605437894;HYDRAULICA TECNICA MARINA S.A.C.;FL07;YA01;40013844;;;;20;7000000531;10;;2026-02-19 00:00:00;ABAMONDE;Liberado;2026-02-19 00:00:00;2026-02-21 00:00:00;WALTER SULLIVAN FELIPE;G10;GIORDANNO ALTAMIRA;1;Emergencia I (en operación);;3173;INTEGRA_AP;2026-02-26 00:00:00;2026-02-11 00:00:00;2026-02-16 00:00:00;5105604444;2026;01-E001-00001528;20260302;20260313;3100008334;1000011436;20260322;2026-02-26 00:00:00;2026-03-02 00:00:00;2026-03-22 00:00:00;36;0;-7;2;5;4;20;60;31
3000001103;10;;Liberado;2026-01-21 00:00:00;2026-01-21 00:00:00;391;1;APROBADO;2026-02-11 00:00:00;WMELCHOR;2026-02-16 00:00:00;DFARRO;2026-02-25 00:00:00;;;246;1;APROBADO;2026-02-10 00:00:00;WMELCHOR;2026-02-16 00:00:00;;;20457230118;REFRINS SERVICE S.R.L.;FL25;YA01;40013845;;;;20;7000000393;20;;2026-02-11 00:00:00;ABAMONDE;Liberado;2026-02-12 00:00:00;2026-02-12 00:00:00;WILMER NELSON MELCHOR;G01;JOSÉ BAZÁN;1;Emergencia I (en operación);;2698;INTEGRA_AP;2026-02-16 00:00:00;2026-02-09 00:00:00;2026-02-09 00:00:00;5105603622;2026;01-E001-00001595;20260302;20260305;3100006694;1000010637;20260313;2026-02-25 00:00:00;2026-03-02 00:00:00;2026-03-13 00:00:00;35;-9;-5;1;4;14;11;51;30
3000001105;10;;Liberado;2026-01-21 00:00:00;2026-01-21 00:00:00;593;1;APROBADO;2026-02-28 00:00:00;WYOMONA;2026-03-02 00:00:00;DFARRO;2026-03-10 00:00:00;;;156;1;APROBADO;2026-02-03 00:00:00;WMELCHOR;2026-02-03 00:00:00;;;20601469635;SERJES CORPORATION S.A.C.;FL10;YA01;40013847;;;;10;7000000330;30;;2026-02-09 00:00:00;LOSORIO;Liberado;2026-02-10 00:00:00;2026-02-11 00:00:00;WILHELM YOMONA;G12;RENZO CÁCERES;1;Emergencia I (en operación);;2712;GGALLO;2026-02-17 00:00:00;2026-01-29 00:00:00;2026-01-30 00:00:00;5105603649;2026;01-E001-00000449;20260303;20260306;3100006738;1000009340;20260306;2026-03-10 00:00:00;2026-03-03 00:00:00;2026-03-06 00:00:00;48;-35;6;2;6;14;3;44;25
3000001106;10;;Liberado;2026-01-21 00:00:00;2026-01-21 00:00:00;381;1;APROBADO;2026-02-10 00:00:00;JSALINAS;2026-02-10 00:00:00;DFARRO;2026-02-25 00:00:00;;;234;1;APROBADO;2026-02-10 00:00:00;JSALINAS;2026-02-10 00:00:00;;;20445526127;SERVICIOS INDUSTRIALES HALAVISI S.A;FL23;YA01;40013851;;;;10;7000000876;10;;2026-03-11 00:00:00;LOSORIO;Liberado;2026-03-12 00:00:00;2026-03-16 00:00:00;JUAN CARLOS SALINAS;G12;RENZO CÁCERES;1;Emergencia I (en operación);;4350;GRONCAL;2026-03-17 00:00:00;2026-02-04 00:00:00;2026-02-09 00:00:00;5105605139;2026;01-E001-00001947;20260316;20260319;3100009607;1000013329;20260401;2026-02-25 00:00:00;2026-03-16 00:00:00;2026-04-01 00:00:00;35;-15;29;5;1;-1;16;70;21
3000001108;10;;Liberado;2026-01-21 00:00:00;2026-01-21 00:00:00;591;1;APROBADO;2026-03-02 00:00:00;WMELCHOR;2026-03-04 00:00:00;DFARRO;2026-03-10 00:00:00;;;389;1;APROBADO;2026-03-02 00:00:00;WMELCHOR;2026-03-04 00:00:00;;;20462107944;MOVIC SERVICE E.I.R.L.;FL25;YA01;40013854;;;;10;7000000556;10;;2026-02-20 00:00:00;ABAMONDE;Liberado;2026-02-23 00:00:00;2026-02-24 00:00:00;WILMER NELSON MELCHOR;G12;RENZO CÁCERES;1;Emergencia I (en operación);;3853;GGALLO;2026-03-11 00:00:00;2026-02-18 00:00:00;2026-02-19 00:00:00;5105605991;2026;01-E001-00000378;20260327;20260327;3100011267;1000013039;20260331;2026-03-10 00:00:00;2026-03-27 00:00:00;2026-03-31 00:00:00;48;-6;-12;4;15;16;4;69;39
3000001112;10;;Liberado;2026-01-21 00:00:00;2026-01-21 00:00:00;344;1;APROBADO;2026-02-07 00:00:00;CVELASQUEZ;2026-02-18 00:00:00;DFARRO;2026-02-20 00:00:00;;;238;1;APROBADO;2026-02-10 00:00:00;WMELCHOR;2026-02-16 00:00:00;;;20282601487;TALLER MECANICA ELECTRODO E.I.R.L.;FL19;YA01;40013859;;;;10;7000000809;30;;2026-03-06 00:00:00;LOSORIO;Liberado;2026-03-09 00:00:00;2026-03-10 00:00:00;CESAR AUGUSTO VELASQUEZ;G12;RENZO CÁCERES;1;Emergencia I (en operación);;4345;GRONCAL;2026-03-17 00:00:00;2026-02-05 00:00:00;2026-02-09 00:00:00;5105605512;2026;01-E001-00000944;20260318;20260324;3100010209;1000014720;20260410;2026-02-20 00:00:00;2026-03-18 00:00:00;2026-04-10 00:00:00;30;-4;18;4;7;1;23;79;35
3000001115;10;;Liberado;2026-01-21 00:00:00;2026-01-21 00:00:00;398;1;APROBADO;2026-02-11 00:00:00;WFELIPE;2026-02-16 00:00:00;DFARRO;2026-02-26 00:00:00;;;260;1;APROBADO;2026-02-11 00:00:00;WFELIPE;2026-02-16 00:00:00;;;20601713404;INVERSIONES BAQUERIZO S.A.C.;FL06;YA01;40013862;;;;10;7000000919;10;;2026-03-13 00:00:00;LOSORIO;Liberado;2026-03-17 00:00:00;2026-03-19 00:00:00;CESAR AUGUSTO VELASQUEZ;G14;GERALDINE SANCHEZ;1;Emergencia I (en operación);;4583;GRONCAL;2026-03-19 00:00:00;2026-02-11 00:00:00;2026-02-11 00:00:00;5105606795;2026;01-E001-00000999;20260327;20260331;3100012417;1000014690;20260410;2026-02-26 00:00:00;2026-03-27 00:00:00;2026-04-10 00:00:00;36;-10;25;6;0;8;14;79;28
3000001116;10;;Liberado;2026-01-21 00:00:00;2026-01-21 00:00:00;521;1;APROBADO;2026-02-21 00:00:00;CDELACRUZ;2026-02-21 00:00:00;DFARRO;2026-02-25 00:00:00;;;359;1;APROBADO;2026-02-24 00:00:00;JSALINAS;2026-02-25 00:00:00;;;20457230118;REFRINS SERVICE S.R.L.;FL04;YA01;40013865;;;;30;7000000895;20;;2026-03-12 00:00:00;LOSORIO;Liberado;2026-03-13 00:00:00;2026-03-16 00:00:00;CARLOS BERARDO DE LA CRUZ;G14;GERALDINE SANCHEZ;1;Emergencia I (en operación);;4351;GRONCAL;2026-03-17 00:00:00;2026-02-19 00:00:00;2026-02-20 00:00:00;5105605418;2026;01-E001-00001605;20260318;20260323;3100010015;1000012615;20260327;2026-02-25 00:00:00;2026-03-18 00:00:00;2026-03-27 00:00:00;35;0;15;4;1;1;9;65;15
3000001117;10;;Liberado;2026-01-21 00:00:00;2026-01-21 00:00:00;638;1;APROBADO;2026-03-03 00:00:00;WYOMONA;2026-03-05 00:00:00;DFARRO;2026-03-10 00:00:00;;;156;1;APROBADO;2026-02-03 00:00:00;WMELCHOR;2026-02-03 00:00:00;;;20601469635;SERJES CORPORATION S.A.C.;FL10;YA01;40013866;;;;10;7000000330;40;;2026-02-09 00:00:00;LOSORIO;Liberado;2026-02-10 00:00:00;2026-02-11 00:00:00;WILHELM YOMONA;G12;RENZO CÁCERES;1;Emergencia I (en operación);;2712;GGALLO;2026-02-17 00:00:00;2026-01-29 00:00:00;2026-01-30 00:00:00;5105603649;2026;01-E001-00000449;20260303;20260306;3100006738;1000009340;20260306;2026-03-10 00:00:00;2026-03-03 00:00:00;2026-03-06 00:00:00;48;-35;6;2;6;14;3;44;25
3000001119;10;;Liberado;2026-01-21 00:00:00;2026-01-21 00:00:00;2101;1;APROBADO;2026-07-02 00:00:00;WYOMONA;2026-07-07 00:00:00;DFARRO;2026-07-10 00:00:00;;;3198;1;APROBADO;2026-07-02 00:00:00;WYOMONA;2026-07-07 00:00:00;;;20509239089;RESET - ELECTRONICA Y SISTEMAS S.R.;FL10;YA01;40013867;;;;20;7000003124;10;;2026-07-14 00:00:00;MMONDRAGON;Liberado;2026-07-14 00:00:00;2026-07-16 00:00:00;WILHELM YOMONA;G01;JOSÉ BAZÁN;1;Emergencia I (en operación);;15257;INTEGRA_AP;2026-07-16 00:00:00;2026-04-10 00:00:00;2026-04-13 00:00:00;5105615186;2026;01-F001-00008204;20260720;20260721;3100031470;1000034123;20260821;2026-07-10 00:00:00;2026-07-20 00:00:00;2026-08-21 00:00:00;170;-3;7;2;0;4;32;212;38
3000001121;10;;Liberado;2026-01-21 00:00:00;2026-01-21 00:00:00;533;1;APROBADO;2026-02-23 00:00:00;WFELIPE;2026-02-26 00:00:00;DFARRO;2026-02-26 00:00:00;;;#N/A;#N/A;#N/A;#N/A;#N/A;#N/A;#N/A;#N/A;20509239089;RESET - ELECTRONICA Y SISTEMAS S.R.;FL17;YA01;40013873;;;;40;7000000925;10;;2026-03-13 00:00:00;LOSORIO;Liberado;2026-03-16 00:00:00;2026-03-16 00:00:00;WALTER SULLIVAN FELIPE;G08;MADELINE FALCÓN;1;Emergencia I (en operación);;4366;GRONCAL;2026-03-17 00:00:00;2026-02-19 00:00:00;2026-02-20 00:00:00;5105606334;2026;01-F001-00007777;20260319;20260330;3100011692;1000015810;20260419;2026-02-26 00:00:00;2026-03-19 00:00:00;2026-04-19 00:00:00;36;Pendiente;Pendiente;3;1;2;31;88;37
3000001121;10;;Liberado;2026-01-21 00:00:00;2026-01-21 00:00:00;533;1;APROBADO;2026-02-23 00:00:00;WFELIPE;2026-02-26 00:00:00;DFARRO;2026-02-26 00:00:00;;;#N/A;#N/A;#N/A;#N/A;#N/A;#N/A;#N/A;#N/A;20509239089;RESET - ELECTRONICA Y SISTEMAS S.R.;FL17;YA01;40013873;;;;40;7000000925;10;;2026-03-13 00:00:00;LOSORIO;Liberado;2026-03-16 00:00:00;2026-03-16 00:00:00;WALTER SULLIVAN FELIPE;G08;MADELINE FALCÓN;1;Emergencia I (en operación);;4366;GRONCAL;2026-03-17 00:00:00;2026-02-19 00:00:00;2026-02-20 00:00:00;5105606334;2026;01-F001-00007777;20260319;20260330;3100011692;1000015810;20260419;2026-02-26 00:00:00;2026-03-19 00:00:00;2026-04-19 00:00:00;36;Pendiente;Pendiente;3;1;2;31;88;37
3000001124;10;;Liberado;2026-01-21 00:00:00;2026-01-21 00:00:00;1432;1;APROBADO;2026-04-20 00:00:00;WFELIPE;2026-04-27 00:00:00;DFARRO;2026-04-28 00:00:00;;;1474;1;APROBADO;2026-04-22 00:00:00;WYOMONA;2026-04-22 00:00:00;;;20551745989;J.O. ALEXIN E.I.R.L.;FL07;YA01;40013880;;;;10;7000002028;20;;2026-05-07 00:00:00;LOSORIO;Liberado;2026-05-07 00:00:00;2026-05-08 00:00:00;WALTER SULLIVAN FELIPE;G12;RENZO CÁCERES;1;Emergencia I (en operación);;12029;INTEGRA_AP;2026-05-08 00:00:00;2026-02-11 00:00:00;2026-02-16 00:00:00;5105610443;2026;01-E001-00001141;20260512;20260512;3100019529;1000020221;20260514;2026-04-28 00:00:00;2026-05-12 00:00:00;2026-05-14 00:00:00;97;-6;15;1;0;4;2;113;7
3000001127;10;;Liberado;2026-01-21 00:00:00;2026-01-21 00:00:00;472;1;APROBADO;2026-02-17 00:00:00;WYOMONA;2026-02-18 00:00:00;DFARRO;2026-02-25 00:00:00;;;309;1;APROBADO;2026-02-17 00:00:00;WYOMONA;2026-02-18 00:00:00;;;20508057785;CONSTRUCCIONES INGENIERIA Y MONTAJE;FL10;YA01;40013883;;;;10;7000000887;10;;2026-03-12 00:00:00;LOSORIO;Liberado;2026-03-13 00:00:00;2026-03-14 00:00:00;WILHELM YOMONA;G01;JOSÉ BAZÁN;1;Emergencia I (en operación);;4365;GRONCAL;2026-03-17 00:00:00;2026-02-12 00:00:00;2026-02-13 00:00:00;5105605487;2026;01-E001-00002112;20260318;20260324;3100010184;1000012576;20260327;2026-02-25 00:00:00;2026-03-18 00:00:00;2026-03-27 00:00:00;35;-7;22;2;3;1;9;65;15
3000001130;10;;Liberado;2026-01-21 00:00:00;2026-01-21 00:00:00;627;1;APROBADO;2026-03-02 00:00:00;JSALINAS;2026-03-11 00:00:00;DFARRO;2026-03-22 00:00:00;;;407;1;APROBADO;2026-03-02 00:00:00;JSALINAS;2026-03-11 00:00:00;;;20601469635;SERJES CORPORATION S.A.C.;FL11;YA01;40013886;;;;10;7000001296;10;;2026-04-01 00:00:00;IARCE;Liberado;2026-04-01 00:00:00;2026-04-03 00:00:00;JUAN CARLOS SALINAS;G02;ISAAC ARCE;1;Emergencia I (en operación);;5629;GRONCAL;2026-04-06 00:00:00;2026-01-30 00:00:00;2026-01-30 00:00:00;5105607440;2026;01-E001-00000455;20260408;20260410;3100013866;1000015811;20260419;2026-03-22 00:00:00;2026-04-08 00:00:00;2026-04-19 00:00:00;60;-11;21;2;3;2;11;88;18
3000001133;10;;Liberado;2026-01-21 00:00:00;2026-01-21 00:00:00;233;1;APROBADO;2026-01-29 00:00:00;JSALINAS;2026-02-06 00:00:00;DFARRO;2026-02-26 00:00:00;;;84;1;RECHAZADO;2026-01-29 00:00:00;;;JSALINAS;46059;20607753459;RPP TEC S.A.C.;FL23;YA01;40013893;;;;10;7000000477;20;;2026-02-17 00:00:00;LOSORIO;Liberado;2026-02-19 00:00:00;2026-02-21 00:00:00;JUAN CARLOS SALINAS;G10;GIORDANNO ALTAMIRA;1;Emergencia I (en operación);;3319;GGALLO;2026-02-28 00:00:00;2026-01-26 00:00:00;2026-01-28 00:00:00;5105604457;2026;01-E001-00000349;20260228;20260313;3100008381;1000011446;20260322;2026-02-26 00:00:00;2026-02-28 00:00:00;2026-03-22 00:00:00;36;Pendiente;Pendiente;4;7;0;22;60;33
3000001136;10;;Liberado;2026-01-21 00:00:00;2026-01-21 00:00:00;1190;1;APROBADO;2026-04-08 00:00:00;JSALINAS;2026-04-09 00:00:00;DFARRO;2026-04-10 00:00:00;;;645;1;APROBADO;2026-03-18 00:00:00;WFELIPE;2026-04-10 00:00:00;;;20509239089;RESET - ELECTRONICA Y SISTEMAS S.R.;FL24;YA01;40013898;;;;10;7000001739;40;;2026-04-24 00:00:00;LMENDOZAH;Liberado;2026-04-24 00:00:00;2026-04-24 00:00:00;JUAN CARLOS SALINAS;G01;JOSÉ BAZÁN;1;Emergencia I (en operación);;10265;INTEGRA_AP;2026-04-24 00:00:00;2026-03-27 00:00:00;2026-04-07 00:00:00;5105609729;2026;01-F001-00007916;20260428;20260430;3100018356;1000022613;20260529;2026-04-10 00:00:00;2026-04-28 00:00:00;2026-05-29 00:00:00;79;0;14;0;0;4;31;128;35
3000001143;10;;Liberado;2026-01-21 00:00:00;2026-01-21 00:00:00;175;1;APROBADO;2026-01-26 00:00:00;WYOMONA;2026-02-06 00:00:00;DFARRO;2026-02-25 00:00:00;;;207;1;RECHAZADO;2026-02-05 00:00:00;;;WYOMONA;46059;20541755234;FACTORIA ALVARADO S.A.C.;FL10;YA01;40013907;;;;20;7000000904;20;;2026-03-12 00:00:00;LOSORIO;Liberado;2026-03-13 00:00:00;2026-03-14 00:00:00;WILHELM YOMONA;G10;GIORDANNO ALTAMIRA;1;Emergencia I (en operación);;4384;GRONCAL;2026-03-17 00:00:00;2026-02-05 00:00:00;2026-02-05 00:00:00;5105606277;2026;01-E001-00001823;20260318;20260330;3100011635;1000014789;20260410;2026-02-25 00:00:00;2026-03-18 00:00:00;2026-04-10 00:00:00;35;Pendiente;Pendiente;2;3;1;23;79;29
3000001147;10;;Liberado;2026-01-21 00:00:00;2026-01-21 00:00:00;132;1;APROBADO;2026-01-23 00:00:00;WMELCHOR;2026-02-03 00:00:00;DFARRO;2026-02-05 00:00:00;;;141;1;APROBADO;2026-02-02 00:00:00;WMELCHOR;2026-02-03 00:00:00;;;20445526127;SERVICIOS INDUSTRIALES HALAVISI S.A;FL21;YA01;40013919;;;;10;7000000358;10;;2026-02-09 00:00:00;LOSORIO;Liberado;2026-02-10 00:00:00;2026-02-10 00:00:00;WILMER NELSON MELCHOR;G12;RENZO CÁCERES;1;Emergencia I (en operación);;2713;GGALLO;2026-02-17 00:00:00;2026-01-26 00:00:00;2026-01-26 00:00:00;5105602770;2026;01-E001-00001922;20260218;20260226;3100005034;1000010119;20260311;2026-02-05 00:00:00;2026-02-18 00:00:00;2026-03-11 00:00:00;15;-2;6;1;7;1;21;49;30
3000001150;10;;Liberado;2026-01-21 00:00:00;2026-01-21 00:00:00;721;1;APROBADO;2026-03-06 00:00:00;CDELACRUZ;2026-03-20 00:00:00;DFARRO;2026-03-22 00:00:00;;;481;1;APROBADO;2026-03-06 00:00:00;CDELACRUZ;2026-03-20 00:00:00;;;20514598224;ROBINSON MARINE ELECTRONICS S.R.L.;FL16;YA01;40013923;;;;10;7000000314;20;;2026-02-06 00:00:00;LOSORIO;Liberado;2026-02-09 00:00:00;2026-02-09 00:00:00;CARLOS BERARDO DE LA CRUZ;G14;GERALDINE SANCHEZ;1;Emergencia I (en operación);;2763;INTEGRA_AP;2026-02-17 00:00:00;2026-02-19 00:00:00;2026-02-20 00:00:00;5105606431;2026;01-F001-00003206;20260320;20260331;3100011900;1000014837;20260410;2026-03-22 00:00:00;2026-03-20 00:00:00;2026-04-10 00:00:00;60;-2;-42;3;8;31;21;79;63
3000001151;10;;Liberado;2026-01-21 00:00:00;2026-01-21 00:00:00;526;1;APROBADO;2026-02-21 00:00:00;CVELASQUEZ;2026-02-27 00:00:00;DFARRO;2026-03-10 00:00:00;;;348;1;APROBADO;2026-02-21 00:00:00;CVELASQUEZ;2026-02-27 00:00:00;;;20519422566;REPARACIONES NAVALES WILMAR & JIMMY;FL06;YA01;40013924;;;;10;7000000519;20;;2026-02-19 00:00:00;ABAMONDE;Liberado;2026-02-23 00:00:00;2026-02-25 00:00:00;CESAR AUGUSTO VELASQUEZ;G10;GIORDANNO ALTAMIRA;1;Emergencia I (en operación);;3858;GGALLO;2026-03-11 00:00:00;2026-02-11 00:00:00;2026-02-11 00:00:00;5105604222;2026;01-E001-00000496;20260312;20260312;3100008088;1000010682;20260313;2026-03-10 00:00:00;2026-03-12 00:00:00;2026-03-13 00:00:00;48;-11;-8;6;14;1;1;51;22
3000001152;10;;Liberado;2026-01-21 00:00:00;2026-01-21 00:00:00;647;1;APROBADO;2026-03-03 00:00:00;CVELASQUEZ;2026-03-05 00:00:00;DFARRO;2026-03-10 00:00:00;;;422;1;APROBADO;2026-03-03 00:00:00;CVELASQUEZ;2026-03-05 00:00:00;;;20541732960;SERVICIOS NAVALES PAREDES E.I.R.L.;FL14;YA01;40013925;;;;10;7000000507;20;;2026-02-18 00:00:00;LOSORIO;Liberado;2026-02-18 00:00:00;2026-02-18 00:00:00;WILHELM YOMONA;G10;GIORDANNO ALTAMIRA;1;Emergencia I (en operación);;3921;GRONCAL;2026-03-12 00:00:00;2026-03-02 00:00:00;2026-03-05 00:00:00;5105606206;2026;01-E001-00000624;20260317;20260330;3100011553;1000014911;20260412;2026-03-10 00:00:00;2026-03-17 00:00:00;2026-04-12 00:00:00;48;-5;-15;0;22;5;26;81;53
3000001158;10;;Liberado;2026-01-21 00:00:00;2026-01-21 00:00:00;177;1;APROBADO;2026-01-26 00:00:00;WYOMONA;2026-01-27 00:00:00;DFARRO;2026-01-27 00:00:00;;;42;1;APROBADO;2026-01-26 00:00:00;WYOMONA;2026-01-27 00:00:00;;;20445409911;REPARACIONES Y SERVICIOS NAVALES CH;FL14;YA01;40013932;;;;30;7000000125;20;;2026-01-28 00:00:00;ABAMONDE;Liberado;2026-01-29 00:00:00;2026-01-30 00:00:00;WILHELM YOMONA;G12;RENZO CÁCERES;1;Emergencia I (en operación);;1949;GGALLO;2026-02-03 00:00:00;2026-01-26 00:00:00;2026-01-26 00:00:00;5105601738;2026;01-E001-00001389;20260206;20260211;3100003097;1000006811;20260218;2026-01-27 00:00:00;2026-02-06 00:00:00;2026-02-18 00:00:00;6;0;1;2;4;3;12;28;21
3000001159;10;;Liberado;2026-01-21 00:00:00;2026-01-21 00:00:00;370;1;APROBADO;2026-02-10 00:00:00;WYOMONA;2026-02-11 00:00:00;DFARRO;2026-02-26 00:00:00;;;376;1;APROBADO;2026-02-25 00:00:00;WYOMONA;2026-02-25 00:00:00;;;20601469635;SERJES CORPORATION S.A.C.;FL14;YA01;40013932;;;;40;7000000822;60;;2026-03-06 00:00:00;LOSORIO;Liberado;2026-03-09 00:00:00;2026-03-10 00:00:00;WILHELM YOMONA;G02;ISAAC ARCE;1;Emergencia I (en operación);;3940;GRONCAL;2026-03-12 00:00:00;2026-01-30 00:00:00;2026-01-31 00:00:00;5105604984;2026;01-E001-00000452;20260313;20260318;3100009358;1000011452;20260322;2026-02-26 00:00:00;2026-03-13 00:00:00;2026-03-22 00:00:00;36;-1;9;4;2;1;9;60;16
3000001162;10;;Liberado;2026-01-21 00:00:00;2026-01-21 00:00:00;124;1;APROBADO;2026-01-23 00:00:00;CVELASQUEZ;2026-02-05 00:00:00;DFARRO;2026-02-05 00:00:00;;;139;1;APROBADO;2026-02-02 00:00:00;CVELASQUEZ;2026-02-05 00:00:00;;;20445526127;SERVICIOS INDUSTRIALES HALAVISI S.A;FL14;YA01;40013932;;;;80;7000000512;20;;2026-02-18 00:00:00;LOSORIO;Liberado;2026-02-19 00:00:00;2026-02-21 00:00:00;WILHELM YOMONA;G12;RENZO CÁCERES;1;Emergencia I (en operación);;3903;GRONCAL;2026-03-12 00:00:00;2026-01-27 00:00:00;2026-01-27 00:00:00;5105605140;2026;01-E001-00001938;20260312;20260319;3100009608;1000022569;20260531;2026-02-05 00:00:00;2026-03-12 00:00:00;2026-05-31 00:00:00;15;0;13;3;19;0;80;130;102
3000001163;10;;Liberado;2026-01-21 00:00:00;2026-01-21 00:00:00;179;1;APROBADO;2026-01-26 00:00:00;WYOMONA;2026-01-27 00:00:00;DFARRO;2026-01-27 00:00:00;;;42;1;APROBADO;2026-01-26 00:00:00;WYOMONA;2026-01-27 00:00:00;;;20445409911;REPARACIONES Y SERVICIOS NAVALES CH;FL14;YA01;40013932;;;;90;7000000125;40;;2026-01-28 00:00:00;ABAMONDE;Liberado;2026-01-29 00:00:00;2026-01-30 00:00:00;WILHELM YOMONA;G02;ISAAC ARCE;1;Emergencia I (en operación);;1949;GGALLO;2026-02-03 00:00:00;2026-01-26 00:00:00;2026-01-26 00:00:00;5105601738;2026;01-E001-00001389;20260206;20260211;3100003097;1000006811;20260218;2026-01-27 00:00:00;2026-02-06 00:00:00;2026-02-18 00:00:00;6;0;1;2;4;3;12;28;21
3000001165;10;;Liberado;2026-01-21 00:00:00;2026-01-21 00:00:00;431;1;APROBADO;2026-02-13 00:00:00;WYOMONA;2026-02-17 00:00:00;DFARRO;2026-02-25 00:00:00;;;286;1;RECHAZADO;2026-02-13 00:00:00;CVELASQUEZ;2026-02-16 00:00:00;WYOMONA;46079;20473495598;MC TRADE S.A.C.;FL14;YA01;40013932;;;;110;7000000891;20;;2026-03-12 00:00:00;LOSORIO;Liberado;2026-03-12 00:00:00;2026-03-17 00:00:00;WILHELM YOMONA;G12;RENZO CÁCERES;1;Emergencia I (en operación);;4579;GRONCAL;2026-03-19 00:00:00;2026-02-07 00:00:00;2026-02-09 00:00:00;5105606235;2026;01-FA01-00001526;20260327;20260330;3100011590;1000016416;20260421;2026-02-25 00:00:00;2026-03-27 00:00:00;2026-04-21 00:00:00;35;-9;24;5;2;8;25;90;40
3000001166;10;;Liberado;2026-01-21 00:00:00;2026-01-21 00:00:00;549;1;APROBADO;2026-02-24 00:00:00;WYOMONA;2026-02-25 00:00:00;DFARRO;2026-02-26 00:00:00;;;360;1;APROBADO;2026-02-24 00:00:00;WYOMONA;2026-02-25 00:00:00;;;20605895868;MARINSA POWER S.A.C.;FL14;YA01;40013932;;;;130;7000000772;10;;2026-03-05 00:00:00;LOSORIO;Liberado;2026-03-05 00:00:00;2026-03-05 00:00:00;WILHELM YOMONA;G02;ISAAC ARCE;1;Emergencia I (en operación);;3652;GGALLO;2026-03-06 00:00:00;2026-02-18 00:00:00;2026-02-18 00:00:00;5105605349;2026;01-E001-00000532;20260309;20260320;3100009926;1000012575;20260327;2026-02-26 00:00:00;2026-03-09 00:00:00;2026-03-27 00:00:00;36;-1;8;0;1;3;18;65;22
3000001172;10;;Liberado;2026-01-21 00:00:00;2026-01-21 00:00:00;403;1;APROBADO;2026-02-11 00:00:00;JSALINAS;2026-02-19 00:00:00;DFARRO;2026-02-26 00:00:00;;;265;1;APROBADO;2026-02-11 00:00:00;JSALINAS;2026-02-19 00:00:00;;;20602892108;JORLE INDUSTRIAL S.A.C.;FL24;YA01;40013937;;;;10;7000000321;20;;2026-02-06 00:00:00;ABAMONDE;Liberado;2026-02-09 00:00:00;2026-02-09 00:00:00;JUAN CARLOS SALINAS;G14;GERALDINE SANCHEZ;1;Emergencia I (en operación);;2878;INTEGRA_AP;2026-02-19 00:00:00;2026-02-09 00:00:00;2026-02-09 00:00:00;5105603511;2026;01-F002-00004117;20260303;20260305;3100006555;1000010313;20260313;2026-02-26 00:00:00;2026-03-03 00:00:00;2026-03-13 00:00:00;36;-7;-13;3;10;12;10;51;35
3000001181;10;;Liberado;2026-01-21 00:00:00;2026-01-21 00:00:00;1747;1;APROBADO;2026-05-13 00:00:00;WMELCHOR;2026-05-16 00:00:00;DFARRO;2026-05-18 00:00:00;;;2263;1;APROBADO;2026-05-13 00:00:00;WMELCHOR;2026-05-16 00:00:00;;;20164925405;SALVATAJE EL MAR S.R.L.;FL25;YA01;40013951;;;;10;7000000520;10;;2026-02-19 00:00:00;LOSORIO;Liberado;2026-02-20 00:00:00;2026-02-21 00:00:00;WILMER NELSON MELCHOR;G08;MADELINE FALCÓN;1;Emergencia I (en operación);;12483;INTEGRA_AP;2026-05-16 00:00:00;2026-02-20 00:00:00;2026-02-20 00:00:00;5105614790;2026;01-E001-00001086;20260713;20260714;3100030238;1000030204;20260724;2026-05-18 00:00:00;2026-07-13 00:00:00;2026-07-24 00:00:00;117;-2;-86;2;84;58;11;184;155
3000001182;10;;Liberado;2026-01-21 00:00:00;2026-01-21 00:00:00;999;1;APROBADO;2026-03-25 00:00:00;WMELCHOR;2026-03-26 00:00:00;DFARRO;2026-03-27 00:00:00;;;737;1;APROBADO;2026-03-25 00:00:00;JSALINAS;2026-03-26 00:00:00;;;20509239089;RESET - ELECTRONICA Y SISTEMAS S.R.;FL25;YA01;40013952;;;;10;7000001353;90;;2026-04-07 00:00:00;RCACERES;Liberado;2026-04-07 00:00:00;2026-04-08 00:00:00;WILMER NELSON MELCHOR;G14;GERALDINE SANCHEZ;1;Emergencia I (en operación);;6104;GRONCAL;2026-04-11 00:00:00;2026-03-16 00:00:00;2026-03-19 00:00:00;5105608232;2026;01-F001-00007844;20260415;20260417;3100015527;1000020675;20260515;2026-03-27 00:00:00;2026-04-15 00:00:00;2026-05-15 00:00:00;65;-1;12;1;3;4;30;114;38
3000001182;10;;Liberado;2026-01-21 00:00:00;2026-01-21 00:00:00;999;1;APROBADO;2026-03-25 00:00:00;WMELCHOR;2026-03-26 00:00:00;DFARRO;2026-03-27 00:00:00;;;737;1;APROBADO;2026-03-25 00:00:00;JSALINAS;2026-03-26 00:00:00;;;20509239089;RESET - ELECTRONICA Y SISTEMAS S.R.;FL25;YA01;40013952;;;;10;7000001353;90;;2026-04-07 00:00:00;RCACERES;Liberado;2026-04-07 00:00:00;2026-04-08 00:00:00;WILMER NELSON MELCHOR;G14;GERALDINE SANCHEZ;1;Emergencia I (en operación);;6104;GRONCAL;2026-04-11 00:00:00;2026-03-16 00:00:00;2026-03-19 00:00:00;5105608232;2026;01-F001-00007844;20260415;20260417;3100015527;1000020675;20260515;2026-03-27 00:00:00;2026-04-15 00:00:00;2026-05-15 00:00:00;65;-1;12;1;3;4;30;114;38
3000001183;10;;Liberado;2026-01-21 00:00:00;2026-01-21 00:00:00;581;1;APROBADO;2026-02-26 00:00:00;CDELACRUZ;2026-03-04 00:00:00;DFARRO;2026-03-10 00:00:00;;;348;1;APROBADO;2026-02-21 00:00:00;CVELASQUEZ;2026-02-27 00:00:00;;;20519422566;REPARACIONES NAVALES WILMAR & JIMMY;FL04;YA01;40013953;;;;10;7000000519;40;;2026-02-19 00:00:00;ABAMONDE;Liberado;2026-02-23 00:00:00;2026-02-25 00:00:00;CARLOS BERARDO DE LA CRUZ;G02;ISAAC ARCE;1;Emergencia I (en operación);;3858;GGALLO;2026-03-11 00:00:00;2026-02-19 00:00:00;2026-02-20 00:00:00;5105604222;2026;01-E001-00000496;20260312;20260312;3100008088;1000010682;20260313;2026-03-10 00:00:00;2026-03-12 00:00:00;2026-03-13 00:00:00;48;-11;-8;6;14;1;1;51;22
3000001186;10;;Liberado;2026-01-21 00:00:00;2026-01-21 00:00:00;383;1;APROBADO;2026-02-10 00:00:00;WMELCHOR;2026-02-16 00:00:00;DFARRO;2026-02-20 00:00:00;;;238;1;APROBADO;2026-02-10 00:00:00;WMELCHOR;2026-02-16 00:00:00;;;20282601487;TALLER MECANICA ELECTRODO E.I.R.L.;FL22;YA01;40013956;;;;10;7000000809;40;;2026-03-06 00:00:00;LOSORIO;Liberado;2026-03-09 00:00:00;2026-03-10 00:00:00;WILMER NELSON MELCHOR;G12;RENZO CÁCERES;1;Emergencia I (en operación);;4345;GRONCAL;2026-03-17 00:00:00;2026-02-10 00:00:00;2026-02-13 00:00:00;5105605512;2026;01-E001-00000944;20260318;20260324;3100010209;1000014720;20260410;2026-02-20 00:00:00;2026-03-18 00:00:00;2026-04-10 00:00:00;30;-4;18;4;7;1;23;79;35
3000001188;10;;Liberado;2026-01-21 00:00:00;2026-01-21 00:00:00;720;1;APROBADO;2026-03-06 00:00:00;CDELACRUZ;2026-03-19 00:00:00;DFARRO;2026-03-22 00:00:00;;;481;1;APROBADO;2026-03-06 00:00:00;CDELACRUZ;2026-03-20 00:00:00;;;20514598224;ROBINSON MARINE ELECTRONICS S.R.L.;FL16;YA01;40013960;;;;10;7000000314;30;;2026-02-06 00:00:00;LOSORIO;Liberado;2026-02-09 00:00:00;2026-02-09 00:00:00;CARLOS BERARDO DE LA CRUZ;G14;GERALDINE SANCHEZ;1;Emergencia I (en operación);;2763;INTEGRA_AP;2026-02-17 00:00:00;2026-02-19 00:00:00;2026-02-20 00:00:00;5105606431;2026;01-F001-00003206;20260320;20260331;3100011900;1000014837;20260410;2026-03-22 00:00:00;2026-03-20 00:00:00;2026-04-10 00:00:00;60;-2;-42;3;8;31;21;79;63
3000001189;10;;Liberado;2026-01-21 00:00:00;2026-01-21 00:00:00;651;1;APROBADO;2026-03-03 00:00:00;CVELASQUEZ;2026-03-05 00:00:00;DFARRO;2026-03-10 00:00:00;;;422;1;APROBADO;2026-03-03 00:00:00;CVELASQUEZ;2026-03-05 00:00:00;;;20541732960;SERVICIOS NAVALES PAREDES E.I.R.L.;FL14;YA01;40013962;;;;10;7000000507;40;;2026-02-18 00:00:00;LOSORIO;Liberado;2026-02-18 00:00:00;2026-02-18 00:00:00;WILHELM YOMONA;G10;GIORDANNO ALTAMIRA;1;Emergencia I (en operación);;3921;GRONCAL;2026-03-12 00:00:00;2026-03-02 00:00:00;2026-03-02 00:00:00;5105606206;2026;01-E001-00000624;20260317;20260330;3100011553;1000014911;20260412;2026-03-10 00:00:00;2026-03-17 00:00:00;2026-04-12 00:00:00;48;-5;-15;0;22;5;26;81;53
3000001192;10;;Liberado;2026-01-21 00:00:00;2026-01-21 00:00:00;205;1;APROBADO;2026-01-27 00:00:00;CVELASQUEZ;2026-02-05 00:00:00;DFARRO;2026-02-26 00:00:00;;;156;1;APROBADO;2026-02-03 00:00:00;WMELCHOR;2026-02-03 00:00:00;;;20601469635;SERJES CORPORATION S.A.C.;FL14;YA01;40013965;;;;10;7000000330;50;;2026-02-09 00:00:00;LOSORIO;Liberado;2026-02-10 00:00:00;2026-02-11 00:00:00;WILHELM YOMONA;G02;ISAAC ARCE;1;Emergencia I (en operación);;2712;GGALLO;2026-02-17 00:00:00;2026-01-27 00:00:00;2026-01-27 00:00:00;5105603649;2026;01-E001-00000449;20260303;20260306;3100006738;1000009340;20260306;2026-02-26 00:00:00;2026-03-03 00:00:00;2026-03-06 00:00:00;36;-23;6;2;6;14;3;44;25
3000001193;10;;Liberado;2026-01-21 00:00:00;2026-01-21 00:00:00;1117;1;APROBADO;2026-04-06 00:00:00;WFELIPE;2026-04-10 00:00:00;DFARRO;2026-04-10 00:00:00;;;901;1;APROBADO;2026-04-06 00:00:00;WFELIPE;2026-04-10 00:00:00;;;20602226400;M TEMOCHE S.A.C.;FL17;YA01;40013967;;;;10;7000001740;40;;2026-04-24 00:00:00;LOSORIO;Liberado;2026-04-24 00:00:00;2026-04-27 00:00:00;WALTER SULLIVAN FELIPE;G02;ISAAC ARCE;1;Emergencia I (en operación);;10790;INTEGRA_AP;2026-04-28 00:00:00;2026-03-16 00:00:00;2026-03-20 00:00:00;5105609868;2026;01-E001-00000847;20260430;20260430;3100018526;1000019040;20260510;2026-04-10 00:00:00;2026-04-30 00:00:00;2026-05-10 00:00:00;79;0;14;3;1;2;10;109;16
3000001194;10;;Liberado;2026-01-21 00:00:00;2026-01-21 00:00:00;307;1;APROBADO;2026-02-03 00:00:00;WMELCHOR;2026-02-04 00:00:00;DFARRO;2026-02-05 00:00:00;;;182;1;APROBADO;2026-02-03 00:00:00;CVELASQUEZ;2026-02-05 00:00:00;;;20551745989;J.O. ALEXIN E.I.R.L.;FL21;YA01;40013969;;;;10;7000000356;50;;2026-02-09 00:00:00;ABAMONDE;Liberado;2026-02-10 00:00:00;2026-02-11 00:00:00;WILMER NELSON MELCHOR;G10;GIORDANNO ALTAMIRA;1;Emergencia I (en operación);;2831;GGALLO;2026-02-19 00:00:00;2026-01-26 00:00:00;2026-01-26 00:00:00;5105602591;2026;01-E001-00001075;20260220;20260223;3100004620;1000007667;20260224;2026-02-05 00:00:00;2026-02-20 00:00:00;2026-02-24 00:00:00;15;0;4;2;8;1;4;34;15
3000001197;10;;Liberado;2026-01-21 00:00:00;2026-01-21 00:00:00;451;1;APROBADO;2026-02-16 00:00:00;WYOMONA;2026-02-17 00:00:00;DFARRO;2026-02-25 00:00:00;;;481;1;APROBADO;2026-03-06 00:00:00;CDELACRUZ;2026-03-20 00:00:00;;;20514598224;ROBINSON MARINE ELECTRONICS S.R.L.;FL10;YA01;40013973;;;;20;7000000314;40;;2026-02-06 00:00:00;LOSORIO;Liberado;2026-02-09 00:00:00;2026-02-09 00:00:00;WILHELM YOMONA;G10;GIORDANNO ALTAMIRA;1;Emergencia I (en operación);;2763;INTEGRA_AP;2026-02-17 00:00:00;2026-02-12 00:00:00;2026-02-13 00:00:00;5105606431;2026;01-F001-00003206;20260320;20260331;3100011900;1000014837;20260410;2026-02-25 00:00:00;2026-03-20 00:00:00;2026-04-10 00:00:00;35;23;-42;3;8;31;21;79;63
3000001200;10;;Liberado;2026-01-21 00:00:00;2026-01-21 00:00:00;580;1;APROBADO;2026-02-26 00:00:00;WYOMONA;2026-03-02 00:00:00;DFARRO;2026-03-10 00:00:00;;;385;1;APROBADO;2026-02-26 00:00:00;WYOMONA;2026-03-02 00:00:00;;;20519422566;REPARACIONES NAVALES WILMAR & JIMMY;FL10;YA01;40013978;;;;10;7000001130;20;;2026-03-25 00:00:00;LOSORIO;Liberado;2026-03-25 00:00:00;2026-03-26 00:00:00;WILHELM YOMONA;G02;ISAAC ARCE;1;Emergencia I (en operación);;5270;GRONCAL;2026-03-30 00:00:00;2026-02-12 00:00:00;2026-02-13 00:00:00;5105607329;2026;01-E001-00000505;20260409;20260409;3100013510;1000014947;20260410;2026-03-10 00:00:00;2026-04-09 00:00:00;2026-04-10 00:00:00;48;-8;23;1;4;10;1;79;16
3000001203;10;;Liberado;2026-01-21 00:00:00;2026-01-21 00:00:00;224;2;APROBADO;2026-02-03 00:00:00;WMELCHOR;2026-02-03 00:00:00;DFARRO;2026-02-05 00:00:00;;;75;1;RECHAZADO;2026-01-29 00:00:00;;;WMELCHOR;46051;20600890035;MULTISERVICIOS NAVALES GERARD & SOL;FL21;YA01;40013980;;;;20;7000000310;10;;2026-02-06 00:00:00;ABAMONDE;Liberado;2026-02-09 00:00:00;2026-02-09 00:00:00;WILMER NELSON MELCHOR;G02;ISAAC ARCE;1;Emergencia I (en operación);;2710;GGALLO;2026-02-17 00:00:00;2026-01-26 00:00:00;2026-01-26 00:00:00;5105602924;2026;01-E001-00000595;20260225;20260228;3100005573;1000012164;20260325;2026-02-05 00:00:00;2026-02-25 00:00:00;2026-03-25 00:00:00;15;Pendiente;Pendiente;3;8;8;28;63;47
3000001211;10;;Liberado;2026-01-21 00:00:00;2026-01-21 00:00:00;147;1;APROBADO;2026-01-24 00:00:00;CDELACRUZ;2026-01-31 00:00:00;DFARRO;2026-02-05 00:00:00;;;34;1;APROBADO;2026-01-24 00:00:00;CDELACRUZ;2026-01-31 00:00:00;;;20600890035;MULTISERVICIOS NAVALES GERARD & SOL;FL20;YA01;40013989;;;;10;7000000312;10;;2026-02-06 00:00:00;ABAMONDE;Liberado;2026-02-09 00:00:00;2026-02-09 00:00:00;WILHELM YOMONA;G02;ISAAC ARCE;1;Emergencia I (en operación);;2711;GGALLO;2026-02-17 00:00:00;2026-01-24 00:00:00;2026-01-24 00:00:00;5105602923;2026;01-E001-00000594;20260225;20260228;3100005572;1000012163;20260325;2026-02-05 00:00:00;2026-02-25 00:00:00;2026-03-25 00:00:00;15;-5;6;3;8;8;28;63;47
3000001212;10;;Liberado;2026-01-21 00:00:00;2026-01-21 00:00:00;171;1;APROBADO;2026-01-26 00:00:00;CDELACRUZ;2026-01-31 00:00:00;DFARRO;2026-02-05 00:00:00;;;37;1;APROBADO;2026-01-26 00:00:00;CDELACRUZ;2026-01-31 00:00:00;;;20605437894;HYDRAULICA TECNICA MARINA S.A.C.;FL20;YA01;40013989;;;;40;7000000316;10;;2026-02-06 00:00:00;ABAMONDE;Liberado;2026-02-06 00:00:00;2026-02-07 00:00:00;WILHELM YOMONA;G05;YURI DÍAZ;1;Emergencia I (en operación);;2709;GGALLO;2026-02-17 00:00:00;2026-01-24 00:00:00;2026-01-24 00:00:00;5105604390;2026;01-E001-00001525;20260226;20260312;3100008258;1000011436;20260322;2026-02-05 00:00:00;2026-02-26 00:00:00;2026-03-22 00:00:00;15;-5;6;1;10;9;24;60;44
3000001216;10;;Liberado;2026-01-21 00:00:00;2026-01-21 00:00:00;389;1;APROBADO;2026-02-11 00:00:00;WMELCHOR;2026-02-18 00:00:00;DFARRO;2026-02-26 00:00:00;;;249;1;APROBADO;2026-02-11 00:00:00;WMELCHOR;2026-02-18 00:00:00;;;20604717524;INGENIERIA NAVAL E INDUSTRIAL EN AL;FL25;YA01;40013995;;;;10;7000000535;10;;2026-02-19 00:00:00;ABAMONDE;Liberado;2026-02-19 00:00:00;2026-02-21 00:00:00;WILMER NELSON MELCHOR;G02;ISAAC ARCE;1;Emergencia I (en operación);;3316;GGALLO;2026-02-28 00:00:00;2026-02-09 00:00:00;2026-02-09 00:00:00;5105604458;2026;01-F101-00001842;20260302;20260313;3100008397;1000011715;20260319;2026-02-26 00:00:00;2026-03-02 00:00:00;2026-03-19 00:00:00;36;-8;1;2;7;2;17;57;28
3000001218;10;;Liberado;2026-01-21 00:00:00;2026-01-21 00:00:00;234;1;APROBADO;2026-01-29 00:00:00;JSALINAS;2026-02-06 00:00:00;DFARRO;2026-02-26 00:00:00;;;84;1;RECHAZADO;2026-01-29 00:00:00;;;JSALINAS;46059;20607753459;RPP TEC S.A.C.;FL24;YA01;40013998;;;;10;7000000477;30;;2026-02-17 00:00:00;LOSORIO;Liberado;2026-02-19 00:00:00;2026-02-21 00:00:00;JUAN CARLOS SALINAS;G10;GIORDANNO ALTAMIRA;1;Emergencia I (en operación);;3319;GGALLO;2026-02-28 00:00:00;2026-01-22 00:00:00;2026-01-28 00:00:00;5105604457;2026;01-E001-00000349;20260228;20260313;3100008381;1000011446;20260322;2026-02-26 00:00:00;2026-02-28 00:00:00;2026-03-22 00:00:00;36;Pendiente;Pendiente;4;7;0;22;60;33
3000001220;10;;Liberado;2026-01-21 00:00:00;2026-01-21 00:00:00;286;1;APROBADO;2026-02-03 00:00:00;CVELASQUEZ;2026-02-05 00:00:00;DFARRO;2026-02-05 00:00:00;;;166;1;APROBADO;2026-02-03 00:00:00;CVELASQUEZ;2026-02-05 00:00:00;;;20508057785;CONSTRUCCIONES INGENIERIA Y MONTAJE;FL19;YA01;40014001;;;;10;7000000307;10;;2026-02-06 00:00:00;ABAMONDE;Liberado;2026-02-06 00:00:00;2026-02-07 00:00:00;CESAR AUGUSTO VELASQUEZ;G10;GIORDANNO ALTAMIRA;1;Emergencia I (en operación);;2707;GGALLO;2026-02-17 00:00:00;2026-01-30 00:00:00;2026-01-31 00:00:00;5105603064;2026;01-E001-00002081;20260213;20260228;3100005771;1000009272;20260306;2026-02-05 00:00:00;2026-02-13 00:00:00;2026-03-06 00:00:00;15;0;1;1;10;-4;21;44;28
3000001222;10;;Liberado;2026-01-21 00:00:00;2026-01-21 00:00:00;422;1;APROBADO;2026-02-13 00:00:00;WYOMONA;2026-02-17 00:00:00;DFARRO;2026-02-26 00:00:00;;;273;1;APROBADO;2026-02-13 00:00:00;WYOMONA;2026-02-17 00:00:00;;;20602892108;JORLE INDUSTRIAL S.A.C.;FL09;YA01;40014003;;;;10;7000000922;40;;2026-03-13 00:00:00;LOSORIO;Liberado;2026-03-16 00:00:00;2026-03-16 00:00:00;WILHELM YOMONA;G14;GERALDINE SANCHEZ;1;Emergencia I (en operación);;4394;GRONCAL;2026-03-17 00:00:00;2026-02-09 00:00:00;2026-02-09 00:00:00;5105605489;2026;01-F002-00004197;20260319;20260324;3100010186;1000015974;20260420;2026-02-26 00:00:00;2026-03-19 00:00:00;2026-04-20 00:00:00;36;-9;24;3;1;2;32;89;38
3000001223;10;;Liberado;2026-01-21 00:00:00;2026-01-21 00:00:00;385;1;APROBADO;2026-02-10 00:00:00;WYOMONA;2026-02-11 00:00:00;DFARRO;2026-02-26 00:00:00;;;315;1;APROBADO;2026-02-18 00:00:00;WFELIPE;2026-02-26 00:00:00;;;20605437894;HYDRAULICA TECNICA MARINA S.A.C.;FL09;YA01;40014004;;;;10;7000000531;20;;2026-02-19 00:00:00;ABAMONDE;Liberado;2026-02-19 00:00:00;2026-02-21 00:00:00;WILHELM YOMONA;G05;YURI DÍAZ;1;Emergencia I (en operación);;3173;INTEGRA_AP;2026-02-26 00:00:00;2026-02-09 00:00:00;2026-02-09 00:00:00;5105604444;2026;01-E001-00001528;20260302;20260313;3100008334;1000011436;20260322;2026-02-26 00:00:00;2026-03-02 00:00:00;2026-03-22 00:00:00;36;0;-7;2;5;4;20;60;31
3000001226;10;;Liberado;2026-01-21 00:00:00;2026-01-21 00:00:00;631;1;APROBADO;2026-03-02 00:00:00;WMELCHOR;2026-03-04 00:00:00;DFARRO;2026-03-10 00:00:00;;;380;1;APROBADO;2026-02-25 00:00:00;CDELACRUZ;2026-02-26 00:00:00;;;20601469635;SERJES CORPORATION S.A.C.;FL25;YA01;40014007;;;;10;7000001118;50;;2026-03-25 00:00:00;LOSORIO;Liberado;2026-03-25 00:00:00;2026-03-27 00:00:00;WILMER NELSON MELCHOR;G02;ISAAC ARCE;1;Emergencia I (en operación);;5394;GRONCAL;2026-03-30 00:00:00;2026-01-28 00:00:00;2026-01-28 00:00:00;5105606501;2026;01-E001-00000454;20260331;20260331;3100011977;1000013332;20260401;2026-03-10 00:00:00;2026-03-31 00:00:00;2026-04-01 00:00:00;48;-12;27;2;3;1;1;70;7
3000001227;10;;Liberado;2026-01-21 00:00:00;2026-01-21 00:00:00;719;1;APROBADO;2026-03-06 00:00:00;CDELACRUZ;2026-03-12 00:00:00;DFARRO;2026-03-22 00:00:00;;;481;1;APROBADO;2026-03-06 00:00:00;CDELACRUZ;2026-03-20 00:00:00;;;20514598224;ROBINSON MARINE ELECTRONICS S.R.L.;FL16;YA01;40014011;;;;10;7000000314;50;;2026-02-06 00:00:00;LOSORIO;Liberado;2026-02-09 00:00:00;2026-02-09 00:00:00;CARLOS BERARDO DE LA CRUZ;G14;GERALDINE SANCHEZ;1;Emergencia I (en operación);;2763;INTEGRA_AP;2026-02-17 00:00:00;2026-02-19 00:00:00;2026-02-20 00:00:00;5105606431;2026;01-F001-00003206;20260320;20260331;3100011900;1000014837;20260410;2026-03-22 00:00:00;2026-03-20 00:00:00;2026-04-10 00:00:00;60;-2;-42;3;8;31;21;79;63
3000001229;10;;Liberado;2026-01-21 00:00:00;2026-01-21 00:00:00;190;1;RECHAZADO;2026-01-27 00:00:00;;;;;;;380;1;APROBADO;2026-02-25 00:00:00;CDELACRUZ;2026-02-26 00:00:00;;;20601469635;SERJES CORPORATION S.A.C.;FL25;YA01;40014014;;;;10;7000001118;60;;2026-03-25 00:00:00;LOSORIO;Liberado;2026-03-25 00:00:00;2026-03-27 00:00:00;WILMER NELSON MELCHOR;G02;ISAAC ARCE;1;Emergencia I (en operación);;5394;GRONCAL;2026-03-30 00:00:00;2026-01-23 00:00:00;2026-01-23 00:00:00;5105606501;2026;01-E001-00000454;20260331;20260331;3100011977;1000013332;20260401;;2026-03-31 00:00:00;2026-04-01 00:00:00;Pendiente;Pendiente;27;2;3;1;1;70;7
3000001229;10;;Liberado;2026-01-21 00:00:00;2026-01-21 00:00:00;190;2;APROBADO;2026-03-03 00:00:00;WMELCHOR;2026-03-04 00:00:00;DFARRO;2026-03-10 00:00:00;;;380;1;APROBADO;2026-02-25 00:00:00;CDELACRUZ;2026-02-26 00:00:00;;;20601469635;SERJES CORPORATION S.A.C.;FL25;YA01;40014014;;;;10;7000001118;60;;2026-03-25 00:00:00;LOSORIO;Liberado;2026-03-25 00:00:00;2026-03-27 00:00:00;WILMER NELSON MELCHOR;G02;ISAAC ARCE;1;Emergencia I (en operación);;5394;GRONCAL;2026-03-30 00:00:00;2026-01-23 00:00:00;2026-01-23 00:00:00;5105606501;2026;01-E001-00000454;20260331;20260331;3100011977;1000013332;20260401;2026-03-10 00:00:00;2026-03-31 00:00:00;2026-04-01 00:00:00;48;-12;27;2;3;1;1;70;7
3000001234;10;;Liberado;2026-01-21 00:00:00;2026-01-21 00:00:00;891;1;APROBADO;2026-03-18 00:00:00;WYOMONA;2026-03-23 00:00:00;DFARRO;2026-03-27 00:00:00;;;737;1;APROBADO;2026-03-25 00:00:00;JSALINAS;2026-03-26 00:00:00;;;20509239089;RESET - ELECTRONICA Y SISTEMAS S.R.;FL18;YA01;40014021;;;;10;7000001353;100;;2026-04-07 00:00:00;RCACERES;Liberado;2026-04-07 00:00:00;2026-04-08 00:00:00;WILHELM YOMONA;G01;JOSÉ BAZÁN;1;Emergencia I (en operación);;6104;GRONCAL;2026-04-11 00:00:00;2026-03-10 00:00:00;2026-03-10 00:00:00;5105608232;2026;01-F001-00007844;20260415;20260417;3100015527;1000020675;20260515;2026-03-27 00:00:00;2026-04-15 00:00:00;2026-05-15 00:00:00;65;-1;12;1;3;4;30;114;38
3000001235;10;;Liberado;2026-01-21 00:00:00;2026-01-21 00:00:00;513;1;APROBADO;2026-02-20 00:00:00;WYOMONA;2026-02-20 00:00:00;DFARRO;2026-02-26 00:00:00;;;260;1;APROBADO;2026-02-11 00:00:00;WFELIPE;2026-02-16 00:00:00;;;20601713404;INVERSIONES BAQUERIZO S.A.C.;FL10;YA01;40014022;;;;10;7000000919;30;;2026-03-13 00:00:00;LOSORIO;Liberado;2026-03-17 00:00:00;2026-03-19 00:00:00;WILHELM YOMONA;G12;RENZO CÁCERES;1;Emergencia I (en operación);;4583;GRONCAL;2026-03-19 00:00:00;2026-02-16 00:00:00;2026-02-17 00:00:00;5105606795;2026;01-E001-00000999;20260327;20260331;3100012417;1000014690;20260410;2026-02-26 00:00:00;2026-03-27 00:00:00;2026-04-10 00:00:00;36;-10;25;6;0;8;14;79;28
3000001237;10;;Liberado;2026-01-21 00:00:00;2026-01-21 00:00:00;803;1;APROBADO;2026-03-11 00:00:00;WMELCHOR;2026-03-16 00:00:00;DFARRO;2026-03-22 00:00:00;;;572;1;APROBADO;2026-03-11 00:00:00;WMELCHOR;2026-03-16 00:00:00;;;20602226400;M TEMOCHE S.A.C.;FL22;YA01;40014028;;;;10;7000001213;20;;2026-03-30 00:00:00;LOSORIO;Liberado;2026-03-30 00:00:00;2026-03-31 00:00:00;WILMER NELSON MELCHOR;G02;ISAAC ARCE;1;Emergencia I (en operación);;5642;GRONCAL;2026-04-06 00:00:00;2026-03-02 00:00:00;2026-03-02 00:00:00;5105607516;2026;01-E001-00000841;20260408;20260410;3100014017;1000015977;20260420;2026-03-22 00:00:00;2026-04-08 00:00:00;2026-04-20 00:00:00;60;-6;14;1;6;2;12;89;21
3000001238;10;;Liberado;2026-01-21 00:00:00;2026-01-21 00:00:00;436;1;APROBADO;2026-02-14 00:00:00;WMELCHOR;2026-02-16 00:00:00;DFARRO;2026-02-25 00:00:00;;;359;1;APROBADO;2026-02-24 00:00:00;JSALINAS;2026-02-25 00:00:00;;;20457230118;REFRINS SERVICE S.R.L.;FL22;YA01;40014030;;;;10;7000000895;60;;2026-03-12 00:00:00;LOSORIO;Liberado;2026-03-13 00:00:00;2026-03-16 00:00:00;WILMER NELSON MELCHOR;G01;JOSÉ BAZÁN;1;Emergencia I (en operación);;4351;GRONCAL;2026-03-17 00:00:00;2026-02-10 00:00:00;2026-02-13 00:00:00;5105605418;2026;01-E001-00001605;20260318;20260323;3100010015;1000012615;20260327;2026-02-25 00:00:00;2026-03-18 00:00:00;2026-03-27 00:00:00;35;0;15;4;1;1;9;65;15
3000001239;10;;Liberado;2026-01-21 00:00:00;2026-01-21 00:00:00;553;1;APROBADO;2026-02-25 00:00:00;CDELACRUZ;2026-02-26 00:00:00;DFARRO;2026-03-10 00:00:00;;;141;1;APROBADO;2026-02-02 00:00:00;WMELCHOR;2026-02-03 00:00:00;;;20445526127;SERVICIOS INDUSTRIALES HALAVISI S.A;FL16;YA01;40014033;;;;10;7000000358;40;;2026-02-09 00:00:00;LOSORIO;Liberado;2026-02-10 00:00:00;2026-02-10 00:00:00;CARLOS BERARDO DE LA CRUZ;G12;RENZO CÁCERES;1;Emergencia I (en operación);;2713;GGALLO;2026-02-17 00:00:00;2026-02-19 00:00:00;2026-02-20 00:00:00;5105602770;2026;01-E001-00001922;20260218;20260226;3100005034;1000010119;20260311;2026-03-10 00:00:00;2026-02-18 00:00:00;2026-03-11 00:00:00;48;-35;6;1;7;1;21;49;30
3000001241;10;;Liberado;2026-01-21 00:00:00;2026-01-21 00:00:00;318;1;APROBADO;2026-02-04 00:00:00;WMELCHOR;2026-02-04 00:00:00;DFARRO;2026-02-05 00:00:00;;;182;1;APROBADO;2026-02-03 00:00:00;CVELASQUEZ;2026-02-05 00:00:00;;;20551745989;J.O. ALEXIN E.I.R.L.;FL25;YA01;40014036;;;;10;7000000356;70;;2026-02-09 00:00:00;ABAMONDE;Liberado;2026-02-10 00:00:00;2026-02-11 00:00:00;WILMER NELSON MELCHOR;G10;GIORDANNO ALTAMIRA;1;Emergencia I (en operación);;2831;GGALLO;2026-02-19 00:00:00;2026-01-28 00:00:00;2026-01-28 00:00:00;5105602591;2026;01-E001-00001075;20260220;20260223;3100004620;1000007667;20260224;2026-02-05 00:00:00;2026-02-20 00:00:00;2026-02-24 00:00:00;15;0;4;2;8;1;4;34;15
3000001243;10;;Liberado;2026-01-21 00:00:00;2026-01-21 00:00:00;256;1;APROBADO;2026-01-30 00:00:00;WMELCHOR;2026-02-03 00:00:00;DFARRO;2026-02-05 00:00:00;;;166;1;APROBADO;2026-02-03 00:00:00;CVELASQUEZ;2026-02-05 00:00:00;;;20508057785;CONSTRUCCIONES INGENIERIA Y MONTAJE;FL13;YA01;40014042;;;;10;7000000307;20;;2026-02-06 00:00:00;ABAMONDE;Liberado;2026-02-06 00:00:00;2026-02-07 00:00:00;WILMER NELSON MELCHOR;G10;GIORDANNO ALTAMIRA;1;Emergencia I (en operación);;2707;GGALLO;2026-02-17 00:00:00;2026-01-30 00:00:00;2026-01-30 00:00:00;5105603064;2026;01-E001-00002081;20260213;20260228;3100005771;1000009272;20260306;2026-02-05 00:00:00;2026-02-13 00:00:00;2026-03-06 00:00:00;15;0;1;1;10;-4;21;44;28
3000001244;10;;Liberado;2026-01-21 00:00:00;2026-01-21 00:00:00;317;1;APROBADO;2026-02-04 00:00:00;WMELCHOR;2026-02-04 00:00:00;DFARRO;2026-02-05 00:00:00;;;182;1;APROBADO;2026-02-03 00:00:00;CVELASQUEZ;2026-02-05 00:00:00;;;20551745989;J.O. ALEXIN E.I.R.L.;FL13;YA01;40014043;;;;10;7000000356;80;;2026-02-09 00:00:00;ABAMONDE;Liberado;2026-02-10 00:00:00;2026-02-11 00:00:00;WILMER NELSON MELCHOR;G02;ISAAC ARCE;1;Emergencia I (en operación);;2831;GGALLO;2026-02-19 00:00:00;2026-01-29 00:00:00;2026-01-30 00:00:00;5105602591;2026;01-E001-00001075;20260220;20260223;3100004620;1000007667;20260224;2026-02-05 00:00:00;2026-02-20 00:00:00;2026-02-24 00:00:00;15;0;4;2;8;1;4;34;15
3000001246;10;;Liberado;2026-01-21 00:00:00;2026-01-21 00:00:00;817;1;APROBADO;2026-03-12 00:00:00;CVELASQUEZ;2026-03-17 00:00:00;DFARRO;2026-03-22 00:00:00;;;572;1;APROBADO;2026-03-11 00:00:00;WMELCHOR;2026-03-16 00:00:00;;;20602226400;M TEMOCHE S.A.C.;FL19;YA01;40014046;;;;10;7000001213;30;;2026-03-30 00:00:00;LOSORIO;Liberado;2026-03-30 00:00:00;2026-03-31 00:00:00;CESAR AUGUSTO VELASQUEZ;G12;RENZO CÁCERES;1;Emergencia I (en operación);;5642;GRONCAL;2026-04-06 00:00:00;2026-03-03 00:00:00;2026-03-09 00:00:00;5105607516;2026;01-E001-00000841;20260408;20260410;3100014017;1000015977;20260420;2026-03-22 00:00:00;2026-04-08 00:00:00;2026-04-20 00:00:00;60;-6;14;1;6;2;12;89;21
3000001250;10;;Liberado;2026-01-21 00:00:00;2026-01-21 00:00:00;626;1;APROBADO;2026-03-02 00:00:00;WYOMONA;2026-03-02 00:00:00;DFARRO;2026-03-10 00:00:00;;;380;1;APROBADO;2026-02-25 00:00:00;CDELACRUZ;2026-02-26 00:00:00;;;20601469635;SERJES CORPORATION S.A.C.;FL18;YA01;40014051;;;;20;7000001118;70;;2026-03-25 00:00:00;LOSORIO;Liberado;2026-03-25 00:00:00;2026-03-27 00:00:00;WILHELM YOMONA;G12;RENZO CÁCERES;1;Emergencia I (en operación);;5394;GRONCAL;2026-03-30 00:00:00;2026-03-02 00:00:00;2026-03-02 00:00:00;5105606501;2026;01-E001-00000454;20260331;20260331;3100011977;1000013332;20260401;2026-03-10 00:00:00;2026-03-31 00:00:00;2026-04-01 00:00:00;48;-12;27;2;3;1;1;70;7
3000001252;10;;Liberado;2026-01-21 00:00:00;2026-01-21 00:00:00;120;1;APROBADO;2026-01-23 00:00:00;CDELACRUZ;2026-02-03 00:00:00;DFARRO;2026-02-05 00:00:00;;;143;1;APROBADO;2026-02-02 00:00:00;CDELACRUZ;2026-02-04 00:00:00;;;20445526127;SERVICIOS INDUSTRIALES HALAVISI S.A;FL04;YA01;40014055;;;;10;7000000387;60;;2026-02-10 00:00:00;LOSORIO;Liberado;2026-02-11 00:00:00;2026-02-12 00:00:00;CARLOS BERARDO DE LA CRUZ;G12;RENZO CÁCERES;1;Emergencia I (en operación);;2852;GGALLO;2026-02-19 00:00:00;2026-01-29 00:00:00;2026-01-29 00:00:00;5105602769;2026;01-E001-00001921;20260218;20260226;3100005033;1000010119;20260311;2026-02-05 00:00:00;2026-02-18 00:00:00;2026-03-11 00:00:00;15;-1;6;2;7;-1;21;49;29
3000001253;10;;Liberado;2026-01-21 00:00:00;2026-01-21 00:00:00;624;1;APROBADO;2026-03-02 00:00:00;WFELIPE;2026-03-02 00:00:00;DFARRO;2026-03-10 00:00:00;;;400;1;APROBADO;2026-03-02 00:00:00;WFELIPE;2026-03-02 00:00:00;;;20544734947;CONZAR INDUSTRIAL S.A.C;FL08;YA01;40014057;;;;10;7000000522;10;;2026-02-19 00:00:00;ABAMONDE;Liberado;2026-02-19 00:00:00;2026-02-21 00:00:00;WALTER SULLIVAN FELIPE;G12;RENZO CÁCERES;1;Emergencia I (en operación);;3926;GRONCAL;2026-03-12 00:00:00;2026-02-19 00:00:00;2026-02-20 00:00:00;5105605980;2026;01-E001-00001756;20260313;20260327;3100011256;1000015175;20260410;2026-03-10 00:00:00;2026-03-13 00:00:00;2026-04-10 00:00:00;48;-8;-11;2;19;1;28;79;50
3000001255;10;;Liberado;2026-01-21 00:00:00;2026-01-21 00:00:00;188;1;APROBADO;2026-01-27 00:00:00;WMELCHOR;2026-02-03 00:00:00;DFARRO;2026-02-05 00:00:00;;;143;1;APROBADO;2026-02-02 00:00:00;CDELACRUZ;2026-02-04 00:00:00;;;20445526127;SERVICIOS INDUSTRIALES HALAVISI S.A;FL13;YA01;40014059;;;;30;7000000387;70;;2026-02-10 00:00:00;LOSORIO;Liberado;2026-02-11 00:00:00;2026-02-12 00:00:00;WILMER NELSON MELCHOR;G12;RENZO CÁCERES;1;Emergencia I (en operación);;2852;GGALLO;2026-02-19 00:00:00;2026-01-29 00:00:00;2026-01-30 00:00:00;5105602769;2026;01-E001-00001921;20260218;20260226;3100005033;1000010119;20260311;2026-02-05 00:00:00;2026-02-18 00:00:00;2026-03-11 00:00:00;15;-1;6;2;7;-1;21;49;29
3000001256;10;;Liberado;2026-01-21 00:00:00;2026-01-21 00:00:00;280;1;APROBADO;2026-02-03 00:00:00;WMELCHOR;2026-02-03 00:00:00;DFARRO;2026-02-05 00:00:00;;;37;1;APROBADO;2026-01-26 00:00:00;CDELACRUZ;2026-01-31 00:00:00;;;20605437894;HYDRAULICA TECNICA MARINA S.A.C.;FL13;YA01;40014060;;;;10;7000000316;40;;2026-02-06 00:00:00;ABAMONDE;Liberado;2026-02-06 00:00:00;2026-02-07 00:00:00;WILMER NELSON MELCHOR;G10;GIORDANNO ALTAMIRA;1;Emergencia I (en operación);;2709;GGALLO;2026-02-17 00:00:00;2026-01-29 00:00:00;2026-01-30 00:00:00;5105604390;2026;01-E001-00001525;20260226;20260312;3100008258;1000011436;20260322;2026-02-05 00:00:00;2026-02-26 00:00:00;2026-03-22 00:00:00;15;-5;6;1;10;9;24;60;44
3000001257;10;;Liberado;2026-01-21 00:00:00;2026-01-21 00:00:00;822;1;APROBADO;2026-03-12 00:00:00;WFELIPE;2026-04-10 00:00:00;DFARRO;2026-04-10 00:00:00;;;901;1;APROBADO;2026-04-06 00:00:00;WFELIPE;2026-04-10 00:00:00;;;20602226400;M TEMOCHE S.A.C.;FL07;YA01;40014062;;;;10;7000001740;50;;2026-04-24 00:00:00;LOSORIO;Liberado;2026-04-24 00:00:00;2026-04-27 00:00:00;WALTER SULLIVAN FELIPE;G02;ISAAC ARCE;1;Emergencia I (en operación);;10790;INTEGRA_AP;2026-04-28 00:00:00;2026-02-20 00:00:00;2026-02-23 00:00:00;5105609868;2026;01-E001-00000847;20260430;20260430;3100018526;1000019040;20260510;2026-04-10 00:00:00;2026-04-30 00:00:00;2026-05-10 00:00:00;79;0;14;3;1;2;10;109;16
3000001260;10;;Liberado;2026-01-21 00:00:00;2026-01-21 00:00:00;470;1;APROBADO;2026-02-17 00:00:00;WYOMONA;2026-02-17 00:00:00;DFARRO;2026-02-25 00:00:00;;;305;1;APROBADO;2026-02-17 00:00:00;JSALINAS;2026-02-19 00:00:00;;;20514598224;ROBINSON MARINE ELECTRONICS S.R.L.;FL10;YA01;40014065;;;;10;7000000896;40;;2026-03-12 00:00:00;LOSORIO;Liberado;2026-03-13 00:00:00;2026-03-16 00:00:00;WILHELM YOMONA;G10;GIORDANNO ALTAMIRA;1;Emergencia I (en operación);;4367;GRONCAL;2026-03-17 00:00:00;2026-02-16 00:00:00;2026-02-17 00:00:00;5105606367;2026;01-F001-00003209;20260320;20260330;3100011725;1000017097;20260424;2026-02-25 00:00:00;2026-03-20 00:00:00;2026-04-24 00:00:00;35;-6;21;4;1;3;35;93;43
3000001263;10;;Liberado;2026-01-21 00:00:00;2026-01-21 00:00:00;1589;1;APROBADO;2026-05-05 00:00:00;WFELIPE;2026-05-23 00:00:00;DFARRO;2026-05-30 00:00:00;;;2003;1;APROBADO;2026-05-05 00:00:00;WFELIPE;2026-05-23 00:00:00;;;20544734947;CONZAR INDUSTRIAL S.A.C;FL17;YA01;40014070;;;;10;7000002629;10;;2026-06-11 00:00:00;LMENDOZAH;Liberado;2026-06-12 00:00:00;2026-06-15 00:00:00;WALTER SULLIVAN FELIPE;G14;GERALDINE SANCHEZ;1;Emergencia I (en operación);;13966;INTEGRA_AP;2026-06-15 00:00:00;2026-04-21 00:00:00;2026-04-27 00:00:00;5105613375;2026;01-E001-00001906;20260617;20260618;3100026258;1000029522;20260716;2026-05-30 00:00:00;2026-06-17 00:00:00;2026-07-16 00:00:00;129;-7;19;4;0;2;29;176;35
3000001264;10;;Liberado;2026-01-21 00:00:00;2026-01-21 00:00:00;1834;1;APROBADO;2026-05-21 00:00:00;WFELIPE;2026-05-23 00:00:00;DFARRO;2026-05-30 00:00:00;;;2494;1;APROBADO;2026-05-21 00:00:00;WFELIPE;2026-05-23 00:00:00;;;20504991467;FABRICACIONES ELECTRICAS GENERALES;FL17;YA01;40014070;;;;20;7000002625;10;;2026-06-11 00:00:00;LMENDOZAH;Liberado;2026-06-12 00:00:00;2026-06-15 00:00:00;WALTER SULLIVAN FELIPE;G14;GERALDINE SANCHEZ;1;Emergencia I (en operación);;13958;INTEGRA_AP;2026-06-15 00:00:00;2026-04-27 00:00:00;2026-04-27 00:00:00;5105613340;2026;01-F001-00003038;20260617;20260617;3100026165;1000026747;20260626;2026-05-30 00:00:00;2026-06-17 00:00:00;2026-06-26 00:00:00;129;-7;19;4;0;2;9;156;15
3000001267;10;;Liberado;2026-01-21 00:00:00;2026-01-21 00:00:00;110;1;APROBADO;2026-01-22 00:00:00;WMELCHOR;2026-01-29 00:00:00;DFARRO;2026-02-05 00:00:00;;;28;1;APROBADO;2026-01-29 00:00:00;WMELCHOR;2026-01-29 00:00:00;;;20110154098;SERVICIOS ELECTROM.-INDUSTRIALES S.;FL25;YA01;40014077;;;;10;7000000385;10;;2026-02-10 00:00:00;ABAMONDE;Liberado;2026-02-11 00:00:00;2026-02-12 00:00:00;WILMER NELSON MELCHOR;G14;GERALDINE SANCHEZ;1;Emergencia I (en operación);;2845;GGALLO;2026-02-19 00:00:00;2026-01-23 00:00:00;2026-01-23 00:00:00;5105603550;2026;01-E001-00000618;20260220;20260305;3100006608;1000010020;20260310;2026-02-05 00:00:00;2026-02-20 00:00:00;2026-03-10 00:00:00;15;-7;12;2;7;1;18;48;28
3000001268;10;;Liberado;2026-01-21 00:00:00;2026-01-21 00:00:00;141;1;APROBADO;2026-01-24 00:00:00;WMELCHOR;2026-01-29 00:00:00;DFARRO;2026-02-05 00:00:00;;;102;1;APROBADO;2026-01-30 00:00:00;CDELACRUZ;2026-01-31 00:00:00;;;20607753459;RPP TEC S.A.C.;FL25;YA01;40014077;;;;20;7000000373;20;;2026-02-10 00:00:00;ABAMONDE;Liberado;2026-02-11 00:00:00;2026-02-12 00:00:00;WILMER NELSON MELCHOR;G14;GERALDINE SANCHEZ;1;Emergencia I (en operación);;3515;GGALLO;2026-03-04 00:00:00;2026-01-23 00:00:00;2026-01-23 00:00:00;5105604716;2026;01-E001-00000351;20260306;20260317;3100008826;1000011446;20260322;2026-02-05 00:00:00;2026-03-06 00:00:00;2026-03-22 00:00:00;15;-5;10;2;20;2;16;60;40
3000001271;10;;Liberado;2026-01-21 00:00:00;2026-01-21 00:00:00;156;1;APROBADO;2026-01-25 00:00:00;WYOMONA;2026-01-26 00:00:00;DFARRO;2026-01-27 00:00:00;;;42;1;APROBADO;2026-01-26 00:00:00;WYOMONA;2026-01-27 00:00:00;;;20445409911;REPARACIONES Y SERVICIOS NAVALES CH;FL18;YA01;40014080;;;;20;7000000125;50;;2026-01-28 00:00:00;ABAMONDE;Liberado;2026-01-29 00:00:00;2026-01-30 00:00:00;WILHELM YOMONA;G12;RENZO CÁCERES;1;Emergencia I (en operación);;1949;GGALLO;2026-02-03 00:00:00;2026-01-24 00:00:00;2026-01-24 00:00:00;5105601738;2026;01-E001-00001389;20260206;20260211;3100003097;1000006811;20260218;2026-01-27 00:00:00;2026-02-06 00:00:00;2026-02-18 00:00:00;6;0;1;2;4;3;12;28;21
3000001274;10;;Liberado;2026-01-21 00:00:00;2026-01-21 00:00:00;531;1;APROBADO;2026-02-23 00:00:00;WFELIPE;2026-02-26 00:00:00;DFARRO;2026-02-26 00:00:00;;;351;1;RECHAZADO;2026-02-23 00:00:00;WFELIPE;2026-02-26 00:00:00;WFELIPE;46167;20514785768;GELBEN EIRL;FL17;YA01;40014085;;;;20;7000002890;10;;2026-06-30 00:00:00;LMENDOZAH;Liberado;2026-06-30 00:00:00;2026-07-03 00:00:00;WALTER SULLIVAN FELIPE;G12;RENZO CÁCERES;1;Emergencia I (en operación);;14751;INTEGRA_AP;2026-07-03 00:00:00;2026-02-19 00:00:00;2026-02-20 00:00:00;5105614543;2026;01-E001-00002284;20260709;20260709;3100029887;1000033033;20260814;2026-02-26 00:00:00;2026-07-09 00:00:00;2026-08-14 00:00:00;36;0;124;3;0;6;36;205;45
3000001274;10;;Liberado;2026-01-21 00:00:00;2026-01-21 00:00:00;531;2;APROBADO;2026-05-25 00:00:00;WFELIPE;2026-06-09 00:00:00;DFARRO;2026-06-09 00:00:00;;;351;1;RECHAZADO;2026-02-23 00:00:00;WFELIPE;2026-02-26 00:00:00;WFELIPE;46167;20514785768;GELBEN EIRL;FL17;YA01;40014085;;;;20;7000002890;10;;2026-06-30 00:00:00;LMENDOZAH;Liberado;2026-06-30 00:00:00;2026-07-03 00:00:00;WALTER SULLIVAN FELIPE;G12;RENZO CÁCERES;1;Emergencia I (en operación);;14751;INTEGRA_AP;2026-07-03 00:00:00;2026-02-19 00:00:00;2026-02-20 00:00:00;5105614543;2026;01-E001-00002284;20260709;20260709;3100029887;1000033033;20260814;2026-06-09 00:00:00;2026-07-09 00:00:00;2026-08-14 00:00:00;139;-103;124;3;0;6;36;205;45
3000001276;10;;Liberado;2026-01-21 00:00:00;2026-01-21 00:00:00;2020;1;APROBADO;2026-06-16 00:00:00;JSALINAS;2026-06-16 00:00:00;DFARRO;2026-06-22 00:00:00;;;2976;1;APROBADO;2026-06-16 00:00:00;JSALINAS;2026-06-16 00:00:00;;;10425629935;JESUS MARTIN MATIAS GUTIERREZ;FL24;YA01;40014088;;;;10;7000002924;20;;2026-07-02 00:00:00;LMENDOZAH;Liberado;2026-07-02 00:00:00;2026-07-03 00:00:00;JUAN CARLOS SALINAS;G10;GIORDANNO ALTAMIRA;1;Emergencia I (en operación);;14746;INTEGRA_AP;2026-07-03 00:00:00;2026-06-22 00:00:00;2026-06-24 00:00:00;#N/A;#N/A;#N/A;#N/A;#N/A;#N/A;#N/A;#N/A;2026-06-22 00:00:00;;;152;-6;16;1;0;Pendiente;Pendiente;Pendiente;Pendiente
3000001276;10;;Liberado;2026-01-21 00:00:00;2026-01-21 00:00:00;2020;1;APROBADO;2026-06-16 00:00:00;JSALINAS;2026-06-16 00:00:00;DFARRO;2026-06-22 00:00:00;;;2976;1;APROBADO;2026-06-16 00:00:00;JSALINAS;2026-06-16 00:00:00;;;10425629935;JESUS MARTIN MATIAS GUTIERREZ;FL24;YA01;40014088;;;;10;7000002924;20;;2026-07-02 00:00:00;LMENDOZAH;Liberado;2026-07-02 00:00:00;2026-07-03 00:00:00;JUAN CARLOS SALINAS;G10;GIORDANNO ALTAMIRA;1;Emergencia I (en operación);;14746;INTEGRA_AP;2026-07-03 00:00:00;2026-06-22 00:00:00;2026-06-24 00:00:00;#N/A;#N/A;#N/A;#N/A;#N/A;#N/A;#N/A;#N/A;2026-06-22 00:00:00;;;152;-6;16;1;0;Pendiente;Pendiente;Pendiente;Pendiente
3000001278;10;;Liberado;2026-01-21 00:00:00;2026-01-21 00:00:00;142;1;APROBADO;2026-01-24 00:00:00;WMELCHOR;2026-01-30 00:00:00;DFARRO;2026-02-05 00:00:00;;;102;1;APROBADO;2026-01-30 00:00:00;CDELACRUZ;2026-01-31 00:00:00;;;20607753459;RPP TEC S.A.C.;FL25;YA01;40014095;;;;10;7000000373;30;;2026-02-10 00:00:00;ABAMONDE;Liberado;2026-02-11 00:00:00;2026-02-12 00:00:00;WILMER NELSON MELCHOR;G14;GERALDINE SANCHEZ;1;Emergencia I (en operación);;3515;GGALLO;2026-03-04 00:00:00;2026-01-23 00:00:00;2026-01-23 00:00:00;5105604716;2026;01-E001-00000351;20260306;20260317;3100008826;1000011446;20260322;2026-02-05 00:00:00;2026-03-06 00:00:00;2026-03-22 00:00:00;15;-5;10;2;20;2;16;60;40
3000001279;10;;Liberado;2026-01-21 00:00:00;2026-01-21 00:00:00;814;1;APROBADO;2026-03-12 00:00:00;JSALINAS;2026-03-16 00:00:00;DFARRO;2026-03-22 00:00:00;;;21;1;APROBADO;2026-03-10 00:00:00;WYOMONA;2026-03-11 00:00:00;;;20602226400;M TEMOCHE S.A.C.;FL23;YA01;40014098;;;;10;7000001266;40;;2026-04-01 00:00:00;RCACERES;Liberado;2026-04-01 00:00:00;2026-04-02 00:00:00;JUAN CARLOS SALINAS;G02;ISAAC ARCE;1;Emergencia I (en operación);;5639;GRONCAL;2026-04-06 00:00:00;2026-03-03 00:00:00;2026-03-04 00:00:00;5105607517;2026;01-E001-00000842;20260408;20260410;3100014018;1000015977;20260420;2026-03-22 00:00:00;2026-04-08 00:00:00;2026-04-20 00:00:00;60;-11;21;1;4;2;12;89;19
3000001280;10;;Liberado;2026-01-21 00:00:00;2026-01-21 00:00:00;376;1;APROBADO;2026-02-10 00:00:00;WYOMONA;2026-02-11 00:00:00;DFARRO;2026-02-25 00:00:00;;;20;1;APROBADO;2026-01-21 00:00:00;WFELIPE;2026-02-06 00:00:00;;;20445526127;SERVICIOS INDUSTRIALES HALAVISI S.A;FL09;YA01;40014099;;;;10;7000000840;20;;2026-03-09 00:00:00;LOSORIO;Liberado;2026-03-10 00:00:00;2026-03-11 00:00:00;WILHELM YOMONA;G12;RENZO CÁCERES;1;Emergencia I (en operación);;3909;GRONCAL;2026-03-12 00:00:00;2026-02-09 00:00:00;2026-02-09 00:00:00;5105605141;2026;01-E001-00001939;20260312;20260319;3100009610;1000022569;20260531;2026-02-25 00:00:00;2026-03-12 00:00:00;2026-05-31 00:00:00;35;-19;31;2;1;0;80;130;83
3000001286;10;;Liberado;2026-01-21 00:00:00;2026-01-21 00:00:00;517;1;APROBADO;2026-02-20 00:00:00;WMELCHOR;2026-02-23 00:00:00;DFARRO;2026-02-25 00:00:00;;;305;1;APROBADO;2026-02-17 00:00:00;JSALINAS;2026-02-19 00:00:00;;;20514598224;ROBINSON MARINE ELECTRONICS S.R.L.;FL25;YA01;40014108;;;;10;7000000896;50;;2026-03-12 00:00:00;LOSORIO;Liberado;2026-03-13 00:00:00;2026-03-16 00:00:00;WILMER NELSON MELCHOR;G14;GERALDINE SANCHEZ;1;Emergencia I (en operación);;4367;GRONCAL;2026-03-17 00:00:00;2026-02-18 00:00:00;2026-02-19 00:00:00;5105606367;2026;01-F001-00003209;20260320;20260330;3100011725;1000017097;20260424;2026-02-25 00:00:00;2026-03-20 00:00:00;2026-04-24 00:00:00;35;-6;21;4;1;3;35;93;43
3000001286;10;;Liberado;2026-01-21 00:00:00;2026-01-21 00:00:00;517;1;APROBADO;2026-02-20 00:00:00;WMELCHOR;2026-02-23 00:00:00;DFARRO;2026-02-25 00:00:00;;;305;1;APROBADO;2026-02-17 00:00:00;JSALINAS;2026-02-19 00:00:00;;;20514598224;ROBINSON MARINE ELECTRONICS S.R.L.;FL25;YA01;40014108;;;;10;7000000896;50;;2026-03-12 00:00:00;LOSORIO;Liberado;2026-03-13 00:00:00;2026-03-16 00:00:00;WILMER NELSON MELCHOR;G14;GERALDINE SANCHEZ;1;Emergencia I (en operación);;4367;GRONCAL;2026-03-17 00:00:00;2026-02-18 00:00:00;2026-02-19 00:00:00;5105606367;2026;01-F001-00003209;20260320;20260330;3100011725;1000017097;20260424;2026-02-25 00:00:00;2026-03-20 00:00:00;2026-04-24 00:00:00;35;-6;21;4;1;3;35;93;43
3000001287;10;;Liberado;2026-01-21 00:00:00;2026-01-21 00:00:00;322;1;APROBADO;2026-02-04 00:00:00;CVELASQUEZ;2026-02-05 00:00:00;DFARRO;2026-02-25 00:00:00;;;174;1;APROBADO;2026-02-03 00:00:00;WYOMONA;2026-02-06 00:00:00;;;20551745989;J.O. ALEXIN E.I.R.L.;FL14;YA01;40014110;;;;10;7000000903;40;;2026-03-12 00:00:00;LOSORIO;Liberado;2026-03-13 00:00:00;2026-03-16 00:00:00;WILHELM YOMONA;G02;ISAAC ARCE;1;Emergencia I (en operación);;4387;GRONCAL;2026-03-17 00:00:00;2026-01-27 00:00:00;2026-01-27 00:00:00;5105604977;2026;01-E001-00001106;20260318;20260318;3100009351;1000011486;20260322;2026-02-25 00:00:00;2026-03-18 00:00:00;2026-03-22 00:00:00;35;-19;34;4;1;1;4;60;10
3000001288;10;;Liberado;2026-01-21 00:00:00;2026-01-21 00:00:00;401;1;APROBADO;2026-02-11 00:00:00;WYOMONA;2026-02-11 00:00:00;DFARRO;2026-02-26 00:00:00;;;273;1;APROBADO;2026-02-13 00:00:00;WYOMONA;2026-02-17 00:00:00;;;20602892108;JORLE INDUSTRIAL S.A.C.;FL14;YA01;40014111;;;;10;7000000922;60;;2026-03-13 00:00:00;LOSORIO;Liberado;2026-03-16 00:00:00;2026-03-16 00:00:00;WILHELM YOMONA;G14;GERALDINE SANCHEZ;1;Emergencia I (en operación);;4394;GRONCAL;2026-03-17 00:00:00;2026-02-11 00:00:00;2026-02-13 00:00:00;5105605489;2026;01-F002-00004197;20260319;20260324;3100010186;1000015974;20260420;2026-02-26 00:00:00;2026-03-19 00:00:00;2026-04-20 00:00:00;36;-9;24;3;1;2;32;89;38
3000001290;10;;Liberado;2026-01-21 00:00:00;2026-01-21 00:00:00;453;1;APROBADO;2026-02-16 00:00:00;JSALINAS;2026-02-16 00:00:00;DFARRO;2026-02-25 00:00:00;;;296;1;APROBADO;2026-02-16 00:00:00;JSALINAS;2026-02-16 00:00:00;;;20506288178;ASAP CONSULTING GROUP S.A.C;FL24;YA01;40014113;;;;10;7000000885;20;;2026-03-12 00:00:00;LOSORIO;Liberado;2026-03-13 00:00:00;2026-03-14 00:00:00;JUAN CARLOS SALINAS;G02;ISAAC ARCE;1;Emergencia I (en operación);;4363;GRONCAL;2026-03-17 00:00:00;2026-02-06 00:00:00;2026-02-09 00:00:00;5105606104;2026;01-F001-00006621;20260318;20260330;3100011406;1000015288;20260414;2026-02-25 00:00:00;2026-03-18 00:00:00;2026-04-14 00:00:00;35;-9;24;2;3;1;27;83;33
3000001302;10;;Liberado;2026-01-22 00:00:00;2026-01-22 00:00:00;139;1;RECHAZADO;2026-01-23 00:00:00;;;;;WRODRIGUEZS;2026-01-28 00:00:00;324;1;APROBADO;2026-02-19 00:00:00;GMENDOZA;2026-03-02 00:00:00;;;20549357149;FIC PROYECTOS FABRICACIONES Y MONTA;AG04;YA04;50000018;;;;70;7000000509;10;;2026-02-18 00:00:00;IARCE;Liberado;2026-02-18 00:00:00;2026-02-19 00:00:00;JOE LUIS GONZALES;G02;ISAAC ARCE;1;Emergencia I (en operación);;3401;INTEGRA_AP;2026-03-02 00:00:00;;;5105603412;2026;01-E001-00000064;20260303;20260304;3100006433;1000009297;20260306;;2026-03-03 00:00:00;2026-03-06 00:00:00;Pendiente;Pendiente;-12;1;11;1;3;43;16
3000001302;10;;Liberado;2026-01-22 00:00:00;2026-01-22 00:00:00;139;2;APROBADO;2026-01-28 00:00:00;WRODRIGUEZS;2026-02-03 00:00:00;WRODRIGUEZS;2026-02-03 00:00:00;;;324;1;APROBADO;2026-02-19 00:00:00;GMENDOZA;2026-03-02 00:00:00;;;20549357149;FIC PROYECTOS FABRICACIONES Y MONTA;AG04;YA04;50000018;;;;70;7000000509;10;;2026-02-18 00:00:00;IARCE;Liberado;2026-02-18 00:00:00;2026-02-19 00:00:00;JOE LUIS GONZALES;G02;ISAAC ARCE;1;Emergencia I (en operación);;3401;INTEGRA_AP;2026-03-02 00:00:00;;;5105603412;2026;01-E001-00000064;20260303;20260304;3100006433;1000009297;20260306;2026-02-03 00:00:00;2026-03-03 00:00:00;2026-03-06 00:00:00;12;27;-12;1;11;1;3;43;16
3000001308;10;;Liberado;2026-01-22 00:00:00;2026-01-22 00:00:00;105;1;APROBADO;2026-01-22 00:00:00;RBLONDET;2026-01-26 00:00:00;RBLONDET;2026-01-26 00:00:00;;;577;1;APROBADO;2026-03-11 00:00:00;JLIZARBE;2026-03-12 00:00:00;;;20533194916;SERVICIOS GENERALES WOLF E.I.R.L.;AG08;YA01;40011306;;;;10;7000000765;30;;2026-03-04 00:00:00;LOSORIO;Liberado;2026-03-04 00:00:00;2026-03-05 00:00:00;JESUS ANGEL LIZARBE;G02;ISAAC ARCE;1;Emergencia I (en operación);;3880;INTEGRA_AP;2026-03-12 00:00:00;;;5105605578;2026;01-E001-00000906;20260312;20260324;3100010275;1000012323;20260329;2026-01-26 00:00:00;2026-03-12 00:00:00;2026-03-29 00:00:00;4;45;-8;1;7;0;17;66;25
3000001313;10;;Liberado;2026-01-22 00:00:00;2026-01-22 00:00:00;100;1;APROBADO;2026-01-22 00:00:00;RBLONDET;2026-01-26 00:00:00;RBLONDET;2026-01-26 00:00:00;;;577;1;APROBADO;2026-03-11 00:00:00;JLIZARBE;2026-03-12 00:00:00;;;20533194916;SERVICIOS GENERALES WOLF E.I.R.L.;AG08;YA01;40011271;;;;10;7000000765;40;;2026-03-04 00:00:00;LOSORIO;Liberado;2026-03-04 00:00:00;2026-03-05 00:00:00;JESUS ANGEL LIZARBE;G02;ISAAC ARCE;1;Emergencia I (en operación);;3880;INTEGRA_AP;2026-03-12 00:00:00;;;5105605578;2026;01-E001-00000906;20260312;20260324;3100010275;1000012323;20260329;2026-01-26 00:00:00;2026-03-12 00:00:00;2026-03-29 00:00:00;4;45;-8;1;7;0;17;66;25
3000001356;10;;Liberado;2026-01-22 00:00:00;2026-01-22 00:00:00;254;1;RECHAZADO;2026-01-30 00:00:00;;;;;JCUSTODIO;2026-02-02 00:00:00;865;1;APROBADO;2026-03-31 00:00:00;JSALINAS;2026-04-01 00:00:00;;;20544734947;CONZAR INDUSTRIAL S.A.C;FL23;YA04;50000043;;;;60;7000001139;10;;2026-03-26 00:00:00;LOSORIO;Liberado;2026-03-26 00:00:00;2026-03-30 00:00:00;JUAN CARLOS SALINAS;G12;RENZO CÁCERES;14;Emergencia III (Veda);;5624;GRONCAL;2026-04-06 00:00:00;2026-02-19 00:00:00;2026-02-24 00:00:00;5105607842;2026;01-E001-00001791;20260410;20260414;3100014565;1000020228;20260507;;2026-04-10 00:00:00;2026-05-07 00:00:00;Pendiente;Pendiente;-6;4;7;4;27;105;42
3000001356;10;;Liberado;2026-01-22 00:00:00;2026-01-22 00:00:00;254;2;APROBADO;2026-02-03 00:00:00;JCUSTODIO;2026-03-09 00:00:00;JSALINAS;2026-03-11 00:00:00;;;865;1;APROBADO;2026-03-31 00:00:00;JSALINAS;2026-04-01 00:00:00;;;20544734947;CONZAR INDUSTRIAL S.A.C;FL23;YA04;50000043;;;;60;7000001139;10;;2026-03-26 00:00:00;LOSORIO;Liberado;2026-03-26 00:00:00;2026-03-30 00:00:00;JUAN CARLOS SALINAS;G12;RENZO CÁCERES;14;Emergencia III (Veda);;5624;GRONCAL;2026-04-06 00:00:00;2026-02-19 00:00:00;2026-02-24 00:00:00;5105607842;2026;01-E001-00001791;20260410;20260414;3100014565;1000020228;20260507;2026-03-11 00:00:00;2026-04-10 00:00:00;2026-05-07 00:00:00;48;21;-6;4;7;4;27;105;42
3000001362;10;;Liberado;2026-01-22 00:00:00;2026-01-22 00:00:00;210;1;APROBADO;2026-01-27 00:00:00;RBLONDET;2026-01-30 00:00:00;RBLONDET;2026-01-30 00:00:00;;;577;1;APROBADO;2026-03-11 00:00:00;JLIZARBE;2026-03-12 00:00:00;;;20533194916;SERVICIOS GENERALES WOLF E.I.R.L.;AG08;YA01;40014399;;;;40;7000000765;180;;2026-03-04 00:00:00;LOSORIO;Liberado;2026-03-04 00:00:00;2026-03-05 00:00:00;MARCO ANTONIO ASTRE;G02;ISAAC ARCE;1;Emergencia I (en operación);;3880;INTEGRA_AP;2026-03-12 00:00:00;;;5105605578;2026;01-E001-00000906;20260312;20260324;3100010275;1000012323;20260329;2026-01-30 00:00:00;2026-03-12 00:00:00;2026-03-29 00:00:00;8;41;-8;1;7;0;17;66;25
3000001431;10;;Liberado;2026-01-23 00:00:00;2026-01-23 00:00:00;1389;1;RECHAZADO;2026-04-16 00:00:00;;;;;AVASQUEZ;2026-04-16 00:00:00;3376;1;APROBADO;2026-07-21 00:00:00;CVELASQUEZ;2026-07-30 00:00:00;;;20541732960;SERVICIOS NAVALES PAREDES E.I.R.L.;FL10;YA02;40014333;;;;10;7000003049;10;;2026-07-09 00:00:00;LMENDOZAH;Liberado;2026-07-09 00:00:00;2026-07-16 00:00:00;WILHELM YOMONA;G02;ISAAC ARCE;14;Emergencia III (Veda);;15669;INTEGRA_AP;2026-07-30 00:00:00;2026-04-24 00:00:00;2026-04-25 00:00:00;5105615908;2026;01-E001-00000705;20260804;20260805;3100032875;;;;2026-08-04 00:00:00;;Pendiente;Pendiente;-21;7;14;5;Pendiente;Pendiente;Pendiente
3000001431;10;;Liberado;2026-01-23 00:00:00;2026-01-23 00:00:00;1389;2;APROBADO;2026-04-17 00:00:00;M-avasquez;2026-07-02 00:00:00;WYOMONA;2026-07-08 00:00:00;;;3376;1;APROBADO;2026-07-21 00:00:00;CVELASQUEZ;2026-07-30 00:00:00;;;20541732960;SERVICIOS NAVALES PAREDES E.I.R.L.;FL10;YA02;40014333;;;;10;7000003049;10;;2026-07-09 00:00:00;LMENDOZAH;Liberado;2026-07-09 00:00:00;2026-07-16 00:00:00;WILHELM YOMONA;G02;ISAAC ARCE;14;Emergencia III (Veda);;15669;INTEGRA_AP;2026-07-30 00:00:00;2026-04-24 00:00:00;2026-04-25 00:00:00;5105615908;2026;01-E001-00000705;20260804;20260805;3100032875;;;2026-07-08 00:00:00;2026-08-04 00:00:00;;166;22;-21;7;14;5;Pendiente;Pendiente;Pendiente
3000001437;10;;Liberado;2026-01-23 00:00:00;2026-01-23 00:00:00;1366;1;APROBADO;2026-04-15 00:00:00;AVASQUEZ;2026-04-16 00:00:00;WYOMONA;2026-04-16 00:00:00;;;1997;1;APROBADO;2026-05-05 00:00:00;WYOMONA;2026-05-05 00:00:00;;;20541732960;SERVICIOS NAVALES PAREDES E.I.R.L.;FL10;YA02;40014339;;;;10;7000001659;60;;2026-04-22 00:00:00;LOSORIO;Liberado;2026-04-22 00:00:00;2026-04-24 00:00:00;WILHELM YOMONA;G02;ISAAC ARCE;14;Emergencia III (Veda);;10781;INTEGRA_AP;2026-04-28 00:00:00;2026-04-28 00:00:00;2026-04-29 00:00:00;5105610629;2026;01-E001-00000659;20260508;20260513;3100019888;1000025179;20260612;2026-04-16 00:00:00;2026-05-08 00:00:00;2026-06-12 00:00:00;83;19;-13;2;4;10;35;140;51
3000001443;10;;Liberado;2026-01-23 00:00:00;2026-01-23 00:00:00;584;1;APROBADO;2026-02-27 00:00:00;JALVAP;2026-03-04 00:00:00;WMELCHOR;2026-03-06 00:00:00;;;652;1;APROBADO;2026-03-18 00:00:00;WMELCHOR;2026-03-23 00:00:00;;;20506288178;ASAP CONSULTING GROUP S.A.C;FL22;YA02;40014439;;;;10;7000000945;20;;2026-03-16 00:00:00;LOSORIO;Liberado;2026-03-17 00:00:00;2026-03-18 00:00:00;WILMER NELSON MELCHOR;G02;ISAAC ARCE;14;Emergencia III (Veda);;4873;GRONCAL;2026-03-25 00:00:00;2026-02-10 00:00:00;2026-02-16 00:00:00;5105606105;2026;01-F001-00006645;20260327;20260330;3100011407;1000017290;20260427;2026-03-06 00:00:00;2026-03-27 00:00:00;2026-04-27 00:00:00;42;17;-7;2;7;2;31;94;42
3000001452;10;;Liberado;2026-01-23 00:00:00;2026-01-23 00:00:00;1236;1;APROBADO;2026-04-13 00:00:00;LSANCHEZB;2026-04-15 00:00:00;CDELACRUZ;2026-04-29 00:00:00;;;2157;1;APROBADO;2026-05-11 00:00:00;CDELACRUZ;2026-05-13 00:00:00;;;20601469635;SERJES CORPORATION S.A.C.;FL16;YA02;40014390;;;;10;7000001958;10;;2026-05-05 00:00:00;LOSORIO;Liberado;2026-05-05 00:00:00;2026-05-07 00:00:00;CARLOS BERARDO DE LA CRUZ;G10;GIORDANNO ALTAMIRA;14;Emergencia III (Veda);;12244;INTEGRA_AP;2026-05-13 00:00:00;2026-04-22 00:00:00;2026-04-29 00:00:00;5105610951;2026;01-E001-00000465;20260514;20260515;3100020452;1000023009;20260601;2026-04-29 00:00:00;2026-05-14 00:00:00;2026-06-01 00:00:00;96;14;-8;2;6;1;18;129;27
3000001465;10;;Liberado;2026-01-23 00:00:00;2026-01-23 00:00:00;538;1;APROBADO;2026-02-23 00:00:00;JSALINAS;2026-02-25 00:00:00;DFARRO;2026-02-26 00:00:00;;;359;1;APROBADO;2026-02-24 00:00:00;JSALINAS;2026-02-25 00:00:00;;;20457230118;REFRINS SERVICE S.R.L.;FL24;YA01;40012740;;;;10;7000000895;70;;2026-03-12 00:00:00;LOSORIO;Liberado;2026-03-13 00:00:00;2026-03-16 00:00:00;JUAN CARLOS SALINAS;G01;JOSÉ BAZÁN;1;Emergencia I (en operación);;4351;GRONCAL;2026-03-17 00:00:00;2026-02-06 00:00:00;2026-02-09 00:00:00;5105605418;2026;01-E001-00001605;20260318;20260323;3100010015;1000012615;20260327;2026-02-26 00:00:00;2026-03-18 00:00:00;2026-03-27 00:00:00;34;-1;15;4;1;1;9;63;15
3000001466;10;;Liberado;2026-01-23 00:00:00;2026-01-23 00:00:00;498;1;RECHAZADO;2026-02-19 00:00:00;;;;;WRODRIGUEZS;2026-02-23 00:00:00;321;1;APROBADO;2026-02-19 00:00:00;MVELASQUEZ;2026-02-24 00:00:00;;;20543725821;DISTRIBUIDORA CUMMINS PERU S.A.C.;AG04;YA01;40014484;;;;10;7000000773;10;;2026-03-05 00:00:00;LOSORIO;Liberado;2026-03-05 00:00:00;2026-03-09 00:00:00;MISLER JOSSUE VELASQUEZ;G08;MADELINE FALCÓN;1;Emergencia I (en operación);;3841;MVELASQUEZ;2026-03-11 00:00:00;;;5105610849;2026;01-F006-00011928;20260430;20260514;3100020306;1000025257;20260612;;2026-04-30 00:00:00;2026-06-12 00:00:00;Pendiente;Pendiente;9;4;2;50;43;140;99
3000001466;10;;Liberado;2026-01-23 00:00:00;2026-01-23 00:00:00;498;2;APROBADO;2026-02-23 00:00:00;WRODRIGUEZS;2026-02-23 00:00:00;WRODRIGUEZS;2026-02-23 00:00:00;;;321;1;APROBADO;2026-02-19 00:00:00;MVELASQUEZ;2026-02-24 00:00:00;;;20543725821;DISTRIBUIDORA CUMMINS PERU S.A.C.;AG04;YA01;40014484;;;;10;7000000773;10;;2026-03-05 00:00:00;LOSORIO;Liberado;2026-03-05 00:00:00;2026-03-09 00:00:00;MISLER JOSSUE VELASQUEZ;G08;MADELINE FALCÓN;1;Emergencia I (en operación);;3841;MVELASQUEZ;2026-03-11 00:00:00;;;5105610849;2026;01-F006-00011928;20260430;20260514;3100020306;1000025257;20260612;2026-02-23 00:00:00;2026-04-30 00:00:00;2026-06-12 00:00:00;31;1;9;4;2;50;43;140;99
3000001473;10;;Liberado;2026-01-23 00:00:00;2026-01-23 00:00:00;530;1;APROBADO;2026-02-23 00:00:00;LSANCHEZB;2026-03-16 00:00:00;WFELIPE;2026-03-24 00:00:00;;;1055;1;APROBADO;2026-04-11 00:00:00;WYOMONA;2026-04-11 00:00:00;;;20601565839;REPRESENTACIONES TENA S.A.C.- R.TEN;FL17;YA02;40013673;;;;10;7000001309;10;;2026-04-01 00:00:00;LOSORIO;Liberado;2026-04-05 00:00:00;2026-04-06 00:00:00;WALTER SULLIVAN FELIPE;G02;ISAAC ARCE;14;Emergencia III (Veda);;6180;INTEGRA_AP;2026-04-11 00:00:00;2026-03-28 00:00:00;2026-04-09 00:00:00;5105609936;2026;01-E001-00000395;20260504;20260505;3100018690;1000019071;20260507;2026-03-24 00:00:00;2026-05-04 00:00:00;2026-05-07 00:00:00;60;18;-10;5;5;23;3;104;36
3000001477;10;;Liberado;2026-01-23 00:00:00;2026-01-23 00:00:00;1658;1;APROBADO;2026-05-07 00:00:00;MORTIZ;2026-05-08 00:00:00;M-wfelipe;2026-05-11 00:00:00;;;2540;1;APROBADO;2026-05-22 00:00:00;WFELIPE;2026-05-23 00:00:00;;;20602226400;M TEMOCHE S.A.C.;FL17;YA02;40013677;;;;10;7000002175;30;;2026-05-15 00:00:00;LOSORIO;Liberado;2026-05-15 00:00:00;2026-05-18 00:00:00;WALTER SULLIVAN FELIPE;G02;ISAAC ARCE;14;Emergencia III (Veda);;12976;INTEGRA_AP;2026-05-21 00:00:00;2026-04-21 00:00:00;2026-04-22 00:00:00;5105612172;2026;01-E001-00000862;20260527;20260529;3100023698;1000023765;20260605;2026-05-11 00:00:00;2026-05-27 00:00:00;2026-06-05 00:00:00;108;12;-8;3;3;6;9;133;21
3000001479;10;;Liberado;2026-01-23 00:00:00;2026-01-23 00:00:00;1659;1;APROBADO;2026-05-07 00:00:00;MORTIZ;2026-05-08 00:00:00;M-wfelipe;2026-05-11 00:00:00;;;2540;1;APROBADO;2026-05-22 00:00:00;WFELIPE;2026-05-23 00:00:00;;;20602226400;M TEMOCHE S.A.C.;FL17;YA02;40013679;;;;10;7000002175;50;;2026-05-15 00:00:00;LOSORIO;Liberado;2026-05-15 00:00:00;2026-05-18 00:00:00;WALTER SULLIVAN FELIPE;G02;ISAAC ARCE;14;Emergencia III (Veda);;12976;INTEGRA_AP;2026-05-21 00:00:00;2026-04-21 00:00:00;2026-04-23 00:00:00;5105612172;2026;01-E001-00000862;20260527;20260529;3100023698;1000023765;20260605;2026-05-11 00:00:00;2026-05-27 00:00:00;2026-06-05 00:00:00;108;12;-8;3;3;6;9;133;21
3000001511;10;;Liberado;2026-01-23 00:00:00;2026-01-23 00:00:00;518;1;APROBADO;2026-02-20 00:00:00;LSANCHEZB;2026-03-03 00:00:00;JSALINAS;2026-03-04 00:00:00;;;633;1;APROBADO;2026-03-17 00:00:00;JSALINAS;2026-03-20 00:00:00;;;20607753459;RPP TEC S.A.C.;FL11;YA02;40014391;;;;10;7000000933;10;;2026-03-13 00:00:00;LOSORIO;Liberado;2026-03-16 00:00:00;2026-03-16 00:00:00;JUAN CARLOS SALINAS;G01;JOSÉ BAZÁN;14;Emergencia III (Veda);;4907;GRONCAL;2026-03-25 00:00:00;2026-02-21 00:00:00;2026-02-24 00:00:00;5105606782;2026;01-E001-00000369;20260327;20260331;3100012403;1000015815;20260419;2026-03-04 00:00:00;2026-03-27 00:00:00;2026-04-19 00:00:00;40;16;-7;3;9;2;23;86;37
3000001512;10;;Liberado;2026-01-23 00:00:00;2026-01-23 00:00:00;378;1;APROBADO;2026-02-10 00:00:00;LSANCHEZB;2026-02-20 00:00:00;JSALINAS;2026-02-23 00:00:00;;;293;1;APROBADO;2026-02-15 00:00:00;WYOMONA;2026-02-17 00:00:00;;;20100415543;INGENIERIA DE SISTEMAS DE FLUIDOS S;FL11;YA02;40014392;;;;10;7000000649;30;;2026-02-25 00:00:00;IARCE;Liberado;2026-02-25 00:00:00;2026-02-27 00:00:00;JUAN CARLOS SALINAS;G01;JOSÉ BAZÁN;14;Emergencia III (Veda);;3512;GGALLO;2026-03-04 00:00:00;2026-02-24 00:00:00;2026-02-27 00:00:00;5105603672;2026;01-F001-00001756;20260306;20260306;3100006804;1000009343;20260306;2026-02-23 00:00:00;2026-03-06 00:00:00;2026-03-06 00:00:00;31;-6;8;2;5;2;0;42;9
3000001517;10;;Liberado;2026-01-23 00:00:00;2026-01-23 00:00:00;529;1;APROBADO;2026-02-23 00:00:00;JALVAP;2026-03-04 00:00:00;WYOMONA;2026-03-05 00:00:00;;;1777;1;APROBADO;2026-04-28 00:00:00;WYOMONA;2026-04-28 00:00:00;;;20602892108;JORLE INDUSTRIAL S.A.C.;FL18;YA02;40013304;;;;10;7000000932;10;;2026-03-13 00:00:00;LOSORIO;Liberado;2026-03-16 00:00:00;2026-03-16 00:00:00;WILHELM YOMONA;G14;GERALDINE SANCHEZ;14;Emergencia III (Veda);;10779;INTEGRA_AP;2026-04-28 00:00:00;2026-04-23 00:00:00;2026-04-24 00:00:00;5105610687;2026;01-F002-00004322;20260430;20260513;3100020004;1000020680;20260515;2026-03-05 00:00:00;2026-04-30 00:00:00;2026-05-15 00:00:00;41;54;-46;3;43;2;15;112;63
3000001543;10;;Liberado;2026-01-23 00:00:00;2026-01-23 00:00:00;734;1;RECHAZADO;2026-03-07 00:00:00;;;;;RBLONDET;2026-03-07 00:00:00;3212;1;APROBADO;2026-07-06 00:00:00;JLIZARBE;2026-07-10 00:00:00;;;20602847790;CONSERMEC E.I.R.L.;AG08;YA04;50000253;;;;10;7000002910;10;;2026-07-02 00:00:00;LMENDOZAH;Liberado;2026-07-07 00:00:00;2026-07-09 00:00:00;JESUS ANGEL LIZARBE;G02;ISAAC ARCE;1;Emergencia I (en operación);;15023;INTEGRA_AP;2026-07-10 00:00:00;;;5105615888;2026;01-E001-00000567;20260804;20260805;3100032855;1000034099;20260821;;2026-08-04 00:00:00;2026-08-21 00:00:00;Pendiente;Pendiente;-8;7;1;25;17;210;50
3000001543;10;;Liberado;2026-01-23 00:00:00;2026-01-23 00:00:00;734;2;APROBADO;2026-03-07 00:00:00;RBLONDET;2026-03-07 00:00:00;RBLONDET;2026-03-07 00:00:00;;;3212;1;APROBADO;2026-07-06 00:00:00;JLIZARBE;2026-07-10 00:00:00;;;20602847790;CONSERMEC E.I.R.L.;AG08;YA04;50000253;;;;10;7000002910;10;;2026-07-02 00:00:00;LMENDOZAH;Liberado;2026-07-07 00:00:00;2026-07-09 00:00:00;JESUS ANGEL LIZARBE;G02;ISAAC ARCE;1;Emergencia I (en operación);;15023;INTEGRA_AP;2026-07-10 00:00:00;;;5105615888;2026;01-E001-00000567;20260804;20260805;3100032855;1000034099;20260821;2026-03-07 00:00:00;2026-08-04 00:00:00;2026-08-21 00:00:00;43;125;-8;7;1;25;17;210;50
3000001546;10;;Liberado;2026-01-23 00:00:00;2026-01-23 00:00:00;281;1;APROBADO;2026-02-02 00:00:00;RBLONDET;2026-02-02 00:00:00;RBLONDET;2026-02-02 00:00:00;;;1710;1;APROBADO;2026-04-27 00:00:00;JLIZARBE;2026-04-27 00:00:00;;;20471133770;SEW EURODRIVE DEL PERU S.A.C;AG08;YA04;50000032;;;;50;7000001299;10;;2026-04-01 00:00:00;LOSORIO;Liberado;2026-04-01 00:00:00;2026-04-05 00:00:00;;G08;MADELINE FALCÓN;1;Emergencia I (en operación);;10501;INTEGRA_AP;2026-04-27 00:00:00;;;5105610058;2026;01-F001-00049446;20260406;20260506;3100018935;1000027686;20260703;2026-02-02 00:00:00;2026-04-06 00:00:00;2026-07-03 00:00:00;10;84;-26;4;22;-21;88;161;93
3000001560;10;;Liberado;2026-01-24 00:00:00;2026-01-24 00:00:00;693;1;APROBADO;2026-03-05 00:00:00;RBLONDET;2026-03-05 00:00:00;RBLONDET;2026-03-05 00:00:00;;;1063;1;APROBADO;2026-04-11 00:00:00;JLIZARBE;2026-04-13 00:00:00;;;20602847790;CONSERMEC E.I.R.L.;AG08;YA01;40014529;;;;10;7000001388;30;;2026-04-08 00:00:00;LOSORIO;Liberado;2026-04-08 00:00:00;2026-04-10 00:00:00;LUIS OMAR GARCIA;G02;ISAAC ARCE;1;Emergencia I (en operación);;6234;INTEGRA_AP;2026-04-13 00:00:00;;;5105609985;2026;01-E001-00000533;20260504;20260505;3100018763;1000021010;20260519;2026-03-05 00:00:00;2026-05-04 00:00:00;2026-05-19 00:00:00;40;39;-5;2;3;21;15;115;41
3000001562;10;;Liberado;2026-01-24 00:00:00;2026-01-24 00:00:00;163;1;APROBADO;2026-01-26 00:00:00;RBLONDET;2026-01-26 00:00:00;RBLONDET;2026-01-26 00:00:00;;;1308;1;APROBADO;2026-04-20 00:00:00;JLIZARBE;2026-04-20 00:00:00;;;20510160097;STEAM SERVICE E.I.R.L.;AG08;YA01;40011292;;;;20;7000000770;30;;2026-03-04 00:00:00;LOSORIO;Liberado;2026-03-04 00:00:00;2026-03-05 00:00:00;JESUS ANGEL LIZARBE;G02;ISAAC ARCE;1;Emergencia I (en operación);;3706;INTEGRA_AP;2026-03-07 00:00:00;;;5105605689;2026;01-E001-00000622;20260319;20260326;3100010764;1000013653;20260401;2026-01-26 00:00:00;2026-03-19 00:00:00;2026-04-01 00:00:00;2;84;-47;1;2;12;13;67;28
3000001565;10;;Liberado;2026-01-24 00:00:00;2026-01-24 00:00:00;167;1;APROBADO;2026-01-26 00:00:00;RBLONDET;2026-01-26 00:00:00;RBLONDET;2026-01-26 00:00:00;;;1308;1;APROBADO;2026-04-20 00:00:00;JLIZARBE;2026-04-20 00:00:00;;;20510160097;STEAM SERVICE E.I.R.L.;AG08;YA01;40014537;;;;10;7000000770;60;;2026-03-04 00:00:00;LOSORIO;Liberado;2026-03-04 00:00:00;2026-03-05 00:00:00;JESUS ANGEL LIZARBE;G02;ISAAC ARCE;1;Emergencia I (en operación);;3706;INTEGRA_AP;2026-03-07 00:00:00;;;5105605689;2026;01-E001-00000622;20260319;20260326;3100010764;1000013653;20260401;2026-01-26 00:00:00;2026-03-19 00:00:00;2026-04-01 00:00:00;2;84;-47;1;2;12;13;67;28
3000001566;10;;Liberado;2026-01-24 00:00:00;2026-01-24 00:00:00;168;1;APROBADO;2026-01-26 00:00:00;RBLONDET;2026-01-26 00:00:00;RBLONDET;2026-01-26 00:00:00;;;1304;1;APROBADO;2026-04-20 00:00:00;JLIZARBE;2026-04-20 00:00:00;;;20510160097;STEAM SERVICE E.I.R.L.;AG08;YA01;40014538;;;;10;7000001322;10;;2026-04-05 00:00:00;GSANCHEZ;Liberado;2026-04-06 00:00:00;2026-04-06 00:00:00;JESUS ANGEL LIZARBE;G02;ISAAC ARCE;1;Emergencia I (en operación);;6884;INTEGRA_AP;2026-04-20 00:00:00;;;5105608907;2026;01-E001-00000631;20260421;20260424;3100016688;1000017291;20260424;2026-01-26 00:00:00;2026-04-21 00:00:00;2026-04-24 00:00:00;2;84;-15;1;14;1;3;90;19
3000001567;10;;Liberado;2026-01-24 00:00:00;2026-01-24 00:00:00;169;1;APROBADO;2026-01-26 00:00:00;RBLONDET;2026-01-26 00:00:00;RBLONDET;2026-01-26 00:00:00;;;1308;1;APROBADO;2026-04-20 00:00:00;JLIZARBE;2026-04-20 00:00:00;;;20510160097;STEAM SERVICE E.I.R.L.;AG08;YA01;40014539;;;;10;7000000770;70;;2026-03-04 00:00:00;LOSORIO;Liberado;2026-03-04 00:00:00;2026-03-05 00:00:00;JESUS ANGEL LIZARBE;G02;ISAAC ARCE;1;Emergencia I (en operación);;3706;INTEGRA_AP;2026-03-07 00:00:00;;;5105605689;2026;01-E001-00000622;20260319;20260326;3100010764;1000013653;20260401;2026-01-26 00:00:00;2026-03-19 00:00:00;2026-04-01 00:00:00;2;84;-47;1;2;12;13;67;28
3000001569;10;;Liberado;2026-01-24 00:00:00;2026-01-24 00:00:00;172;1;APROBADO;2026-01-26 00:00:00;RBLONDET;2026-01-26 00:00:00;RBLONDET;2026-01-26 00:00:00;;;1308;1;APROBADO;2026-04-20 00:00:00;JLIZARBE;2026-04-20 00:00:00;;;20510160097;STEAM SERVICE E.I.R.L.;AG08;YA01;40014541;;;;10;7000000770;90;;2026-03-04 00:00:00;LOSORIO;Liberado;2026-03-04 00:00:00;2026-03-05 00:00:00;JESUS ANGEL LIZARBE;G02;ISAAC ARCE;1;Emergencia I (en operación);;3706;INTEGRA_AP;2026-03-07 00:00:00;;;5105605689;2026;01-E001-00000622;20260319;20260326;3100010764;1000013653;20260401;2026-01-26 00:00:00;2026-03-19 00:00:00;2026-04-01 00:00:00;2;84;-47;1;2;12;13;67;28
3000001579;10;;Liberado;2026-01-24 00:00:00;2026-01-24 00:00:00;867;1;RECHAZADO;2026-03-16 00:00:00;;;;;JCUSTODIO;2026-06-02 00:00:00;3042;1;APROBADO;2026-06-23 00:00:00;JSALINAS;2026-07-10 00:00:00;;;20602226400;M TEMOCHE S.A.C.;FL23;YA02;40013616;;;;40;7000002452;10;;2026-06-02 00:00:00;LMENDOZAH;Liberado;2026-06-03 00:00:00;2026-06-04 00:00:00;JUAN CARLOS SALINAS;G02;ISAAC ARCE;14;Emergencia III (Veda);;15049;INTEGRA_AP;2026-07-11 00:00:00;2026-04-19 00:00:00;2026-04-27 00:00:00;5105614921;2026;01-E001-00000883;20260715;20260716;3100030627;1000030238;20260724;;2026-07-15 00:00:00;2026-07-24 00:00:00;Pendiente;Pendiente;-38;2;37;4;9;181;52
3000001579;10;;Liberado;2026-01-24 00:00:00;2026-01-24 00:00:00;867;2;APROBADO;2026-06-03 00:00:00;JCUSTODIO;2026-06-04 00:00:00;JSALINAS;2026-06-05 00:00:00;;;3042;1;APROBADO;2026-06-23 00:00:00;JSALINAS;2026-07-10 00:00:00;;;20602226400;M TEMOCHE S.A.C.;FL23;YA02;40013616;;;;40;7000002452;10;;2026-06-02 00:00:00;LMENDOZAH;Liberado;2026-06-03 00:00:00;2026-06-04 00:00:00;JUAN CARLOS SALINAS;G02;ISAAC ARCE;14;Emergencia III (Veda);;15049;INTEGRA_AP;2026-07-11 00:00:00;2026-04-19 00:00:00;2026-04-27 00:00:00;5105614921;2026;01-E001-00000883;20260715;20260716;3100030627;1000030238;20260724;2026-06-05 00:00:00;2026-07-15 00:00:00;2026-07-24 00:00:00;132;35;-38;2;37;4;9;181;52
3000001580;10;;Liberado;2026-01-24 00:00:00;2026-01-24 00:00:00;235;1;APROBADO;2026-01-29 00:00:00;JCUSTODIO;2026-02-02 00:00:00;JSALINAS;2026-02-09 00:00:00;;;283;1;APROBADO;2026-02-13 00:00:00;JSALINAS;2026-02-19 00:00:00;;;20607753459;RPP TEC S.A.C.;FL23;YA02;40013616;;;;50;7000000422;10;;2026-02-12 00:00:00;ABAMONDE;Liberado;2026-02-12 00:00:00;2026-02-13 00:00:00;JUAN CARLOS SALINAS;G12;RENZO CÁCERES;14;Emergencia III (Veda);;2905;INTEGRA_AP;2026-02-19 00:00:00;2026-01-26 00:00:00;2026-01-28 00:00:00;5105604496;2026;01-E001-00000348;20260227;20260313;3100008466;1000011446;20260322;2026-02-09 00:00:00;2026-02-27 00:00:00;2026-03-22 00:00:00;16;10;-7;1;6;8;23;57;38
3000001617;10;;Liberado;2026-01-25 00:00:00;2026-01-25 00:00:00;854;1;APROBADO;2026-03-14 00:00:00;RBLONDET;2026-03-15 00:00:00;RBLONDET;2026-03-15 00:00:00;;;811;1;APROBADO;2026-03-27 00:00:00;JLIZARBE;2026-03-28 00:00:00;;;20533060472;SOLDESP MARINE E.I.R.L.;AG08;YA01;40011254;;;;10;7000001149;10;;2026-03-26 00:00:00;LOSORIO;Liberado;2026-03-26 00:00:00;2026-03-27 00:00:00;JESUS ANGEL LIZARBE;G02;ISAAC ARCE;1;Emergencia I (en operación);;5128;INTEGRA_AP;2026-03-28 00:00:00;;;5105606855;2026;01-E001-00001405;20260331;20260331;3100012483;1000014667;20260410;2026-03-15 00:00:00;2026-03-31 00:00:00;2026-04-10 00:00:00;49;13;-2;1;1;3;10;75;15
3000001622;10;;Liberado;2026-01-25 00:00:00;2026-01-25 00:00:00;1329;1;RECHAZADO;2026-04-14 00:00:00;;;;;AVASQUEZ;2026-04-15 00:00:00;3084;1;APROBADO;2026-06-24 00:00:00;M-jsalinas;2026-06-24 00:00:00;;;20551745989;J.O. ALEXIN E.I.R.L.;FL24;YA02;40014709;;;;10;7000001888;20;;2026-04-30 00:00:00;LOSORIO;Liberado;2026-05-01 00:00:00;2026-05-05 00:00:00;JUAN CARLOS SALINAS;G02;ISAAC ARCE;14;Emergencia III (Veda);;13782;INTEGRA_AP;2026-06-11 00:00:00;2026-06-24 00:00:00;2026-06-24 00:00:00;5105613464;2026;01-E001-00001180;20260619;20260619;3100026390;1000026151;20260619;;2026-06-19 00:00:00;2026-06-19 00:00:00;Pendiente;Pendiente;-55;5;37;8;0;145;50
3000001622;10;;Liberado;2026-01-25 00:00:00;2026-01-25 00:00:00;1329;2;APROBADO;2026-04-16 00:00:00;LSANCHEZB;2026-04-24 00:00:00;M-jsalinas;2026-04-27 00:00:00;;;3084;1;APROBADO;2026-06-24 00:00:00;M-jsalinas;2026-06-24 00:00:00;;;20551745989;J.O. ALEXIN E.I.R.L.;FL24;YA02;40014709;;;;10;7000001888;20;;2026-04-30 00:00:00;LOSORIO;Liberado;2026-05-01 00:00:00;2026-05-05 00:00:00;JUAN CARLOS SALINAS;G02;ISAAC ARCE;14;Emergencia III (Veda);;13782;INTEGRA_AP;2026-06-11 00:00:00;2026-06-24 00:00:00;2026-06-24 00:00:00;5105613464;2026;01-E001-00001180;20260619;20260619;3100026390;1000026151;20260619;2026-04-27 00:00:00;2026-06-19 00:00:00;2026-06-19 00:00:00;92;58;-55;5;37;8;0;145;50
3000001625;10;;Liberado;2026-01-25 00:00:00;2026-01-25 00:00:00;700;1;APROBADO;2026-03-05 00:00:00;RBLONDET;2026-03-06 00:00:00;RBLONDET;2026-03-06 00:00:00;;;1063;1;APROBADO;2026-04-11 00:00:00;JLIZARBE;2026-04-13 00:00:00;;;20602847790;CONSERMEC E.I.R.L.;AG08;YA01;40013607;;;;20;7000001388;40;;2026-04-08 00:00:00;LOSORIO;Liberado;2026-04-08 00:00:00;2026-04-10 00:00:00;SALOMON ALEJANDRO GONZALES;G02;ISAAC ARCE;1;Emergencia I (en operación);;6234;INTEGRA_AP;2026-04-13 00:00:00;;;5105609985;2026;01-E001-00000533;20260504;20260505;3100018763;1000021010;20260519;2026-03-06 00:00:00;2026-05-04 00:00:00;2026-05-19 00:00:00;40;38;-5;2;3;21;15;114;41
3000001628;10;;Liberado;2026-01-25 00:00:00;2026-01-25 00:00:00;1118;1;APROBADO;2026-04-06 00:00:00;JALVAP;2026-04-10 00:00:00;WMELCHOR;2026-04-13 00:00:00;;;1359;1;APROBADO;2026-04-20 00:00:00;WMELCHOR;2026-04-21 00:00:00;;;20110154098;SERVICIOS ELECTROM.-INDUSTRIALES S.;FL22;YA02;40014570;;;;10;7000001619;10;;2026-04-17 00:00:00;LMENDOZAH;Liberado;2026-04-19 00:00:00;2026-04-20 00:00:00;WILMER NELSON MELCHOR;G01;JOSÉ BAZÁN;14;Emergencia III (Veda);;7047;INTEGRA_AP;2026-04-21 00:00:00;2026-03-31 00:00:00;2026-04-04 00:00:00;5105609388;2026;01-E001-00000638;20260422;20260430;3100018001;1000019060;20260507;2026-04-13 00:00:00;2026-04-22 00:00:00;2026-05-07 00:00:00;78;8;-4;3;1;1;15;102;20
3000001631;10;;Liberado;2026-01-25 00:00:00;2026-01-25 00:00:00;775;1;APROBADO;2026-03-10 00:00:00;JALVAP;2026-03-14 00:00:00;WMELCHOR;2026-03-23 00:00:00;;;909;1;APROBADO;2026-04-06 00:00:00;WMELCHOR;2026-04-09 00:00:00;;;20110154098;SERVICIOS ELECTROM.-INDUSTRIALES S.;FL22;YA02;40014573;;;;10;7000001259;10;;2026-03-31 00:00:00;LOSORIO;Liberado;2026-03-31 00:00:00;2026-04-02 00:00:00;WILMER NELSON MELCHOR;G01;JOSÉ BAZÁN;14;Emergencia III (Veda);;6064;GRONCAL;2026-04-11 00:00:00;2026-03-11 00:00:00;2026-03-13 00:00:00;5105608074;2026;01-E001-00000632;20260413;20260416;3100015083;1000017090;20260424;2026-03-23 00:00:00;2026-04-13 00:00:00;2026-04-24 00:00:00;57;17;-9;2;9;2;11;89;24
3000001632;10;;Liberado;2026-01-25 00:00:00;2026-01-25 00:00:00;1717;1;APROBADO;2026-05-12 00:00:00;JALVAP;2026-05-12 00:00:00;WMELCHOR;2026-05-15 00:00:00;;;3089;1;APROBADO;2026-06-24 00:00:00;WMELCHOR;2026-06-30 00:00:00;;;20509239089;RESET - ELECTRONICA Y SISTEMAS S.R.;FL22;YA02;40014577;;;;10;7000002446;10;;2026-06-02 00:00:00;LMENDOZAH;Liberado;2026-06-04 00:00:00;2026-06-09 00:00:00;WILMER NELSON MELCHOR;G01;JOSÉ BAZÁN;14;Emergencia III (Veda);;14575;INTEGRA_AP;2026-06-30 00:00:00;2026-03-19 00:00:00;2026-03-20 00:00:00;5105614616;2026;01-F001-00008172;20260709;20260710;3100029971;1000033043;20260814;2026-05-15 00:00:00;2026-07-09 00:00:00;2026-08-14 00:00:00;110;46;-28;7;21;9;36;201;73
3000001632;10;;Liberado;2026-01-25 00:00:00;2026-01-25 00:00:00;1717;1;APROBADO;2026-05-12 00:00:00;JALVAP;2026-05-12 00:00:00;WMELCHOR;2026-05-15 00:00:00;;;3089;1;APROBADO;2026-06-24 00:00:00;WMELCHOR;2026-06-30 00:00:00;;;20509239089;RESET - ELECTRONICA Y SISTEMAS S.R.;FL22;YA02;40014577;;;;10;7000002446;10;;2026-06-02 00:00:00;LMENDOZAH;Liberado;2026-06-04 00:00:00;2026-06-09 00:00:00;WILMER NELSON MELCHOR;G01;JOSÉ BAZÁN;14;Emergencia III (Veda);;14575;INTEGRA_AP;2026-06-30 00:00:00;2026-03-19 00:00:00;2026-03-20 00:00:00;5105614616;2026;01-F001-00008172;20260709;20260710;3100029971;1000033043;20260814;2026-05-15 00:00:00;2026-07-09 00:00:00;2026-08-14 00:00:00;110;46;-28;7;21;9;36;201;73
3000001635;10;;Liberado;2026-01-25 00:00:00;2026-01-25 00:00:00;1714;1;APROBADO;2026-05-12 00:00:00;JALVAP;2026-05-12 00:00:00;WMELCHOR;2026-05-15 00:00:00;;;3089;1;APROBADO;2026-06-24 00:00:00;WMELCHOR;2026-06-30 00:00:00;;;20509239089;RESET - ELECTRONICA Y SISTEMAS S.R.;FL22;YA02;40014580;;;;10;7000002446;40;;2026-06-02 00:00:00;LMENDOZAH;Liberado;2026-06-04 00:00:00;2026-06-09 00:00:00;WILMER NELSON MELCHOR;G01;JOSÉ BAZÁN;14;Emergencia III (Veda);;14575;INTEGRA_AP;2026-06-30 00:00:00;2026-03-19 00:00:00;2026-03-20 00:00:00;5105614616;2026;01-F001-00008172;20260709;20260710;3100029971;1000033043;20260814;2026-05-15 00:00:00;2026-07-09 00:00:00;2026-08-14 00:00:00;110;46;-28;7;21;9;36;201;73
3000001635;10;;Liberado;2026-01-25 00:00:00;2026-01-25 00:00:00;1714;1;APROBADO;2026-05-12 00:00:00;JALVAP;2026-05-12 00:00:00;WMELCHOR;2026-05-15 00:00:00;;;3089;1;APROBADO;2026-06-24 00:00:00;WMELCHOR;2026-06-30 00:00:00;;;20509239089;RESET - ELECTRONICA Y SISTEMAS S.R.;FL22;YA02;40014580;;;;10;7000002446;40;;2026-06-02 00:00:00;LMENDOZAH;Liberado;2026-06-04 00:00:00;2026-06-09 00:00:00;WILMER NELSON MELCHOR;G01;JOSÉ BAZÁN;14;Emergencia III (Veda);;14575;INTEGRA_AP;2026-06-30 00:00:00;2026-03-19 00:00:00;2026-03-20 00:00:00;5105614616;2026;01-F001-00008172;20260709;20260710;3100029971;1000033043;20260814;2026-05-15 00:00:00;2026-07-09 00:00:00;2026-08-14 00:00:00;110;46;-28;7;21;9;36;201;73
3000001636;10;;Liberado;2026-01-25 00:00:00;2026-01-25 00:00:00;1715;1;APROBADO;2026-05-12 00:00:00;JALVAP;2026-05-12 00:00:00;WMELCHOR;2026-05-15 00:00:00;;;3089;1;APROBADO;2026-06-24 00:00:00;WMELCHOR;2026-06-30 00:00:00;;;20509239089;RESET - ELECTRONICA Y SISTEMAS S.R.;FL22;YA02;40014581;;;;10;7000002446;50;;2026-06-02 00:00:00;LMENDOZAH;Liberado;2026-06-04 00:00:00;2026-06-09 00:00:00;WILMER NELSON MELCHOR;G01;JOSÉ BAZÁN;14;Emergencia III (Veda);;14575;INTEGRA_AP;2026-06-30 00:00:00;2026-03-19 00:00:00;2026-03-20 00:00:00;5105614616;2026;01-F001-00008172;20260709;20260710;3100029971;1000033043;20260814;2026-05-15 00:00:00;2026-07-09 00:00:00;2026-08-14 00:00:00;110;46;-28;7;21;9;36;201;73
3000001636;10;;Liberado;2026-01-25 00:00:00;2026-01-25 00:00:00;1715;1;APROBADO;2026-05-12 00:00:00;JALVAP;2026-05-12 00:00:00;WMELCHOR;2026-05-15 00:00:00;;;3089;1;APROBADO;2026-06-24 00:00:00;WMELCHOR;2026-06-30 00:00:00;;;20509239089;RESET - ELECTRONICA Y SISTEMAS S.R.;FL22;YA02;40014581;;;;10;7000002446;50;;2026-06-02 00:00:00;LMENDOZAH;Liberado;2026-06-04 00:00:00;2026-06-09 00:00:00;WILMER NELSON MELCHOR;G01;JOSÉ BAZÁN;14;Emergencia III (Veda);;14575;INTEGRA_AP;2026-06-30 00:00:00;2026-03-19 00:00:00;2026-03-20 00:00:00;5105614616;2026;01-F001-00008172;20260709;20260710;3100029971;1000033043;20260814;2026-05-15 00:00:00;2026-07-09 00:00:00;2026-08-14 00:00:00;110;46;-28;7;21;9;36;201;73
3000001643;10;;Liberado;2026-01-25 00:00:00;2026-01-25 00:00:00;1875;1;APROBADO;2026-05-27 00:00:00;JALVAP;2026-05-28 00:00:00;M-jsalinas;2026-06-01 00:00:00;;;#N/A;#N/A;#N/A;#N/A;#N/A;#N/A;#N/A;#N/A;20504991467;FABRICACIONES ELECTRICAS GENERALES;FL23;YA02;40014603;;;;10;7000002512;20;;2026-06-04 00:00:00;LMENDOZAH;Liberado;2026-06-04 00:00:00;2026-06-08 00:00:00;JUAN CARLOS SALINAS;G05;YURI DÍAZ;14;Emergencia III (Veda);;#N/A;#N/A;#N/A;;;#N/A;#N/A;#N/A;#N/A;#N/A;#N/A;#N/A;#N/A;2026-06-01 00:00:00;;;127;Pendiente;Pendiente;4;Pendiente;Pendiente;Pendiente;Pendiente;Pendiente
3000001647;10;;Liberado;2026-01-25 00:00:00;2026-01-25 00:00:00;607;1;APROBADO;2026-03-02 00:00:00;JALVAP;2026-03-04 00:00:00;WMELCHOR;2026-03-06 00:00:00;;;711;1;APROBADO;2026-03-24 00:00:00;WMELCHOR;2026-03-26 00:00:00;;;20541720104;DIN GRUPO EMPRESARIAL S.A.C.;FL13;YA02;40014609;;;;10;7000000958;10;;2026-03-16 00:00:00;LOSORIO;Liberado;2026-03-17 00:00:00;2026-03-19 00:00:00;WILMER NELSON MELCHOR;G08;MADELINE FALCÓN;14;Emergencia III (Veda);;5290;GRONCAL;2026-03-30 00:00:00;2026-03-16 00:00:00;2026-03-19 00:00:00;5105610249;2026;01-F001-00002181;20260506;20260511;3100019273;1000020888;20260518;2026-03-06 00:00:00;2026-05-06 00:00:00;2026-05-18 00:00:00;40;20;-10;3;11;37;12;113;63
3000001650;10;;Liberado;2026-01-25 00:00:00;2026-01-25 00:00:00;1718;1;APROBADO;2026-05-12 00:00:00;JALVAP;2026-05-12 00:00:00;WYOMONA;2026-05-14 00:00:00;;;3364;1;ENVIADO;2026-07-20 00:00:00;;;;;20509239089;RESET - ELECTRONICA Y SISTEMAS S.R.;FL18;YA02;40014614;;;;10;7000002281;10;;2026-05-20 00:00:00;LOSORIO;Liberado;2026-05-21 00:00:00;2026-05-21 00:00:00;WILHELM YOMONA;G01;JOSÉ BAZÁN;14;Emergencia III (Veda);;#N/A;#N/A;#N/A;2026-05-09 00:00:00;2026-05-09 00:00:00;#N/A;#N/A;#N/A;#N/A;#N/A;#N/A;#N/A;#N/A;2026-05-14 00:00:00;;;109;Pendiente;Pendiente;1;Pendiente;Pendiente;Pendiente;Pendiente;Pendiente
3000001652;10;;Liberado;2026-01-25 00:00:00;2026-01-25 00:00:00;446;1;APROBADO;2026-02-14 00:00:00;JALVAP;2026-02-19 00:00:00;WYOMONA;2026-02-19 00:00:00;;;605;1;APROBADO;2026-03-12 00:00:00;WYOMONA;2026-03-13 00:00:00;;;20445526127;SERVICIOS INDUSTRIALES HALAVISI S.A;FL18;YA02;40014616;;;;10;7000000621;10;;2026-02-24 00:00:00;LOSORIO;Liberado;2026-02-25 00:00:00;2026-02-25 00:00:00;WILHELM YOMONA;G12;RENZO CÁCERES;14;Emergencia III (Veda);;4072;GRONCAL;2026-03-13 00:00:00;2026-02-19 00:00:00;2026-02-19 00:00:00;5105605144;2026;01-E001-00001943;20260315;20260319;3100009614;1000022569;20260531;2026-02-19 00:00:00;2026-03-15 00:00:00;2026-05-31 00:00:00;25;22;-17;1;16;2;77;126;96
3000001655;10;;Liberado;2026-01-25 00:00:00;2026-01-25 00:00:00;1719;1;APROBADO;2026-05-12 00:00:00;JALVAP;2026-05-12 00:00:00;JSALINAS;2026-05-21 00:00:00;;;3089;1;APROBADO;2026-06-24 00:00:00;WMELCHOR;2026-06-30 00:00:00;;;20509239089;RESET - ELECTRONICA Y SISTEMAS S.R.;FL24;YA02;40014631;;;;10;7000002446;60;;2026-06-02 00:00:00;LMENDOZAH;Liberado;2026-06-04 00:00:00;2026-06-09 00:00:00;JUAN CARLOS SALINAS;G01;JOSÉ BAZÁN;14;Emergencia III (Veda);;14575;INTEGRA_AP;2026-06-30 00:00:00;2026-05-28 00:00:00;2026-05-29 00:00:00;5105614616;2026;01-F001-00008172;20260709;20260710;3100029971;1000033043;20260814;2026-05-21 00:00:00;2026-07-09 00:00:00;2026-08-14 00:00:00;116;40;-28;7;21;9;36;201;73
3000001655;10;;Liberado;2026-01-25 00:00:00;2026-01-25 00:00:00;1719;1;APROBADO;2026-05-12 00:00:00;JALVAP;2026-05-12 00:00:00;JSALINAS;2026-05-21 00:00:00;;;3089;1;APROBADO;2026-06-24 00:00:00;WMELCHOR;2026-06-30 00:00:00;;;20509239089;RESET - ELECTRONICA Y SISTEMAS S.R.;FL24;YA02;40014631;;;;10;7000002446;60;;2026-06-02 00:00:00;LMENDOZAH;Liberado;2026-06-04 00:00:00;2026-06-09 00:00:00;JUAN CARLOS SALINAS;G01;JOSÉ BAZÁN;14;Emergencia III (Veda);;14575;INTEGRA_AP;2026-06-30 00:00:00;2026-05-28 00:00:00;2026-05-29 00:00:00;5105614616;2026;01-F001-00008172;20260709;20260710;3100029971;1000033043;20260814;2026-05-21 00:00:00;2026-07-09 00:00:00;2026-08-14 00:00:00;116;40;-28;7;21;9;36;201;73
3000001657;10;;Liberado;2026-01-25 00:00:00;2026-01-25 00:00:00;705;1;APROBADO;2026-03-05 00:00:00;JALVAP;2026-03-14 00:00:00;JSALINAS;2026-03-27 00:00:00;;;1113;1;APROBADO;2026-04-14 00:00:00;JSALINAS;2026-04-14 00:00:00;;;20541720104;DIN GRUPO EMPRESARIAL S.A.C.;FL24;YA02;40014633;;;;10;7000001262;20;;2026-04-01 00:00:00;RCACERES;Liberado;2026-04-01 00:00:00;2026-04-01 00:00:00;JUAN CARLOS SALINAS;G12;RENZO CÁCERES;14;Emergencia III (Veda);;6125;GRONCAL;2026-04-11 00:00:00;2026-03-28 00:00:00;2026-04-07 00:00:00;5105609251;2026;01-F001-00002147;20260424;20260429;3100017854;1000018758;20260506;2026-03-27 00:00:00;2026-04-24 00:00:00;2026-05-06 00:00:00;61;18;-13;0;10;13;12;101;35
3000001658;10;;Liberado;2026-01-25 00:00:00;2026-01-25 00:00:00;484;1;APROBADO;2026-02-18 00:00:00;JALVAP;2026-02-19 00:00:00;CDELACRUZ;2026-04-11 00:00:00;;;1671;1;APROBADO;2026-04-24 00:00:00;M-JNAPA;2026-04-24 00:00:00;;;20541720104;DIN GRUPO EMPRESARIAL S.A.C.;FL04;YA02;40014638;;;;10;7000001505;20;;2026-04-14 00:00:00;RCACERES;Liberado;2026-04-15 00:00:00;2026-04-16 00:00:00;CARLOS BERARDO DE LA CRUZ;G12;RENZO CÁCERES;14;Emergencia III (Veda);;7943;INTEGRA_AP;2026-04-22 00:00:00;2026-03-27 00:00:00;2026-03-28 00:00:00;5105609836;2026;01-F001-00002162;20260429;20260430;3100018494;1000020888;20260518;2026-04-11 00:00:00;2026-04-29 00:00:00;2026-05-18 00:00:00;76;13;-10;2;6;7;19;113;34
3000001659;10;;Liberado;2026-01-25 00:00:00;2026-01-25 00:00:00;489;1;APROBADO;2026-02-18 00:00:00;JALVAP;2026-02-19 00:00:00;CDELACRUZ;2026-04-11 00:00:00;;;1671;1;APROBADO;2026-04-24 00:00:00;M-JNAPA;2026-04-24 00:00:00;;;20541720104;DIN GRUPO EMPRESARIAL S.A.C.;FL04;YA02;40014639;;;;10;7000001505;30;;2026-04-14 00:00:00;RCACERES;Liberado;2026-04-15 00:00:00;2026-04-16 00:00:00;CARLOS BERARDO DE LA CRUZ;G12;RENZO CÁCERES;14;Emergencia III (Veda);;7943;INTEGRA_AP;2026-04-22 00:00:00;2026-03-27 00:00:00;2026-03-28 00:00:00;5105609836;2026;01-F001-00002162;20260429;20260430;3100018494;1000020888;20260518;2026-04-11 00:00:00;2026-04-29 00:00:00;2026-05-18 00:00:00;76;13;-10;2;6;7;19;113;34
3000001664;10;;Liberado;2026-01-25 00:00:00;2026-01-25 00:00:00;898;1;APROBADO;2026-03-18 00:00:00;JALVAP;2026-03-31 00:00:00;WFELIPE;2026-04-01 00:00:00;;;1168;1;APROBADO;2026-04-16 00:00:00;WFELIPE;2026-04-16 00:00:00;;;20504991467;FABRICACIONES ELECTRICAS GENERALES;FL07;YA02;40014648;;;;10;7000001404;10;;2026-04-09 00:00:00;LOSORIO;Liberado;2026-04-10 00:00:00;2026-04-14 00:00:00;WALTER SULLIVAN FELIPE;G05;YURI DÍAZ;14;Emergencia III (Veda);;6719;INTEGRA_AP;2026-04-17 00:00:00;2026-03-24 00:00:00;2026-03-27 00:00:00;5105609458;2026;01-F001-00002899;20260423;20260430;3100018071;1000019070;20260507;2026-04-01 00:00:00;2026-04-23 00:00:00;2026-05-07 00:00:00;66;15;-7;5;3;6;14;102;28
3000001665;10;;Liberado;2026-01-25 00:00:00;2026-01-25 00:00:00;904;1;APROBADO;2026-03-18 00:00:00;JALVAP;2026-03-31 00:00:00;WFELIPE;2026-04-01 00:00:00;;;1168;1;APROBADO;2026-04-16 00:00:00;WFELIPE;2026-04-16 00:00:00;;;20504991467;FABRICACIONES ELECTRICAS GENERALES;FL07;YA02;40014649;;;;10;7000001404;20;;2026-04-09 00:00:00;LOSORIO;Liberado;2026-04-10 00:00:00;2026-04-14 00:00:00;WALTER SULLIVAN FELIPE;G05;YURI DÍAZ;14;Emergencia III (Veda);;6719;INTEGRA_AP;2026-04-17 00:00:00;2026-03-24 00:00:00;2026-04-09 00:00:00;5105609458;2026;01-F001-00002899;20260423;20260430;3100018071;1000019070;20260507;2026-04-01 00:00:00;2026-04-23 00:00:00;2026-05-07 00:00:00;66;15;-7;5;3;6;14;102;28
3000001668;10;;Liberado;2026-01-25 00:00:00;2026-01-25 00:00:00;913;1;APROBADO;2026-03-18 00:00:00;JALVAP;2026-03-31 00:00:00;WFELIPE;2026-04-01 00:00:00;;;1168;1;APROBADO;2026-04-16 00:00:00;WFELIPE;2026-04-16 00:00:00;;;20504991467;FABRICACIONES ELECTRICAS GENERALES;FL07;YA02;40014652;;;;10;7000001404;50;;2026-04-09 00:00:00;LOSORIO;Liberado;2026-04-10 00:00:00;2026-04-14 00:00:00;WALTER SULLIVAN FELIPE;G05;YURI DÍAZ;14;Emergencia III (Veda);;6719;INTEGRA_AP;2026-04-17 00:00:00;2026-03-25 00:00:00;2026-04-09 00:00:00;5105609458;2026;01-F001-00002899;20260423;20260430;3100018071;1000019070;20260507;2026-04-01 00:00:00;2026-04-23 00:00:00;2026-05-07 00:00:00;66;15;-7;5;3;6;14;102;28
3000001709;10;;Liberado;2026-01-25 00:00:00;2026-01-25 00:00:00;1301;1;APROBADO;2026-04-14 00:00:00;AVASQUEZ;2026-04-15 00:00:00;WFELIPE;2026-04-16 00:00:00;;;1789;1;APROBADO;2026-04-28 00:00:00;WYOMONA;2026-04-28 00:00:00;;;20551745989;J.O. ALEXIN E.I.R.L.;FL07;YA02;40014729;;;;10;7000001664;30;;2026-04-22 00:00:00;LOSORIO;Liberado;2026-04-23 00:00:00;2026-04-24 00:00:00;WALTER SULLIVAN FELIPE;G02;ISAAC ARCE;14;Emergencia III (Veda);;10795;INTEGRA_AP;2026-04-28 00:00:00;2026-04-27 00:00:00;2026-04-27 00:00:00;5105609288;2026;01-E001-00001130;20260429;20260429;3100017894;1000018514;20260504;2026-04-16 00:00:00;2026-04-29 00:00:00;2026-05-04 00:00:00;81;12;-6;2;4;1;5;99;12
3000001715;10;;Liberado;2026-01-25 00:00:00;2026-01-25 00:00:00;744;1;APROBADO;2026-03-07 00:00:00;AVASQUEZ;2026-03-31 00:00:00;WMELCHOR;2026-04-05 00:00:00;;;1397;1;APROBADO;2026-04-20 00:00:00;JSALINAS;2026-05-19 00:00:00;;;20519422566;REPARACIONES NAVALES WILMAR & JIMMY;FL21;YA02;40014735;;;;10;7000001396;30;;2026-04-09 00:00:00;IARCE;Liberado;2026-04-09 00:00:00;2026-04-15 00:00:00;WILMER NELSON MELCHOR;G02;ISAAC ARCE;14;Emergencia III (Veda);;7934;INTEGRA_AP;2026-04-22 00:00:00;2026-03-10 00:00:00;2026-03-13 00:00:00;5105611676;2026;01-E001-00000522;20260527;20260527;3100022885;1000022279;20260528;2026-04-05 00:00:00;2026-05-27 00:00:00;2026-05-28 00:00:00;70;44;-40;6;7;35;1;123;49
3000001716;10;;Liberado;2026-01-25 00:00:00;2026-01-25 00:00:00;745;1;APROBADO;2026-03-07 00:00:00;AVASQUEZ;2026-03-31 00:00:00;WMELCHOR;2026-04-05 00:00:00;;;1397;1;APROBADO;2026-04-20 00:00:00;JSALINAS;2026-05-19 00:00:00;;;20519422566;REPARACIONES NAVALES WILMAR & JIMMY;FL21;YA02;40014736;;;;10;7000001396;40;;2026-04-09 00:00:00;IARCE;Liberado;2026-04-09 00:00:00;2026-04-15 00:00:00;WILMER NELSON MELCHOR;G02;ISAAC ARCE;14;Emergencia III (Veda);;7934;INTEGRA_AP;2026-04-22 00:00:00;2026-03-10 00:00:00;2026-03-13 00:00:00;5105611676;2026;01-E001-00000522;20260527;20260527;3100022885;1000022279;20260528;2026-04-05 00:00:00;2026-05-27 00:00:00;2026-05-28 00:00:00;70;44;-40;6;7;35;1;123;49
3000001719;10;;Liberado;2026-01-25 00:00:00;2026-01-25 00:00:00;1142;1;APROBADO;2026-04-07 00:00:00;AVASQUEZ;2026-04-08 00:00:00;WMELCHOR;2026-04-09 00:00:00;;;2134;1;APROBADO;2026-05-08 00:00:00;M-wmelchor;2026-05-11 00:00:00;;;20462107944;MOVIC SERVICE E.I.R.L.;FL22;YA02;40014739;;;;10;7000001560;10;;2026-04-16 00:00:00;LOSORIO;Liberado;2026-04-16 00:00:00;2026-04-20 00:00:00;WILMER NELSON MELCHOR;G12;RENZO CÁCERES;14;Emergencia III (Veda);;11149;INTEGRA_AP;2026-04-29 00:00:00;2026-03-19 00:00:00;2026-03-20 00:00:00;5105612352;2026;01-E001-00000386;20260601;20260601;3100023919;1000023709;20260605;2026-04-09 00:00:00;2026-06-01 00:00:00;2026-06-05 00:00:00;74;32;-25;4;9;33;4;131;50
3000001722;10;;Liberado;2026-01-25 00:00:00;2026-01-25 00:00:00;1324;1;APROBADO;2026-04-14 00:00:00;AVASQUEZ;2026-04-15 00:00:00;WMELCHOR;2026-04-16 00:00:00;;;1789;1;APROBADO;2026-04-28 00:00:00;WYOMONA;2026-04-28 00:00:00;;;20551745989;J.O. ALEXIN E.I.R.L.;FL22;YA02;40014742;;;;10;7000001664;50;;2026-04-22 00:00:00;LOSORIO;Liberado;2026-04-23 00:00:00;2026-04-24 00:00:00;WILMER NELSON MELCHOR;G02;ISAAC ARCE;14;Emergencia III (Veda);;10795;INTEGRA_AP;2026-04-28 00:00:00;2026-04-27 00:00:00;2026-04-27 00:00:00;5105609288;2026;01-E001-00001130;20260429;20260429;3100017894;1000018514;20260504;2026-04-16 00:00:00;2026-04-29 00:00:00;2026-05-04 00:00:00;81;12;-6;2;4;1;5;99;12
3000001724;10;;Liberado;2026-01-25 00:00:00;2026-01-25 00:00:00;1144;1;APROBADO;2026-04-07 00:00:00;AVASQUEZ;2026-04-08 00:00:00;WMELCHOR;2026-04-09 00:00:00;;;2134;1;APROBADO;2026-05-08 00:00:00;M-wmelchor;2026-05-11 00:00:00;;;20462107944;MOVIC SERVICE E.I.R.L.;FL22;YA02;40014745;;;;10;7000001560;30;;2026-04-16 00:00:00;LOSORIO;Liberado;2026-04-16 00:00:00;2026-04-20 00:00:00;WILMER NELSON MELCHOR;G12;RENZO CÁCERES;14;Emergencia III (Veda);;11149;INTEGRA_AP;2026-04-29 00:00:00;2026-03-19 00:00:00;2026-03-20 00:00:00;5105612352;2026;01-E001-00000386;20260601;20260601;3100023919;1000023709;20260605;2026-04-09 00:00:00;2026-06-01 00:00:00;2026-06-05 00:00:00;74;32;-25;4;9;33;4;131;50
3000001727;10;;Sin liberar;2026-01-25 00:00:00;2026-01-25 00:00:00;246;1;APROBADO;2026-01-29 00:00:00;RBLONDET;2026-01-30 00:00:00;RBLONDET;2026-01-30 00:00:00;;;103;1;APROBADO;2026-01-30 00:00:00;JLIZARBE;2026-04-07 00:00:00;;;20607185779;BALANCEO DINAMICO INDUSTRIAL ILO SR;AG08;YA01;40014747;;;;10;7000001320;10;;2026-04-05 00:00:00;GSANCHEZ;Liberado;2026-04-05 00:00:00;2026-04-06 00:00:00;MARCO ANTONIO ASTRE;G02;ISAAC ARCE;1;Emergencia I (en operación);;5725;JLIZARBE;2026-04-07 00:00:00;;;5105607434;2026;01-E001-00000139;20260408;20260410;3100013857;1000019117;20260510;2026-01-30 00:00:00;2026-04-08 00:00:00;2026-05-10 00:00:00;5;67;-2;1;1;1;32;105;35
3000001740;10;;Liberado;2026-01-26 00:00:00;2026-01-26 00:00:00;1531;1;APROBADO;2026-04-28 00:00:00;JALVAP;2026-04-29 00:00:00;WYOMONA;2026-04-29 00:00:00;;;2160;1;APROBADO;2026-05-11 00:00:00;WYOMONA;2026-05-14 00:00:00;;;20445626342;PBK SERVICIOS GENERALES E.I.R.L.;FL10;YA02;40014318;;;;10;7000001981;10;;2026-05-06 00:00:00;LOSORIO;Liberado;2026-05-06 00:00:00;2026-05-07 00:00:00;WILHELM YOMONA;G12;RENZO CÁCERES;14;Emergencia III (Veda);;12288;INTEGRA_AP;2026-05-14 00:00:00;2026-04-23 00:00:00;2026-04-24 00:00:00;5105611042;2026;01-E001-00001429;20260515;20260518;3100020731;1000025279;20260615;2026-04-29 00:00:00;2026-05-15 00:00:00;2026-06-15 00:00:00;93;15;-8;1;7;1;31;140;40
3000001746;10;;Liberado;2026-01-26 00:00:00;2026-01-26 00:00:00;1302;1;APROBADO;2026-04-14 00:00:00;M-avasquez;2026-04-23 00:00:00;M-WFELIPE;2026-04-30 00:00:00;;;2499;1;APROBADO;2026-05-21 00:00:00;M-wmelchor;2026-05-21 00:00:00;;;20551745989;J.O. ALEXIN E.I.R.L.;FL07;YA02;40014317;;;;10;7000002114;70;;2026-05-12 00:00:00;LOSORIO;Liberado;2026-05-13 00:00:00;2026-05-15 00:00:00;CESAR AUGUSTO VELASQUEZ;G12;RENZO CÁCERES;14;Emergencia III (Veda);;12981;INTEGRA_AP;2026-05-21 00:00:00;2026-05-21 00:00:00;2026-05-21 00:00:00;5105612359;2026;01-E001-00001157;20260601;20260601;3100023927;1000023665;20260607;2026-04-30 00:00:00;2026-06-01 00:00:00;2026-06-07 00:00:00;94;21;-9;3;6;11;6;132;26
3000001749;10;;Liberado;2026-01-26 00:00:00;2026-01-26 00:00:00;955;1;APROBADO;2026-03-23 00:00:00;LSANCHEZB;2026-04-15 00:00:00;WYOMONA;2026-04-16 00:00:00;;;1661;1;APROBADO;2026-04-24 00:00:00;WYOMONA;2026-04-24 00:00:00;;;20508057785;CONSTRUCCIONES INGENIERIA Y MONTAJE;FL18;YA02;40013157;;;;10;7000001670;10;;2026-04-22 00:00:00;LMENDOZAH;Liberado;2026-04-23 00:00:00;2026-04-24 00:00:00;WILHELM YOMONA;G01;JOSÉ BAZÁN;14;Emergencia III (Veda);;10418;INTEGRA_AP;2026-04-25 00:00:00;2026-03-26 00:00:00;2026-03-26 00:00:00;5105609804;2026;01-E001-00002157;20260428;20260430;3100018453;1000020200;20260514;2026-04-16 00:00:00;2026-04-28 00:00:00;2026-05-14 00:00:00;80;8;-2;2;1;3;16;108;22
3000001756;10;;Liberado;2026-01-26 00:00:00;2026-01-26 00:00:00;212;1;APROBADO;2026-01-27 00:00:00;RBLONDET;2026-01-30 00:00:00;RBLONDET;2026-01-30 00:00:00;;;584;1;APROBADO;2026-03-12 00:00:00;JLIZARBE;2026-03-12 00:00:00;;;20533194916;SERVICIOS GENERALES WOLF E.I.R.L.;AG08;YA01;40014774;;;;10;7000000673;10;;2026-02-26 00:00:00;LOSORIO;Liberado;2026-02-26 00:00:00;2026-02-27 00:00:00;JESUS ANGEL LIZARBE;G02;ISAAC ARCE;1;Emergencia I (en operación);;3932;INTEGRA_AP;2026-03-12 00:00:00;;;5105605583;2026;01-E001-00000911;20260313;20260324;3100010280;1000012323;20260329;2026-01-30 00:00:00;2026-03-13 00:00:00;2026-03-29 00:00:00;4;41;-14;1;13;1;16;62;31
3000001757;10;;Liberado;2026-01-26 00:00:00;2026-01-26 00:00:00;216;1;RECHAZADO;2026-01-28 00:00:00;;;;;JCUSTODIO;2026-02-26 00:00:00;673;1;APROBADO;2026-03-19 00:00:00;WMELCHOR;2026-03-23 00:00:00;;;20514785768;GELBEN EIRL;FL21;YA02;40013705;;;;30;7000000998;10;;2026-03-17 00:00:00;LOSORIO;Liberado;2026-03-19 00:00:00;2026-03-19 00:00:00;WILMER NELSON MELCHOR;G12;RENZO CÁCERES;14;Emergencia III (Veda);;4886;GRONCAL;2026-03-25 00:00:00;2026-01-28 00:00:00;2026-01-29 00:00:00;5105607385;2026;01-E001-00002210;20260407;20260410;3100013616;1000020650;20260515;;2026-04-07 00:00:00;2026-05-15 00:00:00;Pendiente;Pendiente;-6;2;6;13;38;109;59
3000001757;10;;Liberado;2026-01-26 00:00:00;2026-01-26 00:00:00;216;2;APROBADO;2026-02-26 00:00:00;JCUSTODIO;2026-03-09 00:00:00;WMELCHOR;2026-03-09 00:00:00;;;673;1;APROBADO;2026-03-19 00:00:00;WMELCHOR;2026-03-23 00:00:00;;;20514785768;GELBEN EIRL;FL21;YA02;40013705;;;;30;7000000998;10;;2026-03-17 00:00:00;LOSORIO;Liberado;2026-03-19 00:00:00;2026-03-19 00:00:00;WILMER NELSON MELCHOR;G12;RENZO CÁCERES;14;Emergencia III (Veda);;4886;GRONCAL;2026-03-25 00:00:00;2026-01-28 00:00:00;2026-01-29 00:00:00;5105607385;2026;01-E001-00002210;20260407;20260410;3100013616;1000020650;20260515;2026-03-09 00:00:00;2026-04-07 00:00:00;2026-05-15 00:00:00;42;14;-6;2;6;13;38;109;59
3000001767;10;;Liberado;2026-01-26 00:00:00;2026-01-26 00:00:00;442;1;APROBADO;2026-02-14 00:00:00;JALVAP;2026-02-19 00:00:00;WMELCHOR;2026-02-23 00:00:00;;;925;1;APROBADO;2026-04-06 00:00:00;WMELCHOR;2026-04-09 00:00:00;;;20541720104;DIN GRUPO EMPRESARIAL S.A.C.;FL22;YA02;40014586;;;;10;7000001073;10;;2026-03-23 00:00:00;LOSORIO;Liberado;2026-03-25 00:00:00;2026-03-26 00:00:00;WILMER NELSON MELCHOR;G12;RENZO CÁCERES;14;Emergencia III (Veda);;6128;GRONCAL;2026-04-11 00:00:00;2026-03-19 00:00:00;2026-03-20 00:00:00;5105607652;2026;01-F001-00002138;20260413;20260413;3100014345;1000017301;20260427;2026-02-23 00:00:00;2026-04-13 00:00:00;2026-04-27 00:00:00;28;45;-17;3;16;2;14;91;35
3000001769;10;;Liberado;2026-01-26 00:00:00;2026-01-26 00:00:00;447;1;APROBADO;2026-02-14 00:00:00;JALVAP;2026-02-19 00:00:00;WYOMONA;2026-02-19 00:00:00;;;852;1;APROBADO;2026-03-31 00:00:00;WYOMONA;2026-03-31 00:00:00;;;20445526127;SERVICIOS INDUSTRIALES HALAVISI S.A;FL18;YA02;40014617;;;;10;7000001041;20;;2026-03-19 00:00:00;LOSORIO;Liberado;2026-03-19 00:00:00;2026-03-20 00:00:00;WILHELM YOMONA;G12;RENZO CÁCERES;14;Emergencia III (Veda);;5608;GRONCAL;2026-04-06 00:00:00;2026-02-19 00:00:00;2026-02-19 00:00:00;5105607448;2026;01-E001-00001959;20260407;20260410;3100013909;1000018786;20260506;2026-02-19 00:00:00;2026-04-07 00:00:00;2026-05-06 00:00:00;24;40;-12;1;17;1;29;100;48
3000001772;10;;Liberado;2026-01-26 00:00:00;2026-01-26 00:00:00;218;1;RECHAZADO;2026-01-28 00:00:00;;;;;AVASQUEZ;2026-02-03 00:00:00;322;1;APROBADO;2026-02-19 00:00:00;JSALINAS;2026-02-19 00:00:00;;;20606799676;IMPORTACIONES & SERVICIOS JAVIER E.;FL23;YA02;40014776;;;;10;7000000458;10;;2026-02-16 00:00:00;LOSORIO;Liberado;2026-02-17 00:00:00;2026-02-18 00:00:00;JUAN CARLOS SALINAS;G12;RENZO CÁCERES;14;Emergencia III (Veda);;2904;INTEGRA_AP;2026-02-19 00:00:00;2026-02-16 00:00:00;2026-02-16 00:00:00;5105604446;2026;01-E001-00001064;20260302;20260313;3100008339;1000014817;20260410;;2026-03-02 00:00:00;2026-04-10 00:00:00;Pendiente;Pendiente;-3;2;1;11;39;74;53
3000001772;10;;Liberado;2026-01-26 00:00:00;2026-01-26 00:00:00;218;2;APROBADO;2026-02-03 00:00:00;AVASQUEZ;2026-02-04 00:00:00;JSALINAS;2026-02-09 00:00:00;;;322;1;APROBADO;2026-02-19 00:00:00;JSALINAS;2026-02-19 00:00:00;;;20606799676;IMPORTACIONES & SERVICIOS JAVIER E.;FL23;YA02;40014776;;;;10;7000000458;10;;2026-02-16 00:00:00;LOSORIO;Liberado;2026-02-17 00:00:00;2026-02-18 00:00:00;JUAN CARLOS SALINAS;G12;RENZO CÁCERES;14;Emergencia III (Veda);;2904;INTEGRA_AP;2026-02-19 00:00:00;2026-02-16 00:00:00;2026-02-16 00:00:00;5105604446;2026;01-E001-00001064;20260302;20260313;3100008339;1000014817;20260410;2026-02-09 00:00:00;2026-03-02 00:00:00;2026-04-10 00:00:00;14;10;-3;2;1;11;39;74;53
3000001780;10;;Liberado;2026-01-26 00:00:00;2026-01-26 00:00:00;460;1;APROBADO;2026-02-16 00:00:00;JALVAP;2026-02-19 00:00:00;JSALINAS;2026-02-19 00:00:00;;;1537;1;APROBADO;2026-04-23 00:00:00;JSALINAS;2026-05-19 00:00:00;;;20602892108;JORLE INDUSTRIAL S.A.C.;FL24;YA02;40014802;;;;10;7000000620;10;;2026-02-24 00:00:00;LOSORIO;Liberado;2026-02-25 00:00:00;2026-02-26 00:00:00;JUAN CARLOS SALINAS;G14;GERALDINE SANCHEZ;14;Emergencia III (Veda);;12722;INTEGRA_AP;2026-05-19 00:00:00;2026-02-17 00:00:00;2026-02-18 00:00:00;5105611414;2026;01-F001-00006865;20260520;20260522;3100022275;1000022181;20260527;2026-02-19 00:00:00;2026-05-20 00:00:00;2026-05-27 00:00:00;24;89;-84;2;82;1;7;121;92
3000001792;10;;Liberado;2026-01-26 00:00:00;2026-01-26 00:00:00;452;1;APROBADO;2026-02-16 00:00:00;JALVAP;2026-02-19 00:00:00;WMELCHOR;2026-02-20 00:00:00;;;458;1;APROBADO;2026-03-05 00:00:00;WMELCHOR;2026-03-09 00:00:00;;;20514598224;ROBINSON MARINE ELECTRONICS S.R.L.;FL21;YA02;40014813;;;;10;7000000691;20;;2026-02-27 00:00:00;LOSORIO;Liberado;2026-02-27 00:00:00;2026-03-01 00:00:00;WILMER NELSON MELCHOR;G10;GIORDANNO ALTAMIRA;14;Emergencia III (Veda);;3919;GRONCAL;2026-03-12 00:00:00;2026-02-17 00:00:00;2026-02-18 00:00:00;5105606433;2026;01-F001-00003207;20260320;20260331;3100011903;1000017097;20260424;2026-02-20 00:00:00;2026-03-20 00:00:00;2026-04-24 00:00:00;25;17;-10;2;11;8;35;88;56
3000001793;10;;Liberado;2026-01-26 00:00:00;2026-01-26 00:00:00;228;1;APROBADO;2026-01-28 00:00:00;WRODRIGUEZS;2026-02-02 00:00:00;WRODRIGUEZS;2026-02-02 00:00:00;;;76;1;APROBADO;2026-01-28 00:00:00;MVELASQUEZ;2026-02-13 00:00:00;;;20164925405;SALVATAJE EL MAR S.R.L.;AG04;YA01;40014817;;;;10;7000000382;20;;2026-02-10 00:00:00;LOSORIO;Liberado;2026-02-11 00:00:00;2026-02-13 00:00:00;MISLER JOSSUE VELASQUEZ;G08;MADELINE FALCÓN;1;Emergencia I (en operación);;2633;INTEGRA_AP;2026-02-13 00:00:00;;;5105603941;2026;01-E001-00001011;20260224;20260309;3100007149;2000010618;20260309;2026-02-02 00:00:00;2026-02-24 00:00:00;2026-03-09 00:00:00;7;11;-3;3;0;11;13;42;27
3000001806;10;;Liberado;2026-01-27 00:00:00;2026-01-27 00:00:00;1080;1;APROBADO;2026-04-01 00:00:00;LSANCHEZB;2026-04-15 00:00:00;JSALINAS;2026-04-17 00:00:00;;;2039;1;APROBADO;2026-05-06 00:00:00;JSALINAS;2026-05-19 00:00:00;;;20604717524;INGENIERIA NAVAL E INDUSTRIAL EN AL;FL24;YA04;50000376;;;;30;7000001724;10;;2026-04-23 00:00:00;LMENDOZAH;Liberado;2026-04-23 00:00:00;2026-04-24 00:00:00;JUAN CARLOS SALINAS;G02;ISAAC ARCE;14;Emergencia III (Veda);;12728;INTEGRA_AP;2026-05-19 00:00:00;2026-04-27 00:00:00;2026-05-08 00:00:00;5105611843;2026;01-F101-00001959;20260525;20260528;3100023244;1000026448;20260625;2026-04-17 00:00:00;2026-05-25 00:00:00;2026-06-25 00:00:00;80;32;-26;1;25;6;31;149;63
3000001817;10;;Liberado;2026-01-27 00:00:00;2026-01-27 00:00:00;952;1;APROBADO;2026-03-23 00:00:00;LSANCHEZB;2026-03-26 00:00:00;WYOMONA;2026-03-27 00:00:00;;;899;1;APROBADO;2026-04-06 00:00:00;WYOMONA;2026-04-11 00:00:00;;;20473495598;MC TRADE S.A.C.;FL18;YA04;50000406;;;;20;7000001287;10;;2026-04-01 00:00:00;RCACERES;Liberado;2026-04-01 00:00:00;2026-04-03 00:00:00;WILHELM YOMONA;G01;JOSÉ BAZÁN;14;Emergencia III (Veda);;6179;INTEGRA_AP;2026-04-11 00:00:00;2026-03-16 00:00:00;2026-03-20 00:00:00;5105608279;2026;01-FA01-00001552;20260414;20260417;3100015574;1000020646;20260515;2026-03-27 00:00:00;2026-04-14 00:00:00;2026-05-15 00:00:00;59;15;-10;2;8;3;31;108;44
3000001821;10;;Liberado;2026-01-27 00:00:00;2026-01-27 00:00:00;588;1;APROBADO;2026-02-28 00:00:00;MORTIZ;2026-03-13 00:00:00;WMELCHOR;2026-03-15 00:00:00;;;2137;1;APROBADO;2026-05-08 00:00:00;M-wmelchor;2026-05-11 00:00:00;;;20462107944;MOVIC SERVICE E.I.R.L.;FL22;YA04;50000440;;;;20;7000001157;10;;2026-03-26 00:00:00;LOSORIO;Liberado;2026-03-26 00:00:00;2026-03-26 00:00:00;WILMER NELSON MELCHOR;G07;FLAVIA DELGADO;14;Emergencia III (Veda);;12146;INTEGRA_AP;2026-05-11 00:00:00;2026-05-07 00:00:00;2026-05-07 00:00:00;5105612350;2026;01-E001-00000384;20260601;20260601;3100023917;1000023709;20260605;2026-03-15 00:00:00;2026-06-01 00:00:00;2026-06-05 00:00:00;47;57;-46;0;46;21;4;129;71
3000001833;10;;Liberado;2026-01-27 00:00:00;2026-01-27 00:00:00;1496;1;RECHAZADO;2026-04-24 00:00:00;;;;;JCUSTODIO;2026-04-28 00:00:00;2467;1;APROBADO;2026-05-20 00:00:00;CVELASQUEZ;2026-05-21 00:00:00;;;20519422566;REPARACIONES NAVALES WILMAR & JIMMY;FL14;YA02;40014513;;;;40;7000002257;20;;2026-05-19 00:00:00;LMENDOZAH;Liberado;2026-05-20 00:00:00;2026-05-20 00:00:00;CESAR AUGUSTO VELASQUEZ;G02;ISAAC ARCE;14;Emergencia III (Veda);;12961;INTEGRA_AP;2026-05-21 00:00:00;2026-04-22 00:00:00;2026-04-27 00:00:00;5105611678;2026;01-E001-00000524;20260527;20260527;3100022890;1000022279;20260528;;2026-05-27 00:00:00;2026-05-28 00:00:00;Pendiente;Pendiente;-2;1;1;6;1;121;9
3000001833;10;;Liberado;2026-01-27 00:00:00;2026-01-27 00:00:00;1496;2;APROBADO;2026-05-06 00:00:00;JCUSTODIO;2026-05-07 00:00:00;CVELASQUEZ;2026-05-15 00:00:00;;;2467;1;APROBADO;2026-05-20 00:00:00;CVELASQUEZ;2026-05-21 00:00:00;;;20519422566;REPARACIONES NAVALES WILMAR & JIMMY;FL14;YA02;40014513;;;;40;7000002257;20;;2026-05-19 00:00:00;LMENDOZAH;Liberado;2026-05-20 00:00:00;2026-05-20 00:00:00;CESAR AUGUSTO VELASQUEZ;G02;ISAAC ARCE;14;Emergencia III (Veda);;12961;INTEGRA_AP;2026-05-21 00:00:00;2026-04-22 00:00:00;2026-04-27 00:00:00;5105611678;2026;01-E001-00000524;20260527;20260527;3100022890;1000022279;20260528;2026-05-15 00:00:00;2026-05-27 00:00:00;2026-05-28 00:00:00;108;6;-2;1;1;6;1;121;9
3000001837;10;;Liberado;2026-01-27 00:00:00;2026-01-27 00:00:00;1326;1;RECHAZADO;2026-04-14 00:00:00;;;;;AVASQUEZ;2026-04-15 00:00:00;2499;1;APROBADO;2026-05-21 00:00:00;M-wmelchor;2026-05-21 00:00:00;;;20551745989;J.O. ALEXIN E.I.R.L.;FL22;YA02;40014905;;;;10;7000002114;80;;2026-05-12 00:00:00;LOSORIO;Liberado;2026-05-13 00:00:00;2026-05-15 00:00:00;WILMER NELSON MELCHOR;G02;ISAAC ARCE;14;Emergencia III (Veda);;12981;INTEGRA_AP;2026-05-21 00:00:00;2026-05-21 00:00:00;2026-05-21 00:00:00;5105612359;2026;01-E001-00001157;20260601;20260601;3100023927;1000023665;20260607;;2026-06-01 00:00:00;2026-06-07 00:00:00;Pendiente;Pendiente;-9;3;6;11;6;131;26
3000001837;10;;Liberado;2026-01-27 00:00:00;2026-01-27 00:00:00;1326;2;RECHAZADO;2026-04-16 00:00:00;AVASQUEZ;2026-04-16 00:00:00;;;WMELCHOR;2026-04-16 00:00:00;2499;1;APROBADO;2026-05-21 00:00:00;M-wmelchor;2026-05-21 00:00:00;;;20551745989;J.O. ALEXIN E.I.R.L.;FL22;YA02;40014905;;;;10;7000002114;80;;2026-05-12 00:00:00;LOSORIO;Liberado;2026-05-13 00:00:00;2026-05-15 00:00:00;WILMER NELSON MELCHOR;G02;ISAAC ARCE;14;Emergencia III (Veda);;12981;INTEGRA_AP;2026-05-21 00:00:00;2026-05-21 00:00:00;2026-05-21 00:00:00;5105612359;2026;01-E001-00001157;20260601;20260601;3100023927;1000023665;20260607;2026-04-16 00:00:00;2026-06-01 00:00:00;2026-06-07 00:00:00;79;35;-9;3;6;11;6;131;26
3000001837;10;;Liberado;2026-01-27 00:00:00;2026-01-27 00:00:00;1326;3;APROBADO;2026-04-16 00:00:00;M-avasquez;2026-04-30 00:00:00;M-wmelchor;2026-04-30 00:00:00;;;2499;1;APROBADO;2026-05-21 00:00:00;M-wmelchor;2026-05-21 00:00:00;;;20551745989;J.O. ALEXIN E.I.R.L.;FL22;YA02;40014905;;;;10;7000002114;80;;2026-05-12 00:00:00;LOSORIO;Liberado;2026-05-13 00:00:00;2026-05-15 00:00:00;WILMER NELSON MELCHOR;G02;ISAAC ARCE;14;Emergencia III (Veda);;12981;INTEGRA_AP;2026-05-21 00:00:00;2026-05-21 00:00:00;2026-05-21 00:00:00;5105612359;2026;01-E001-00001157;20260601;20260601;3100023927;1000023665;20260607;2026-04-30 00:00:00;2026-06-01 00:00:00;2026-06-07 00:00:00;93;21;-9;3;6;11;6;131;26
3000001852;10;;Liberado;2026-01-28 00:00:00;2026-01-28 00:00:00;976;1;APROBADO;2026-03-25 00:00:00;AALMEYDA;2026-03-26 00:00:00;AALMEYDA;2026-03-26 00:00:00;;;822;1;APROBADO;2026-03-28 00:00:00;JGONZALESD;2026-03-28 00:00:00;;;20541755234;FACTORIA ALVARADO S.A.C.;AG04;YA01;40014948;;;;10;7000001191;10;;2026-03-27 00:00:00;LOSORIO;Liberado;2026-03-27 00:00:00;2026-03-27 00:00:00;KLEBER GUSTAVO SILVA;G10;GIORDANNO ALTAMIRA;1;Emergencia I (en operación);;5144;INTEGRA_AP;2026-03-29 00:00:00;;;5105607113;2026;01-E001-00001831;20260401;20260407;3100013061;1000014789;20260410;2026-03-26 00:00:00;2026-04-01 00:00:00;2026-04-10 00:00:00;57;2;-1;0;2;3;9;72;14
3000001853;10;;Liberado;2026-01-28 00:00:00;2026-01-28 00:00:00;845;1;APROBADO;2026-03-13 00:00:00;AALMEYDA;2026-03-18 00:00:00;AALMEYDA;2026-03-18 00:00:00;;;547;1;APROBADO;2026-03-11 00:00:00;LGARCIA;2026-03-16 00:00:00;;;20609690136;AREZA CONTRATISTAS S.A.C.;AG06;YA04;50000209;;;;10;7000000818;20;;2026-03-06 00:00:00;IARCE;Liberado;2026-03-06 00:00:00;2026-03-09 00:00:00;LUIS OMAR GARCIA;G02;ISAAC ARCE;3;Genéricos;;4241;INTEGRA_AP;2026-03-16 00:00:00;;;5105606231;2026;01-E001-00000182;20260317;20260330;3100011584;1000014865;20260410;2026-03-18 00:00:00;2026-03-17 00:00:00;2026-04-10 00:00:00;49;-2;-10;3;7;1;24;72;35
3000001861;10;;Liberado;2026-01-28 00:00:00;2026-01-28 00:00:00;650;1;APROBADO;2026-03-03 00:00:00;RBLONDET;2026-03-03 00:00:00;RBLONDET;2026-03-03 00:00:00;;;1383;1;APROBADO;2026-04-20 00:00:00;JLIZARBE;2026-04-20 00:00:00;;;20533060472;SOLDESP MARINE E.I.R.L.;AG08;YA03;40014800;;;;30;7000001389;30;;2026-04-08 00:00:00;LOSORIO;Liberado;2026-04-08 00:00:00;2026-04-10 00:00:00;JESUS ANGEL LIZARBE;G02;ISAAC ARCE;1;Emergencia I (en operación);;6890;INTEGRA_AP;2026-04-20 00:00:00;;;5105610680;2026;01-E001-00001410;20260505;20260513;3100019968;1000020255;20260517;2026-03-03 00:00:00;2026-05-05 00:00:00;2026-05-17 00:00:00;34;48;-12;2;10;15;12;109;39
3000001862;10;;Liberado;2026-01-28 00:00:00;2026-01-28 00:00:00;510;1;APROBADO;2026-02-19 00:00:00;JKONGSAN;2026-03-03 00:00:00;JKONGSAN;2026-03-03 00:00:00;;;762;1;APROBADO;2026-03-26 00:00:00;KAGUILAR;2026-03-26 00:00:00;;;10425629935;JESUS MARTIN MATIAS GUTIERREZ;AG07;YA01;40011260;;;;10;7000001120;10;;2026-03-25 00:00:00;LOSORIO;Liberado;2026-03-25 00:00:00;2026-03-26 00:00:00;;G10;GIORDANNO ALTAMIRA;1;Emergencia I (en operación);;4966;INTEGRA_AP;2026-03-26 00:00:00;;;#N/A;#N/A;#N/A;#N/A;#N/A;#N/A;#N/A;#N/A;2026-03-03 00:00:00;;;34;23;-1;1;0;Pendiente;Pendiente;Pendiente;Pendiente
3000001863;10;;Liberado;2026-01-28 00:00:00;2026-01-28 00:00:00;459;1;APROBADO;2026-02-16 00:00:00;JKONGSAN;2026-02-17 00:00:00;JKONGSAN;2026-02-17 00:00:00;;;430;1;RECHAZADO;2026-03-04 00:00:00;;;JCAVERO;46086;20600325281;SERVICIOS MULTIPLES JOOB S.R.L.;AG07;YA01;40011313;;;;10;7000000706;10;;2026-03-02 00:00:00;IARCE;Liberado;2026-03-02 00:00:00;2026-03-02 00:00:00;;G02;ISAAC ARCE;1;Emergencia I (en operación);;3763;INTEGRA_AP;2026-03-10 00:00:00;;;5105604866;2026;01-E001-00002717;20260311;20260317;3100009147;1000011450;20260322;2026-02-17 00:00:00;2026-03-11 00:00:00;2026-03-22 00:00:00;20;Pendiente;Pendiente;0;8;1;11;53;20
3000001865;10;;Liberado;2026-01-28 00:00:00;2026-01-28 00:00:00;463;1;APROBADO;2026-02-17 00:00:00;JKONGSAN;2026-02-17 00:00:00;JKONGSAN;2026-02-17 00:00:00;;;332;1;RECHAZADO;2026-02-19 00:00:00;;;KAGUILAR;46105;20515173855;SOLUCIONES TECNICAS ROAL S.A.C.;AG07;YA01;40011318;;;;10;7000000907;10;;2026-03-12 00:00:00;LOSORIO;Liberado;2026-03-20 00:00:00;2026-03-23 00:00:00;;G12;RENZO CÁCERES;1;Emergencia I (en operación);;4797;INTEGRA_AP;2026-03-25 00:00:00;;;5105607911;2026;01-E001-00000868;20260412;20260414;3100014634;1000015807;20260419;2026-02-17 00:00:00;2026-04-12 00:00:00;2026-04-19 00:00:00;20;Pendiente;Pendiente;11;2;18;7;81;38
3000001868;10;;Liberado;2026-01-28 00:00:00;2026-01-28 00:00:00;1020;1;APROBADO;2026-03-26 00:00:00;RBLONDET;2026-03-26 00:00:00;RBLONDET;2026-03-26 00:00:00;;;1144;1;APROBADO;2026-04-15 00:00:00;JLIZARBE;2026-04-15 00:00:00;;;20602847790;CONSERMEC E.I.R.L.;AG08;YA04;50000000;;;;50;7000001420;10;;2026-04-09 00:00:00;MFALCON;Liberado;2026-04-14 00:00:00;2026-04-15 00:00:00;;G02;ISAAC ARCE;1;Emergencia I (en operación);;6436;INTEGRA_AP;2026-04-15 00:00:00;;;5105609986;2026;01-E001-00000534;20260504;20260505;3100018764;1000023770;20260605;2026-03-26 00:00:00;2026-05-04 00:00:00;2026-06-05 00:00:00;57;20;-6;6;0;19;32;128;57
3000001870;10;;Liberado;2026-01-28 00:00:00;2026-01-28 00:00:00;909;1;APROBADO;2026-03-18 00:00:00;RBLONDET;2026-03-18 00:00:00;RBLONDET;2026-03-18 00:00:00;;;1383;1;APROBADO;2026-04-20 00:00:00;JLIZARBE;2026-04-20 00:00:00;;;20533060472;SOLDESP MARINE E.I.R.L.;AG08;YA04;50000000;;;;90;7000001389;40;;2026-04-08 00:00:00;LOSORIO;Liberado;2026-04-08 00:00:00;2026-04-10 00:00:00;;G02;ISAAC ARCE;1;Emergencia I (en operación);;6890;INTEGRA_AP;2026-04-20 00:00:00;;;5105610680;2026;01-E001-00001410;20260505;20260513;3100019968;1000020255;20260517;2026-03-18 00:00:00;2026-05-05 00:00:00;2026-05-17 00:00:00;49;33;-12;2;10;15;12;109;39
3000001872;10;;Liberado;2026-01-28 00:00:00;2026-01-28 00:00:00;690;1;APROBADO;2026-03-05 00:00:00;RBLONDET;2026-03-05 00:00:00;RBLONDET;2026-03-05 00:00:00;;;707;1;APROBADO;2026-03-23 00:00:00;JLIZARBE;2026-03-23 00:00:00;;;20602847790;CONSERMEC E.I.R.L.;AG08;YA04;50000003;;;;230;7000001031;10;;2026-03-19 00:00:00;IARCE;Liberado;2026-03-19 00:00:00;2026-03-23 00:00:00;;G02;ISAAC ARCE;1;Emergencia I (en operación);;4733;INTEGRA_AP;2026-03-24 00:00:00;;;5105605664;2026;01-E001-00000518;20260325;20260325;3100010719;1000014814;20260410;2026-03-05 00:00:00;2026-03-25 00:00:00;2026-04-10 00:00:00;36;18;-4;4;1;1;16;72;22
3000001873;10;;Liberado;2026-01-28 00:00:00;2026-01-28 00:00:00;691;1;APROBADO;2026-03-05 00:00:00;RBLONDET;2026-03-05 00:00:00;RBLONDET;2026-03-05 00:00:00;;;707;1;APROBADO;2026-03-23 00:00:00;JLIZARBE;2026-03-23 00:00:00;;;20602847790;CONSERMEC E.I.R.L.;AG08;YA04;50000003;;;;240;7000001031;20;;2026-03-19 00:00:00;IARCE;Liberado;2026-03-19 00:00:00;2026-03-23 00:00:00;;G02;ISAAC ARCE;1;Emergencia I (en operación);;4733;INTEGRA_AP;2026-03-24 00:00:00;;;5105605664;2026;01-E001-00000518;20260325;20260325;3100010719;1000014814;20260410;2026-03-05 00:00:00;2026-03-25 00:00:00;2026-04-10 00:00:00;36;18;-4;4;1;1;16;72;22
3000001887;10;;Liberado;2026-01-28 00:00:00;2026-01-28 00:00:00;244;1;APROBADO;2026-01-29 00:00:00;RBLONDET;2026-01-30 00:00:00;RBLONDET;2026-01-30 00:00:00;;;116;1;APROBADO;2026-02-01 00:00:00;MASTRE;2026-03-04 00:00:00;;;20607185779;BALANCEO DINAMICO INDUSTRIAL ILO SR;AG08;YA02;40011276;;;;10;7000000468;10;;2026-02-17 00:00:00;ABAMONDE;Liberado;2026-02-18 00:00:00;2026-02-19 00:00:00;JESUS ANGEL LIZARBE;G02;ISAAC ARCE;1;Emergencia I (en operación);;3090;INTEGRA_AP;2026-02-24 00:00:00;;;5105605303;2026;01-E001-00000119;20260309;20260320;3100009870;1000014688;20260410;2026-01-30 00:00:00;2026-03-09 00:00:00;2026-04-10 00:00:00;2;33;-15;2;5;13;32;72;52
3000001888;10;;Liberado;2026-01-28 00:00:00;2026-01-28 00:00:00;247;1;APROBADO;2026-01-29 00:00:00;RBLONDET;2026-01-30 00:00:00;RBLONDET;2026-01-30 00:00:00;;;116;1;APROBADO;2026-02-01 00:00:00;MASTRE;2026-03-04 00:00:00;;;20607185779;BALANCEO DINAMICO INDUSTRIAL ILO SR;AG08;YA02;40011277;;;;10;7000000468;20;;2026-02-17 00:00:00;ABAMONDE;Liberado;2026-02-18 00:00:00;2026-02-19 00:00:00;JESUS ANGEL LIZARBE;G02;ISAAC ARCE;1;Emergencia I (en operación);;3090;INTEGRA_AP;2026-02-24 00:00:00;;;5105605303;2026;01-E001-00000119;20260309;20260320;3100009870;1000014688;20260410;2026-01-30 00:00:00;2026-03-09 00:00:00;2026-04-10 00:00:00;2;33;-15;2;5;13;32;72;52
3000001890;10;;Liberado;2026-01-28 00:00:00;2026-01-28 00:00:00;242;1;APROBADO;2026-01-29 00:00:00;RBLONDET;2026-01-30 00:00:00;RBLONDET;2026-01-30 00:00:00;;;116;1;APROBADO;2026-02-01 00:00:00;MASTRE;2026-03-04 00:00:00;;;20607185779;BALANCEO DINAMICO INDUSTRIAL ILO SR;AG08;YA02;40011279;;;;10;7000000468;40;;2026-02-17 00:00:00;ABAMONDE;Liberado;2026-02-18 00:00:00;2026-02-19 00:00:00;JESUS ANGEL LIZARBE;G02;ISAAC ARCE;1;Emergencia I (en operación);;3090;INTEGRA_AP;2026-02-24 00:00:00;;;5105605303;2026;01-E001-00000119;20260309;20260320;3100009870;1000014688;20260410;2026-01-30 00:00:00;2026-03-09 00:00:00;2026-04-10 00:00:00;2;33;-15;2;5;13;32;72;52
3000001891;10;;Liberado;2026-01-28 00:00:00;2026-01-28 00:00:00;506;1;APROBADO;2026-02-19 00:00:00;LSANCHEZB;2026-02-20 00:00:00;JSALINAS;2026-02-26 00:00:00;;;1037;1;APROBADO;2026-04-10 00:00:00;JSALINAS;2026-04-13 00:00:00;;;20457230118;REFRINS SERVICE S.R.L.;FL11;YA02;40013232;;;;10;7000000816;10;;2026-03-06 00:00:00;LOSORIO;Liberado;2026-03-09 00:00:00;2026-03-09 00:00:00;JUAN CARLOS SALINAS;G01;JOSÉ BAZÁN;14;Emergencia III (Veda);;6243;INTEGRA_AP;2026-04-13 00:00:00;2026-03-10 00:00:00;2026-03-12 00:00:00;5105609355;2026;01-E001-00001629;20260429;20260430;3100017968;1000019064;20260507;2026-02-26 00:00:00;2026-04-29 00:00:00;2026-05-07 00:00:00;29;46;-38;3;35;16;8;99;62
3000001898;10;;Liberado;2026-01-29 00:00:00;2026-01-29 00:00:00;632;1;APROBADO;2026-03-02 00:00:00;MORTIZ;2026-03-14 00:00:00;WYOMONA;2026-03-23 00:00:00;;;898;1;APROBADO;2026-04-06 00:00:00;WYOMONA;2026-04-06 00:00:00;;;20541732960;SERVICIOS NAVALES PAREDES E.I.R.L.;FL18;YA02;40013080;;;;10;7000001260;30;;2026-03-31 00:00:00;LOSORIO;Liberado;2026-04-01 00:00:00;2026-04-02 00:00:00;WILHELM YOMONA;G02;ISAAC ARCE;14;Emergencia III (Veda);;5696;GRONCAL;2026-04-06 00:00:00;2026-03-16 00:00:00;2026-03-20 00:00:00;5105608130;2026;01-E001-00000642;20260414;20260417;3100015354;1000019230;20260510;2026-03-23 00:00:00;2026-04-14 00:00:00;2026-05-10 00:00:00;53;14;-6;2;4;8;26;101;40
3000001900;10;;Liberado;2026-01-29 00:00:00;2026-01-29 00:00:00;1068;1;APROBADO;2026-03-31 00:00:00;LSANCHEZB;2026-04-01 00:00:00;CVELASQUEZ;2026-05-15 00:00:00;;;2675;1;APROBADO;2026-05-28 00:00:00;WFELIPE;2026-06-04 00:00:00;;;20457230118;REFRINS SERVICE S.R.L.;FL17;YA02;40014964;;;;10;7000002284;10;;2026-05-20 00:00:00;LMENDOZAH;Liberado;2026-05-21 00:00:00;2026-05-21 00:00:00;CARLOS BERARDO DE LA CRUZ;G01;JOSÉ BAZÁN;14;Emergencia III (Veda);;13480;INTEGRA_AP;2026-06-04 00:00:00;2026-05-22 00:00:00;2026-05-24 00:00:00;5105612884;2026;01-E001-00001669;20260609;20260609;3100025215;1000026063;20260619;2026-05-15 00:00:00;2026-06-09 00:00:00;2026-06-19 00:00:00;106;20;-15;1;14;5;10;141;30
3000001902;10;;Liberado;2026-01-29 00:00:00;2026-01-29 00:00:00;1062;1;APROBADO;2026-03-31 00:00:00;JALVAP;2026-03-31 00:00:00;WYOMONA;2026-04-04 00:00:00;;;3577;1;ENVIADO;2026-08-22 00:00:00;;;;;20457230118;REFRINS SERVICE S.R.L.;FL10;YA02;40013194;;;;10;7000001441;30;;2026-04-10 00:00:00;LOSORIO;Liberado;2026-04-10 00:00:00;2026-04-15 00:00:00;WILHELM YOMONA;G10;GIORDANNO ALTAMIRA;14;Emergencia III (Veda);;#N/A;#N/A;#N/A;2026-04-23 00:00:00;2026-04-24 00:00:00;#N/A;#N/A;#N/A;#N/A;#N/A;#N/A;#N/A;#N/A;2026-04-04 00:00:00;;;65;Pendiente;Pendiente;5;Pendiente;Pendiente;Pendiente;Pendiente;Pendiente
3000001903;10;;Liberado;2026-01-29 00:00:00;2026-01-29 00:00:00;970;1;RECHAZADO;2026-03-24 00:00:00;;;;;JCUSTODIO;2026-03-30 00:00:00;1762;1;APROBADO;2026-04-27 00:00:00;WYOMONA;2026-04-28 00:00:00;;;20601713404;INVERSIONES BAQUERIZO S.A.C.;FL22;YA02;40013412;;;;10;7000001675;20;;2026-04-22 00:00:00;LOSORIO;Liberado;2026-04-23 00:00:00;2026-04-24 00:00:00;WILMER NELSON MELCHOR;G12;RENZO CÁCERES;14;Emergencia III (Veda);;10859;INTEGRA_AP;2026-04-28 00:00:00;2026-02-16 00:00:00;2026-02-18 00:00:00;5105609976;2026;01-E001-00001008;20260502;20260505;3100018751;1000019118;20260510;;2026-05-02 00:00:00;2026-05-10 00:00:00;Pendiente;Pendiente;-6;2;4;4;8;101;18
3000001903;10;;Liberado;2026-01-29 00:00:00;2026-01-29 00:00:00;970;2;APROBADO;2026-04-13 00:00:00;JCUSTODIO;2026-04-14 00:00:00;WMELCHOR;2026-04-16 00:00:00;;;1762;1;APROBADO;2026-04-27 00:00:00;WYOMONA;2026-04-28 00:00:00;;;20601713404;INVERSIONES BAQUERIZO S.A.C.;FL22;YA02;40013412;;;;10;7000001675;20;;2026-04-22 00:00:00;LOSORIO;Liberado;2026-04-23 00:00:00;2026-04-24 00:00:00;WILMER NELSON MELCHOR;G12;RENZO CÁCERES;14;Emergencia III (Veda);;10859;INTEGRA_AP;2026-04-28 00:00:00;2026-02-16 00:00:00;2026-02-18 00:00:00;5105609976;2026;01-E001-00001008;20260502;20260505;3100018751;1000019118;20260510;2026-04-16 00:00:00;2026-05-02 00:00:00;2026-05-10 00:00:00;77;12;-6;2;4;4;8;101;18
3000001904;10;;Liberado;2026-01-29 00:00:00;2026-01-29 00:00:00;1260;1;APROBADO;2026-04-13 00:00:00;JCUSTODIO;2026-04-14 00:00:00;WMELCHOR;2026-04-16 00:00:00;;;1762;1;APROBADO;2026-04-27 00:00:00;WYOMONA;2026-04-28 00:00:00;;;20601713404;INVERSIONES BAQUERIZO S.A.C.;FL22;YA02;40013415;;;;20;7000001675;30;;2026-04-22 00:00:00;LOSORIO;Liberado;2026-04-23 00:00:00;2026-04-24 00:00:00;WILMER NELSON MELCHOR;G12;RENZO CÁCERES;14;Emergencia III (Veda);;10859;INTEGRA_AP;2026-04-28 00:00:00;2026-04-14 00:00:00;2026-04-14 00:00:00;5105609976;2026;01-E001-00001008;20260502;20260505;3100018751;1000019118;20260510;2026-04-16 00:00:00;2026-05-02 00:00:00;2026-05-10 00:00:00;77;12;-6;2;4;4;8;101;18
3000001909;10;;Liberado;2026-01-29 00:00:00;2026-01-29 00:00:00;1133;1;APROBADO;2026-04-06 00:00:00;JCUSTODIO;2026-04-14 00:00:00;WYOMONA;2026-04-16 00:00:00;;;1680;1;APROBADO;2026-04-25 00:00:00;WFELIPE;2026-04-27 00:00:00;;;20501749304;CODE SERVICIOS GENERALES SOC DE R.L;FL10;YA02;40013741;;;;40;7000001665;10;;2026-04-22 00:00:00;LMENDOZAH;Liberado;2026-04-22 00:00:00;2026-04-24 00:00:00;WILHELM YOMONA;G08;MADELINE FALCÓN;14;Emergencia III (Veda);;10804;INTEGRA_AP;2026-04-28 00:00:00;2026-04-12 00:00:00;2026-04-13 00:00:00;5105610887;2026;01-F001-00000749;20260505;20260515;3100020389;1000021602;20260522;2026-04-16 00:00:00;2026-05-05 00:00:00;2026-05-22 00:00:00;77;11;-5;2;4;7;17;113;30
3000001921;10;;Liberado;2026-01-29 00:00:00;2026-01-29 00:00:00;1346;1;APROBADO;2026-04-15 00:00:00;JCUSTODIO;2026-04-22 00:00:00;WFELIPE;2026-04-27 00:00:00;;;2035;1;APROBADO;2026-05-06 00:00:00;WMELCHOR;2026-05-08 00:00:00;;;20601469635;SERJES CORPORATION S.A.C.;FL07;YA02;40014593;;;;40;7000001896;30;;2026-04-30 00:00:00;LOSORIO;Liberado;2026-05-01 00:00:00;2026-05-05 00:00:00;WALTER SULLIVAN FELIPE;G12;RENZO CÁCERES;14;Emergencia III (Veda);;11938;INTEGRA_AP;2026-05-07 00:00:00;2026-04-30 00:00:00;2026-05-05 00:00:00;5105610952;2026;01-E001-00000466;20260514;20260515;3100020453;1000023009;20260601;2026-04-27 00:00:00;2026-05-14 00:00:00;2026-06-01 00:00:00;88;11;-8;5;2;7;18;123;32
3000001928;10;;Liberado;2026-01-29 00:00:00;2026-01-29 00:00:00;1911;1;APROBADO;2026-05-29 00:00:00;JCUSTODIO;2026-05-29 00:00:00;CDELACRUZ;2026-06-03 00:00:00;;;2941;1;APROBADO;2026-06-12 00:00:00;JSALINAS;2026-06-17 00:00:00;;;10106223659;HECTOR ULISES GARCIA AGURTO;FL11;YA02;40014503;;;;70;7000002549;20;;2026-06-08 00:00:00;LMENDOZAH;Liberado;2026-06-09 00:00:00;2026-06-09 00:00:00;JUAN CARLOS SALINAS;G12;RENZO CÁCERES;14;Emergencia III (Veda);;14205;INTEGRA_AP;2026-06-17 00:00:00;2026-05-27 00:00:00;2026-05-29 00:00:00;5105614539;2026;01-E001-00000878;20260708;20260709;3100029878;1000031700;20260807;2026-06-03 00:00:00;2026-07-08 00:00:00;2026-08-07 00:00:00;125;14;-9;1;8;21;30;190;60
3000001929;10;;Liberado;2026-01-29 00:00:00;2026-01-29 00:00:00;1090;1;APROBADO;2026-04-01 00:00:00;JCUSTODIO;2026-04-14 00:00:00;JSALINAS;2026-04-14 00:00:00;;;1416;1;APROBADO;2026-04-21 00:00:00;JSALINAS;2026-05-19 00:00:00;;;20282601487;TALLER MECANICA ELECTRODO E.I.R.L.;FL11;YA02;40014503;;;;60;7000001613;20;;2026-04-17 00:00:00;LOSORIO;Liberado;2026-04-17 00:00:00;2026-04-17 00:00:00;JUAN CARLOS SALINAS;G12;RENZO CÁCERES;14;Emergencia III (Veda);;7941;INTEGRA_AP;2026-04-22 00:00:00;2026-04-01 00:00:00;2026-04-07 00:00:00;5105609472;2026;01-E001-00000963;20260423;20260430;3100018085;1000019251;20260508;2026-04-14 00:00:00;2026-04-23 00:00:00;2026-05-08 00:00:00;75;35;-32;0;5;1;15;99;21
3000001967;10;;Liberado;2026-01-30 00:00:00;2026-01-30 00:00:00;774;1;APROBADO;2026-03-10 00:00:00;JALVAP;2026-03-14 00:00:00;WMELCHOR;2026-03-23 00:00:00;;;909;1;APROBADO;2026-04-06 00:00:00;WMELCHOR;2026-04-09 00:00:00;;;20110154098;SERVICIOS ELECTROM.-INDUSTRIALES S.;FL22;YA02;40014258;;;;10;7000001259;40;;2026-03-31 00:00:00;LOSORIO;Liberado;2026-03-31 00:00:00;2026-04-02 00:00:00;WILMER NELSON MELCHOR;G01;JOSÉ BAZÁN;14;Emergencia III (Veda);;6064;GRONCAL;2026-04-11 00:00:00;2026-03-11 00:00:00;2026-03-13 00:00:00;5105608074;2026;01-E001-00000632;20260413;20260416;3100015083;1000017090;20260424;2026-03-23 00:00:00;2026-04-13 00:00:00;2026-04-24 00:00:00;52;17;-9;2;9;2;11;84;24
3000001968;10;;Liberado;2026-01-30 00:00:00;2026-01-30 00:00:00;545;1;APROBADO;2026-02-24 00:00:00;JALVAP;2026-03-04 00:00:00;WMELCHOR;2026-03-06 00:00:00;;;782;1;APROBADO;2026-03-27 00:00:00;WMELCHOR;2026-03-31 00:00:00;;;20110154098;SERVICIOS ELECTROM.-INDUSTRIALES S.;FL22;YA02;40014259;;;;10;7000001093;10;;2026-03-24 00:00:00;LOSORIO;Liberado;2026-03-26 00:00:00;2026-03-26 00:00:00;WILMER NELSON MELCHOR;G01;JOSÉ BAZÁN;14;Emergencia III (Veda);;5600;GRONCAL;2026-04-06 00:00:00;2026-02-24 00:00:00;2026-02-25 00:00:00;5105607461;2026;01-E001-00000629;20260408;20260410;3100013953;1000015819;20260419;2026-03-06 00:00:00;2026-04-08 00:00:00;2026-04-19 00:00:00;35;25;-7;2;11;2;11;79;26
3000001971;10;;Liberado;2026-01-30 00:00:00;2026-01-30 00:00:00;1972;1;ENVIADO;2026-06-08 00:00:00;;;;;;;2865;1;APROBADO;2026-06-10 00:00:00;WMELCHOR;2026-06-11 00:00:00;;;20514706302;INDUSTRIAL PROCESS SRL -;FL25;YA02;40014564;;;;10;5600002012;10;;2026-02-11 00:00:00;MFALCON;Liberado;2026-07-03 00:00:00;2026-07-03 00:00:00;WILMER NELSON MELCHOR;G08;MADELINE FALCÓN;14;Emergencia III (Veda);;14749;INTEGRA_AP;2026-07-03 00:00:00;;;#N/A;#N/A;#N/A;#N/A;#N/A;#N/A;#N/A;#N/A;;;;Pendiente;Pendiente;-120;142;0;Pendiente;Pendiente;Pendiente;Pendiente
3000001974;10;;Liberado;2026-01-30 00:00:00;2026-01-30 00:00:00;278;1;APROBADO;2026-02-02 00:00:00;RBLONDET;2026-02-02 00:00:00;RBLONDET;2026-02-02 00:00:00;;;584;1;APROBADO;2026-03-12 00:00:00;JLIZARBE;2026-03-12 00:00:00;;;20533194916;SERVICIOS GENERALES WOLF E.I.R.L.;AG08;YA01;40015103;;;;10;7000000673;30;;2026-02-26 00:00:00;LOSORIO;Liberado;2026-02-26 00:00:00;2026-02-27 00:00:00;JESUS ANGEL LIZARBE;G02;ISAAC ARCE;1;Emergencia I (en operación);;3932;INTEGRA_AP;2026-03-12 00:00:00;;;5105605583;2026;01-E001-00000911;20260313;20260324;3100010280;1000012323;20260329;2026-02-02 00:00:00;2026-03-13 00:00:00;2026-03-29 00:00:00;3;38;-14;1;13;1;16;58;31
3000001992;10;;Liberado;2026-01-30 00:00:00;2026-01-30 00:00:00;1112;1;APROBADO;2026-04-04 00:00:00;LSANCHEZB;2026-04-15 00:00:00;CDELACRUZ;2026-04-29 00:00:00;;;2114;1;APROBADO;2026-05-08 00:00:00;CDELACRUZ;2026-05-08 00:00:00;;;20605437894;HYDRAULICA TECNICA MARINA S.A.C.;FL20;YA02;40013259;;;;10;7000001963;10;;2026-05-05 00:00:00;LOSORIO;Liberado;2026-05-05 00:00:00;2026-05-07 00:00:00;CARLOS BERARDO DE LA CRUZ;G05;YURI DÍAZ;14;Emergencia III (Veda);;12059;INTEGRA_AP;2026-05-08 00:00:00;2026-04-12 00:00:00;2026-04-15 00:00:00;5105610859;2026;01-E001-00001611;20260511;20260514;3100020317;1000022540;20260529;2026-04-29 00:00:00;2026-05-11 00:00:00;2026-05-29 00:00:00;89;9;-3;2;1;3;18;119;24
3000001997;10;;Liberado;2026-01-30 00:00:00;2026-01-30 00:00:00;1377;1;APROBADO;2026-04-16 00:00:00;MORTIZ;2026-05-07 00:00:00;WMELCHOR;2026-05-13 00:00:00;;;2575;1;APROBADO;2026-05-25 00:00:00;WMELCHOR;2026-05-26 00:00:00;;;20601469635;SERJES CORPORATION S.A.C.;FL25;YA02;40015124;;;;20;7000002223;80;;2026-05-18 00:00:00;LOSORIO;Liberado;2026-05-18 00:00:00;2026-05-19 00:00:00;WILMER NELSON MELCHOR;G12;RENZO CÁCERES;14;Emergencia III (Veda);;13183;INTEGRA_AP;2026-05-26 00:00:00;2026-03-16 00:00:00;2026-03-19 00:00:00;5105613024;2026;01-E001-00000476;20260611;20260611;3100025496;1000026079;20260619;2026-05-13 00:00:00;2026-06-11 00:00:00;2026-06-19 00:00:00;103;13;-8;1;7;16;8;140;32
3000002004;10;;Liberado;2026-01-30 00:00:00;2026-01-30 00:00:00;268;1;APROBADO;2026-01-31 00:00:00;RBLONDET;2026-02-02 00:00:00;RBLONDET;2026-02-02 00:00:00;;;116;1;APROBADO;2026-02-01 00:00:00;MASTRE;2026-03-04 00:00:00;;;20607185779;BALANCEO DINAMICO INDUSTRIAL ILO SR;AG08;YA02;40011282;;;;10;7000000468;70;;2026-02-17 00:00:00;ABAMONDE;Liberado;2026-02-18 00:00:00;2026-02-19 00:00:00;JESUS ANGEL LIZARBE;G02;ISAAC ARCE;1;Emergencia I (en operación);;3090;INTEGRA_AP;2026-02-24 00:00:00;;;5105605303;2026;01-E001-00000119;20260309;20260320;3100009870;1000014688;20260410;2026-02-02 00:00:00;2026-03-09 00:00:00;2026-04-10 00:00:00;3;30;-15;2;5;13;32;70;52
3000002005;10;;Liberado;2026-01-30 00:00:00;2026-01-30 00:00:00;269;1;APROBADO;2026-01-31 00:00:00;RBLONDET;2026-02-02 00:00:00;RBLONDET;2026-02-02 00:00:00;;;116;1;APROBADO;2026-02-01 00:00:00;MASTRE;2026-03-04 00:00:00;;;20607185779;BALANCEO DINAMICO INDUSTRIAL ILO SR;AG08;YA02;40011283;;;;10;7000000468;80;;2026-02-17 00:00:00;ABAMONDE;Liberado;2026-02-18 00:00:00;2026-02-19 00:00:00;JESUS ANGEL LIZARBE;G02;ISAAC ARCE;1;Emergencia I (en operación);;3090;INTEGRA_AP;2026-02-24 00:00:00;;;5105605303;2026;01-E001-00000119;20260309;20260320;3100009870;1000014688;20260410;2026-02-02 00:00:00;2026-03-09 00:00:00;2026-04-10 00:00:00;3;30;-15;2;5;13;32;70;52
3000002006;10;;Liberado;2026-01-30 00:00:00;2026-01-30 00:00:00;261;1;APROBADO;2026-01-31 00:00:00;RBLONDET;2026-02-02 00:00:00;RBLONDET;2026-02-02 00:00:00;;;116;1;APROBADO;2026-02-01 00:00:00;MASTRE;2026-03-04 00:00:00;;;20607185779;BALANCEO DINAMICO INDUSTRIAL ILO SR;AG08;YA02;40011284;;;;10;7000000468;90;;2026-02-17 00:00:00;ABAMONDE;Liberado;2026-02-18 00:00:00;2026-02-19 00:00:00;JESUS ANGEL LIZARBE;G02;ISAAC ARCE;1;Emergencia I (en operación);;3090;INTEGRA_AP;2026-02-24 00:00:00;;;5105605303;2026;01-E001-00000119;20260309;20260320;3100009870;1000014688;20260410;2026-02-02 00:00:00;2026-03-09 00:00:00;2026-04-10 00:00:00;3;30;-15;2;5;13;32;70;52
3000002008;10;;Liberado;2026-01-30 00:00:00;2026-01-30 00:00:00;263;1;APROBADO;2026-01-31 00:00:00;RBLONDET;2026-02-02 00:00:00;RBLONDET;2026-02-02 00:00:00;;;116;1;APROBADO;2026-02-01 00:00:00;MASTRE;2026-03-04 00:00:00;;;20607185779;BALANCEO DINAMICO INDUSTRIAL ILO SR;AG08;YA02;40011286;;;;10;7000000468;110;;2026-02-17 00:00:00;ABAMONDE;Liberado;2026-02-18 00:00:00;2026-02-19 00:00:00;JESUS ANGEL LIZARBE;G02;ISAAC ARCE;1;Emergencia I (en operación);;3090;INTEGRA_AP;2026-02-24 00:00:00;;;5105605303;2026;01-E001-00000119;20260309;20260320;3100009870;1000014688;20260410;2026-02-02 00:00:00;2026-03-09 00:00:00;2026-04-10 00:00:00;3;30;-15;2;5;13;32;70;52
3000002009;10;;Liberado;2026-01-30 00:00:00;2026-01-30 00:00:00;264;1;APROBADO;2026-01-31 00:00:00;RBLONDET;2026-02-02 00:00:00;RBLONDET;2026-02-02 00:00:00;;;116;1;APROBADO;2026-02-01 00:00:00;MASTRE;2026-03-04 00:00:00;;;20607185779;BALANCEO DINAMICO INDUSTRIAL ILO SR;AG08;YA02;40011287;;;;10;7000000468;120;;2026-02-17 00:00:00;ABAMONDE;Liberado;2026-02-18 00:00:00;2026-02-19 00:00:00;JESUS ANGEL LIZARBE;G02;ISAAC ARCE;1;Emergencia I (en operación);;3090;INTEGRA_AP;2026-02-24 00:00:00;;;5105605303;2026;01-E001-00000119;20260309;20260320;3100009870;1000014688;20260410;2026-02-02 00:00:00;2026-03-09 00:00:00;2026-04-10 00:00:00;3;30;-15;2;5;13;32;70;52
3000002010;10;;Liberado;2026-01-30 00:00:00;2026-01-30 00:00:00;270;1;APROBADO;2026-01-31 00:00:00;RBLONDET;2026-02-02 00:00:00;RBLONDET;2026-02-02 00:00:00;;;115;1;APROBADO;2026-02-01 00:00:00;JLIZARBE;2026-03-04 00:00:00;;;20607185779;BALANCEO DINAMICO INDUSTRIAL ILO SR;AG08;YA02;40011288;;;;10;7000000487;10;;2026-02-17 00:00:00;ABAMONDE;Liberado;2026-02-18 00:00:00;2026-02-19 00:00:00;JESUS ANGEL LIZARBE;G02;ISAAC ARCE;1;Emergencia I (en operación);;3561;INTEGRA_AP;2026-03-05 00:00:00;;;5105605319;2026;01-E001-00000135;20260309;20260320;3100009889;1000014688;20260410;2026-02-02 00:00:00;2026-03-09 00:00:00;2026-04-10 00:00:00;3;30;-15;2;14;4;32;70;52
3000002013;10;;Liberado;2026-01-31 00:00:00;2026-01-31 00:00:00;272;1;APROBADO;2026-01-31 00:00:00;RBLONDET;2026-02-02 00:00:00;RBLONDET;2026-02-02 00:00:00;;;116;1;APROBADO;2026-02-01 00:00:00;MASTRE;2026-03-04 00:00:00;;;20607185779;BALANCEO DINAMICO INDUSTRIAL ILO SR;AG08;YA02;40015129;;;;10;7000000468;140;;2026-02-17 00:00:00;ABAMONDE;Liberado;2026-02-18 00:00:00;2026-02-19 00:00:00;JESUS ANGEL LIZARBE;G02;ISAAC ARCE;1;Emergencia I (en operación);;3090;INTEGRA_AP;2026-02-24 00:00:00;;;5105605303;2026;01-E001-00000119;20260309;20260320;3100009870;1000014688;20260410;2026-02-02 00:00:00;2026-03-09 00:00:00;2026-04-10 00:00:00;2;30;-15;2;5;13;32;69;52
3000002023;10;;Liberado;2026-01-31 00:00:00;2026-01-31 00:00:00;557;1;APROBADO;2026-02-25 00:00:00;JALVAP;2026-03-04 00:00:00;WYOMONA;2026-03-05 00:00:00;;;852;1;APROBADO;2026-03-31 00:00:00;WYOMONA;2026-03-31 00:00:00;;;20445526127;SERVICIOS INDUSTRIALES HALAVISI S.A;FL18;YA02;40014618;;;;10;7000001041;40;;2026-03-19 00:00:00;LOSORIO;Liberado;2026-03-19 00:00:00;2026-03-20 00:00:00;WILHELM YOMONA;G12;RENZO CÁCERES;14;Emergencia III (Veda);;5608;GRONCAL;2026-04-06 00:00:00;2026-03-02 00:00:00;2026-03-02 00:00:00;5105607448;2026;01-E001-00001959;20260407;20260410;3100013909;1000018786;20260506;2026-03-05 00:00:00;2026-04-07 00:00:00;2026-05-06 00:00:00;33;26;-12;1;17;1;29;95;48
3000002024;10;;Liberado;2026-01-31 00:00:00;2026-01-31 00:00:00;454;1;APROBADO;2026-02-16 00:00:00;JALVAP;2026-02-19 00:00:00;WYOMONA;2026-02-19 00:00:00;;;852;1;APROBADO;2026-03-31 00:00:00;WYOMONA;2026-03-31 00:00:00;;;20445526127;SERVICIOS INDUSTRIALES HALAVISI S.A;FL18;YA02;40014619;;;;10;7000001041;50;;2026-03-19 00:00:00;LOSORIO;Liberado;2026-03-19 00:00:00;2026-03-20 00:00:00;WILHELM YOMONA;G12;RENZO CÁCERES;14;Emergencia III (Veda);;5608;GRONCAL;2026-04-06 00:00:00;2026-02-19 00:00:00;2026-02-19 00:00:00;5105607448;2026;01-E001-00001959;20260407;20260410;3100013909;1000018786;20260506;2026-02-19 00:00:00;2026-04-07 00:00:00;2026-05-06 00:00:00;19;40;-12;1;17;1;29;95;48
3000002029;10;;Liberado;2026-01-31 00:00:00;2026-01-31 00:00:00;613;1;APROBADO;2026-03-02 00:00:00;JALVAP;2026-03-14 00:00:00;WFELIPE;2026-03-24 00:00:00;;;933;1;APROBADO;2026-04-06 00:00:00;WFELIPE;2026-04-10 00:00:00;;;20541720104;DIN GRUPO EMPRESARIAL S.A.C.;FL17;YA02;40014696;;;;10;7000001256;30;;2026-03-31 00:00:00;LOSORIO;Liberado;2026-04-01 00:00:00;2026-04-02 00:00:00;WALTER SULLIVAN FELIPE;G12;RENZO CÁCERES;14;Emergencia III (Veda);;6127;GRONCAL;2026-04-11 00:00:00;2026-03-16 00:00:00;2026-03-20 00:00:00;5105609250;2026;01-F001-00002151;20260424;20260429;3100017853;1000018758;20260506;2026-03-24 00:00:00;2026-04-24 00:00:00;2026-05-06 00:00:00;52;17;-10;2;9;13;12;95;36
3000002031;10;;Liberado;2026-01-31 00:00:00;2026-01-31 00:00:00;615;1;APROBADO;2026-03-02 00:00:00;JALVAP;2026-03-14 00:00:00;WFELIPE;2026-03-24 00:00:00;;;933;1;APROBADO;2026-04-06 00:00:00;WFELIPE;2026-04-10 00:00:00;;;20541720104;DIN GRUPO EMPRESARIAL S.A.C.;FL17;YA02;40014698;;;;10;7000001256;50;;2026-03-31 00:00:00;LOSORIO;Liberado;2026-04-01 00:00:00;2026-04-02 00:00:00;WALTER SULLIVAN FELIPE;G08;MADELINE FALCÓN;14;Emergencia III (Veda);;6127;GRONCAL;2026-04-11 00:00:00;2026-03-28 00:00:00;2026-04-09 00:00:00;5105609250;2026;01-F001-00002151;20260424;20260429;3100017853;1000018758;20260506;2026-03-24 00:00:00;2026-04-24 00:00:00;2026-05-06 00:00:00;52;17;-10;2;9;13;12;95;36
3000002035;10;;Liberado;2026-01-31 00:00:00;2026-01-31 00:00:00;548;1;APROBADO;2026-02-24 00:00:00;JALVAP;2026-03-04 00:00:00;WMELCHOR;2026-03-06 00:00:00;;;718;1;APROBADO;2026-03-24 00:00:00;WMELCHOR;2026-03-26 00:00:00;;;20110154098;SERVICIOS ELECTROM.-INDUSTRIALES S.;FL22;YA02;40015079;;;;10;7000001059;20;;2026-03-20 00:00:00;LOSORIO;Liberado;2026-03-23 00:00:00;2026-03-23 00:00:00;WILMER NELSON MELCHOR;G01;JOSÉ BAZÁN;14;Emergencia III (Veda);;5259;GRONCAL;2026-03-30 00:00:00;2026-02-20 00:00:00;2026-02-23 00:00:00;5105607056;2026;01-E001-00000627;20260401;20260407;3100012966;1000014829;20260410;2026-03-06 00:00:00;2026-04-01 00:00:00;2026-04-10 00:00:00;34;20;-6;3;7;2;9;69;21
3000002040;10;;Liberado;2026-01-31 00:00:00;2026-01-31 00:00:00;1734;1;APROBADO;2026-05-13 00:00:00;JALVAP;2026-05-20 00:00:00;M-wmelchor;2026-05-21 00:00:00;;;2932;1;APROBADO;2026-06-12 00:00:00;WFELIPE;2026-06-15 00:00:00;;;20541720104;DIN GRUPO EMPRESARIAL S.A.C.;FL25;YA02;40015086;;;;10;7000002447;10;;2026-06-02 00:00:00;RCACERES;Liberado;2026-06-03 00:00:00;2026-06-04 00:00:00;WILMER NELSON MELCHOR;G12;RENZO CÁCERES;14;Emergencia III (Veda);;13595;INTEGRA_AP;2026-06-06 00:00:00;2026-05-18 00:00:00;2026-05-18 00:00:00;5105612814;2026;01-F001-00002215;20260608;20260608;3100025084;1000026667;20260628;2026-05-21 00:00:00;2026-06-08 00:00:00;2026-06-28 00:00:00;110;25;-13;2;2;2;20;148;26
3000002052;10;;Liberado;2026-02-01 00:00:00;2026-02-01 00:00:00;699;1;APROBADO;2026-03-05 00:00:00;RBLONDET;2026-03-06 00:00:00;RBLONDET;2026-03-06 00:00:00;;;1692;1;APROBADO;2026-04-25 00:00:00;JLIZARBE;2026-04-27 00:00:00;;;20602847790;CONSERMEC E.I.R.L.;AG08;YA01;40015146;;;;10;7000001671;10;;2026-04-22 00:00:00;LOSORIO;Liberado;2026-04-23 00:00:00;2026-04-24 00:00:00;MARCO ANTONIO ASTRE;G02;ISAAC ARCE;1;Emergencia I (en operación);;10473;INTEGRA_AP;2026-04-27 00:00:00;;;5105609984;2026;01-E001-00000532;20260502;20260505;3100018762;1000021620;20260522;2026-03-06 00:00:00;2026-05-02 00:00:00;2026-05-22 00:00:00;33;52;-5;2;3;5;20;110;30
3000002108;10;;Liberado;2026-02-03 00:00:00;2026-02-03 00:00:00;377;1;APROBADO;2026-02-10 00:00:00;LSANCHEZB;2026-02-20 00:00:00;JSALINAS;2026-02-23 00:00:00;;;503;1;APROBADO;2026-03-09 00:00:00;JSALINAS;2026-03-11 00:00:00;;;20100415543;INGENIERIA DE SISTEMAS DE FLUIDOS S;FL11;YA02;40015180;;;;10;7000000815;10;;2026-03-06 00:00:00;LOSORIO;Liberado;2026-03-06 00:00:00;2026-03-06 00:00:00;JUAN CARLOS SALINAS;G01;JOSÉ BAZÁN;14;Emergencia III (Veda);;3889;GRONCAL;2026-03-12 00:00:00;2026-02-24 00:00:00;2026-02-27 00:00:00;5105604645;2026;01-F001-00001767;20260313;20260316;3100008654;1000010964;20260316;2026-02-23 00:00:00;2026-03-13 00:00:00;2026-03-16 00:00:00;20;16;-5;0;6;1;3;41;10
3000002112;10;;Sin liberar;2026-02-03 00:00:00;2026-02-03 00:00:00;355;1;APROBADO;2026-02-08 00:00:00;RBLONDET;2026-02-19 00:00:00;RBLONDET;2026-02-19 00:00:00;;;103;1;APROBADO;2026-01-30 00:00:00;JLIZARBE;2026-04-07 00:00:00;;;20607185779;BALANCEO DINAMICO INDUSTRIAL ILO SR;AG08;YA02;40015185;;;;30;7000001320;30;;2026-04-05 00:00:00;GSANCHEZ;Liberado;2026-04-05 00:00:00;2026-04-06 00:00:00;JESUS ANGEL LIZARBE;G02;ISAAC ARCE;1;Emergencia I (en operación);;5725;JLIZARBE;2026-04-07 00:00:00;;;5105607434;2026;01-E001-00000139;20260408;20260410;3100013857;1000019117;20260510;2026-02-19 00:00:00;2026-04-08 00:00:00;2026-05-10 00:00:00;16;47;-2;1;1;1;32;96;35
3000002113;10;;Sin liberar;2026-02-03 00:00:00;2026-02-03 00:00:00;356;1;APROBADO;2026-02-08 00:00:00;RBLONDET;2026-02-19 00:00:00;RBLONDET;2026-02-19 00:00:00;;;103;1;APROBADO;2026-01-30 00:00:00;JLIZARBE;2026-04-07 00:00:00;;;20607185779;BALANCEO DINAMICO INDUSTRIAL ILO SR;AG08;YA02;40015185;;;;40;7000001320;40;;2026-04-05 00:00:00;GSANCHEZ;Liberado;2026-04-05 00:00:00;2026-04-06 00:00:00;JESUS ANGEL LIZARBE;G02;ISAAC ARCE;1;Emergencia I (en operación);;5725;JLIZARBE;2026-04-07 00:00:00;;;5105607434;2026;01-E001-00000139;20260408;20260410;3100013857;1000019117;20260510;2026-02-19 00:00:00;2026-04-08 00:00:00;2026-05-10 00:00:00;16;47;-2;1;1;1;32;96;35
3000002115;10;;Sin liberar;2026-02-03 00:00:00;2026-02-03 00:00:00;358;1;APROBADO;2026-02-08 00:00:00;RBLONDET;2026-02-19 00:00:00;RBLONDET;2026-02-19 00:00:00;;;103;1;APROBADO;2026-01-30 00:00:00;JLIZARBE;2026-04-07 00:00:00;;;20607185779;BALANCEO DINAMICO INDUSTRIAL ILO SR;AG08;YA02;40015185;;;;60;7000001320;60;;2026-04-05 00:00:00;GSANCHEZ;Liberado;2026-04-05 00:00:00;2026-04-06 00:00:00;JESUS ANGEL LIZARBE;G02;ISAAC ARCE;1;Emergencia I (en operación);;5725;JLIZARBE;2026-04-07 00:00:00;;;5105607434;2026;01-E001-00000139;20260408;20260410;3100013857;1000019117;20260510;2026-02-19 00:00:00;2026-04-08 00:00:00;2026-05-10 00:00:00;16;47;-2;1;1;1;32;96;35
3000002122;10;;Liberado;2026-02-03 00:00:00;2026-02-03 00:00:00;426;1;APROBADO;2026-02-13 00:00:00;AALMEYDA;2026-02-18 00:00:00;AALMEYDA;2026-02-18 00:00:00;;;335;1;APROBADO;2026-02-20 00:00:00;LGARCIA;2026-02-20 00:00:00;;;20606799676;IMPORTACIONES & SERVICIOS JAVIER E.;AG06;YA02;40011398;;;;70;7000000404;10;;2026-02-11 00:00:00;LOSORIO;Liberado;2026-02-12 00:00:00;2026-02-13 00:00:00;JORGE ARMANDO MOYA;G10;GIORDANNO ALTAMIRA;13;Emergencia II (Adicionales);;2995;INTEGRA_AP;2026-02-20 00:00:00;;;5105604383;2026;01-E001-00001062;20260225;20260312;3100008250;1000012578;20260327;2026-02-18 00:00:00;2026-02-25 00:00:00;2026-03-27 00:00:00;15;2;-9;2;7;5;30;52;44
